solution_id,problem_id,judge,type,detail,duration_s,total_keys,code_at_trigger,submitted_code,keys_10s_before,keys_10s_after,keys_20s_before,keys_20s_after,keys_30s_before,keys_30s_after,label
1170817,2090,NoData,DEBUG,bs_pause_2x,1766.8,377,"vm, %d,& mint MmsM,N[m[n;
forin(niint i=0;i<m;i++{
for(int j=0,;;j,<n,NN,j++{
M[i,j[j=&scanf(""""%d,);
cv-3
if
if(if(mif(
}
fif(m<3&&n<3-3int M[m[nn;N-3if(nN[j==N[j+1[]i[i] && N[i[j+1==N[i[j+2{
M[j==[]i1;M[]i[j]==0?:M[i[j==3;

-3c
v-3+1+1+22
cvMif(==1;{}N[i[j=0;cvvv+1+2c
v
v||cv323cv0+1","#include <stdio.h>

int main(){
    int m,n;
    while(scanf(""%d %d"",&m,&n)!=EOF){
        int N[m][n];int M[m+3][n+3];
        for(int i=0;i<m;i++){
            for(int j=0;j<n;j++){
                scanf(""%d"",&N[i][j]);
            }
        }
        for(int i=0;i<m;i++){
            for(int j=0;j<n-3;j++){
                if(N[i][j]==N[i][j+1] && N[i][j+1]==N[i][j+2]){
                    M[i][j]==0?M[i][j]=1:M[i][j]==3;
                }
            }
        }
        for(int i=0;i<m-3;i++){
            for(int j=0;j<n;j++){
                if(N[i][j]==N[i+1][j] && N[i+1][j]==N[i+2][j]){
                    M[i][j]==0?M[i][j]=2:M[i][j]==3;
                }
            }
        }
        for(int i=0;i<m;i++){
            for(int j=0;j<n;j++){
                if(M[i][j]==1||M[i][j]==3){N[i][j]=0;N[i][j+1]=0;N[i][j+2]=0;}
                if(M[i][j]==2||M[i][j]==3){N[i][j]=0;N[i+1][j]=0;N[i+2][j]=0;}
            }
        }
    }
    return 0;
}",Backspacex6,Backspace,Backspacex6,Backspace,Backspacex6,Backspace,
1211560,1525,OLE,IDLE,pause_124s,1294.5,552,"v

int main(
{
ret 0;
int jiaodu=0;//
j+=90-=90qi
int n=0;
whi(scanf(""%d,&n!!=EOF)
{
for(int i=0;i<n;i++
{
cahar turn='0;
scan(""%get(tu;
if(tu=='R
{
j+=90;
//
el
{
ji-=90;
wi(jia1od<jiaod=jia%360;0;
sw(j
{
case 0:pr(""N\n;br;
ca 90:pr(""E\n;brl;
cajiaodw(jiaod<0
{
joaia+=360;
jia=jia%360; 180:pr(""S\n;br;
ca 270:pr(""W\bn;br;trurur=","#include <stdio.h> 
#include <stdlib.h> 
#include <string.h> 
#include <math.h> 
#include <stdbool.h> 

int main()
{
    
    //规定顺时针为加角度，逆时针为减角度
    int n=0;
    while(scanf(""%d"",&n)!=EOF)
    {
        int jiaodu=0;//以北方为0度，初始角度
        getchar();
        for(int i=0;i<n;i++)
        {
            char turn='0';
            scanf(""%c"",&turn);
            printf(""%c"",turn);
            if(turn=='R')
            {
                jiaodu+=90;
            }
            else if(turn=='L')
            {
                jiaodu-=90;
            }
        }
        while(jiaodu<0)
        {
            jiaodu+=360;
        }
        jiaodu=jiaodu%360;
        printf(""%d"",jiaodu);
        switch(jiaodu)
        {
            case 0:printf(""N\n"");break;
            case 90:printf(""E\n"");break;
            case 180:printf(""S\n"");break;
            case 270:printf(""W\n"");break;
        }
    }
    
    return 0;
}",,"s → c → Shift → ( → Shift → "" → \ → Shift → % → c → ,",,"s → c → Shift → ( → Shift → "" → \ → Shift → % → c → , → t → Shift → &",,"s → c → Shift → ( → Shift → "" → \ → Shift → % → c → , → t → Shift → & → ;",
1132904,2112,PE,DEBUG,bs_pause_2x,1498.0,915,"#include <stdio.hg>
int mianain(
{
int n;
whikele(sxcanfcamf(""%smm,%d"",&n !=EOF
{
)ifor(*int i=0;i<n;i++
{

int num[n;scanf(""%d0,nuimumm[i;
for(int i=0;i<2;i++
{
scanf(""%s,d %s   
int cmd1;
char smdcmsd2;smdcmd1;cmd2);
if(cmd2=='L00
{
fior(int i=0;i<n;i++
{
printf(""
if(icmd1%n(+1)-1%d ,num[i;
for(int i=0;i<cmd1%(n+1;i++
{
printf(""%d ,num[i;
printf(:\n""""';
else if(cmsd==2=='R00
{
v

reutrn turn 0;
printf(:""\n;;,&&nn--1-v><n-10vn0v=c&
int count=0;
count+_++;
count++;
if(count>1==12
printf(""\n;
v
int count=0;
v
count++;
count++ ","#include <stdio.h>
int main()
{
    int n;
    while(scanf(""%d"",&n) !=EOF)
    {
        int num[n];
        for(int i=0;i<n;i++)
        {
            scanf(""%d"",&num[i]);
        }
        int cmd1;
        char cmd2;
        scanf(""%d %c"",&cmd1,&cmd2);
        if(cmd2=='L')
        {
            int count=0;
            for(int i=cmd1%(n);i<n;i++)
            {
                printf(""%d "",num[i]);
                count++;
                if(count==12)
                {
                    count-=12;
                    printf(""\n"");
                }
            }
            for(int i=0;i<cmd1%(n);i++)
            {
                printf(""%d "",num[i]);
                count++;
                 if(count==12)
                 {
                     count-=12;
                printf(""\n"");
                 }
            }
            if(count<=12)
            printf(""\n"");
        }
        else if(cmd2=='R')
        {
            int count=0;
            for(int i=n-cmd1%(n);i<n;i++)
            {
                printf(""%d "",num[i]);
                count++;
                 if(count==12){
                     count-=12;
                printf(""\n"");}
            }
            for(int i=0;i<n-cmd1%(n);i++)
            {
                printf(""%d "",num[i]);
                count++;
                 if(count==12){count-=12;
                printf(""\n"");}
            }
            if(count<12)
            printf(""\n"");
        }
        printf(""\n"");
    }
    return 0;
}",Backspace →  x2 → Backspace,Backspace → Control → v,5 →   → Backspacex9 →  x2 → Backspace,Backspace → Control → v,  → 1 → 3 →   → 5 →   → Backspacex9 →  x2 → Backspace,Backspace → Control → v → Control → Insert → /x2,
1132904,2112,PE,DEBUG,bs_pause_2x,1498.0,915,"#include <stdio.hg>
int mianain(
{
int n;
whikele(sxcanfcamf(""%smm,%d"",&n !=EOF
{
)ifor(*int i=0;i<n;i++
{

int num[n;scanf(""%d0,nuimumm[i;
for(int i=0;i<2;i++
{
scanf(""%s,d %s   
int cmd1;
char smdcmsd2;smdcmd1;cmd2);
if(cmd2=='L00
{
fior(int i=0;i<n;i++
{
printf(""
if(icmd1%n(+1)-1%d ,num[i;
for(int i=0;i<cmd1%(n+1;i++
{
printf(""%d ,num[i;
printf(:\n""""';
else if(cmsd==2=='R00
{
v

reutrn turn 0;
printf(:""\n;;,&&nn--1-v><n-10vn0v=c&
int count=0;
count+_++;
count++;
if(count>1==12
printf(""\n;
v
int count=0;
v
count++;
count++;2","#include <stdio.h>
int main()
{
    int n;
    while(scanf(""%d"",&n) !=EOF)
    {
        int num[n];
        for(int i=0;i<n;i++)
        {
            scanf(""%d"",&num[i]);
        }
        int cmd1;
        char cmd2;
        scanf(""%d %c"",&cmd1,&cmd2);
        if(cmd2=='L')
        {
            int count=0;
            for(int i=cmd1%(n);i<n;i++)
            {
                printf(""%d "",num[i]);
                count++;
                if(count==12)
                {
                    count-=12;
                    printf(""\n"");
                }
            }
            for(int i=0;i<cmd1%(n);i++)
            {
                printf(""%d "",num[i]);
                count++;
                 if(count==12)
                 {
                     count-=12;
                printf(""\n"");
                 }
            }
            if(count<=12)
            printf(""\n"");
        }
        else if(cmd2=='R')
        {
            int count=0;
            for(int i=n-cmd1%(n);i<n;i++)
            {
                printf(""%d "",num[i]);
                count++;
                 if(count==12){
                     count-=12;
                printf(""\n"");}
            }
            for(int i=0;i<n-cmd1%(n);i++)
            {
                printf(""%d "",num[i]);
                count++;
                 if(count==12){count-=12;
                printf(""\n"");}
            }
            if(count<12)
            printf(""\n"");
        }
        printf(""\n"");
    }
    return 0;
}",3 →   → 5 →   → Backspacex7,Backspacex2 →  ,2 → 8 →   → 1 → 3 →   → 5 →   → Backspacex7,Backspacex2 →  x2 → Backspacex2 → Control → v,Control → Insert → Backspacex2 → 2 → 8 →   → 1 → 3 →   → 5 →   → Backspacex7,Backspacex2 →  x2 → Backspacex2 → Control → v,
1308509,1512,AC,DEBUG,bs_pause_2x,1000.8,279,"#
 
 
  

 
","#include<stdio.h>
int main(){
    int n;
    while(scanf(""%d"",&n)!=EOF){
        if(n==0) break;
        int sum=0;
        while(n>0){
            int temp=n%16;
            if(temp<10) sum+=temp;
            n/=16;
        }
         printf(""%d\n"",sum);
    }
    return 0;
}",,Backspacex2 → Unidentifiedx2,,Backspacex2 → Unidentifiedx9,Unidentifiedx2,Backspacex2 → Unidentifiedx9 → Enter → Unidentifiedx3 →  ,
1254255,1514,MLE,IDLE,pause_65s,1057.6,394,"for(int i=0;i<t;i+=3{

int a=s[i-'0;
int b=s[i+1-'0;
int c=s[i+2-'0;
int n=a*100+b*10+c;
if(!isprime(n{
cnt=1;if(cnt==1{
printf(""NO\n;else{
printf(""YES\n;

if(x==1{


int cnt1112=0;for(int i=0;i<t-1;i++{
}if(isprime(s[t-1-'0!{
cnt2=12;2}

if(x==2{



int cnt3=0;23ifint a1=s[t-2-'0;
int b1=s[t-1-'0;
int m=a1*10+b1;
if(isprime(m!{
cnt3=1;c","#include<stdio.h>
int isprime(int n){
    if(n==1)return 0;
    if(n==2)return 1;
    int count=0;
    if(n>=3){
        for(int i=2;i*i<=n;i++){
            if(n%i==0){
                count=1;
            }
        }
        if(count==1)return 0;
        else{
            return 1;
        }
    }
    
}
int main(){
    char s[1000000005];
    while(scanf(""%s"",s)!=EOF){
        int t=strlen(s);
        int x=t%3;
        if(x==0){
            int cnt1=0;
            for(int i=0;i<t;i+=3){
                int a=s[i]-'0';
                int b=s[i+1]-'0';
                int c=s[i+2]-'0';
                int n=a*100+b*10+c;
                if(!isprime(n)){
                    cnt1=1;
                }
                
            }if(cnt1==1){
                printf(""NO\n"");
            }else{
                printf(""YES\n"");
            }
        }
        
        if(x==1){
            int cnt2=0;
            for(int i=0;i<t-1;i++){
                
                int a=s[i]-'0';
                int b=s[i+1]-'0';
                int c=s[i+2]-'0';
                int n=a*100+b*10+c;
                if(!isprime(n)){
                    cnt2=1;
                }}if(!isprime(s[t-1]-'0')){
                    cnt2=1;
                }
                if(cnt2==1){
                printf(""NO\n"");
            }else{
                printf(""YES\n"");
            }
            
            
        }
        
        if(x==2){
            int cnt3=0;
            for(int i=0;i<t-2;i++){
                
                int a=s[i]-'0';
                int b=s[i+1]-'0';
                int c=s[i+2]-'0';
                int n=a*100+b*10+c;
                if(!isprime(n)){
                    cnt3=1;
                }}
            int a1=s[t-2]-'0';
            int b1=s[t-1]-'0';
            int m=a1*10+b1;
            if(!isprime(m)){
                cnt3=1;
            }
            if(cnt3==1){
                printf(""NO\n"");
            }else{
                printf(""YES\n"");
            }
        }
        
    }
    
    
    
    return 0;
}",,3,,3,,3,
1341071,1900,WA,IDLE,pause_70s,1046.9,349,"

ccrwosows0cint row=2*n-1;
int lie=+122*n-1;
char tuxin[row[lie;
for(int i=0;i<lie;i++{
printf(""*;
printf(""\n;;for(int i=0;i<lie;i++{
char[","#include <stdio.h>
int main() {
    int n;
    while (scanf(""%d"", &n) != EOF) {
        int row=n+2;
        int lie=2*n-1;
        char tuxin[row][lie];
        for(int i=0;i<lie;i++){
          tuxin[0][i]='*';
        }
        printf(""\n"");
    for(int i=0;i<n;i++){
        tuxin[i+1][0]=tuxin[i+1][lie-1]='A'+i;
    }for(int i=0;i<lie;i++){
        tuxin[row-1][i]='*';
    }
    
    printf(""%c\n"",tuxin[row][lie]);
    }
    return 0;
}",,i → Shift → + → 1,,i → Shift → + → 1 → = → [ → 0,,i → Shift → + → 1 → = → [ → 0 → =x2 → c → h → a → r → [ → i,
992224,1510,WA,IDLE,pause_70s,1742.6,1068,"@# <stdio.h>

it nt main({
return 0;

int a,b,c,d;
char f';
ewhile(scafnnf(""%d/%d%c%d/%d,&a,&b,&ce,&c,&d!=EOF{
if(ainyt fm=b*d;
if(e=='-{
'{
fz=a%#*d-d*b;c
itnt fz;else if(e=='+{
{
fz=a*d+b*c;
if9(for(int i=0;i;i++{
ifi<(fm>fz?fz:fm(12fm/i==0&&fz/i==0{
fm/=i;
fz/=oi;
if(fz>fm{
if(fz/fm==0{
a
if(fz==0{
printf(""0\n;else if[{                                          
}printf(""%d\n,fz/fm;%%%else if([
{
fz-fm;int z=
/fif(fz<=0{
int z=fz/fm+1-1;
fz=fz-z*gfm;
printf('""%d+%d\n,z,faz;/%d,fm/%d,else{
int z=fz/fm;
fz=fz-z*fm;
printf(""%d+%d/%d\n,z,fz,fm';d/","#include <stdio.h>

int main(){
    int a,b,c,d;
    char e;
    while(scanf(""%d/%d%c%d/%d"",&a,&b,&e,&c,&d)!=EOF){
        int fm=b*d;
        int fz;
        if(e=='-'){
            fz=a*d-c*b;
        }else if(e=='+'){
            fz=a*d+b*c;
        }
        if(fz==0){
            printf(""0\n"");
        }else{
            if(fz<0){
                int a=-fz;
                for(int i=2;i<(fm>a?a:fm);i++){
                    if(fm%i==0&&a%i==0){
                       fm/=i;
                       a/=i;
                   }
                }
                fz=-a;
                if(fm==1){
                    printf(""%d\n"",fz);
                }
                else{
                    if(-fz>fm){
                        int z=fz/fm-1;
                        fz=fz-z*fm;
                        printf(""%d+%d/%d\n"",z,fz,fm);
                    }else if(-fz<fm){
                        printf(""%d/%d\n"",fz,fm);
                    }
                }
            }else if(fz>0){
                for(int i=2;i<(fm>fz?fz:fm);i++){
                   if(fm%i==0&&fz%i==0){
                       fm/=i;
                       fz/=i;
                    }
                }
                if(fm==1){
                    printf(""%d\n"",fz);
                }else{
                    if(fz>fm){
                        int z=fz/fm;
                        fz=fz-z*fm;
                        printf(""%d+%d/%d\n"",z,fz,fm);
                    }
                    else if(fz<fm){
                        printf(""%d/%d\n"",fz,fm);
                    }
                }
            }
        }
    }
    return 0;
}",,e → k → l → s → e → l → s → e → Shift → {,,e → k → l → s → e → l → s → e → Shift → { →   → i → f → Shift → ( → f → z,,e → k → l → s → e → l → s → e → Shift → { →   → i → f → Shift → ( → f → z → f → z → Shift → > → f → m → Shift → { → Enter → p → r → i → n → t,
1439761,1868,WA,IDLE,pause_73s,1649.6,1039,"{



int dist[]10005[]1005;
priority_queue<>int,vector<>int.,greater<>int p;
p,/.push(start;
while(!qp.empty({


for(int i=0;i<,int nn1n=n;i++{
return dist[]i=INF;
const INF=int INF=0x3f3f3f3f;

dist[]start=0;
vector<>conttype pair<>int,int pml;l g[]1005;

int u,v,weight;
cin>>u>>v>>weight;
g[]u.pyusypush)_back();{}weight,vc
 //1 _-=>weight 20->;
{}0,start

autiiutit to it =q.top(;
itint d=it.first;
int mu=it.second;q.pop(;

if()d>dist[]uu continue;
for()auoto it:g[]u{
if()dist[][]w,vdist[]v>dist[]u+w{
dist[]v=dusist[p]u+w;
queuep.push({dist[]v,v;}

voiddi)*(st1,n;
cout<<dist[]n<<endl;l;llqqqq","#include<bits/stdc++.h>
using namespace std;
const int INF=0x3f3f3f3f;

typedef pair<int,int> l; //1->距离 2->目的地;
int dist[1005];
vector<l> g[1005];

void dijstra(int start,int n){
    for(int i=1;i<=n;i++){
        dist[i]=INF;
    }
    
    dist[start]=0;
    priority_queue<l,vector<l>,greater<l>> q;
    q.push({0,start});
    
    while(!q.empty()){
        auto it =q.top();
        int d=it.first;
        int u=it.second;
        q.pop();
        
        if(d>dist[u]) continue;
        for(auto [w,v]:g[u]){
            if(dist[v]>dist[u]+w){
                dist[v]=dist[u]+w;
                q.push({dist[v],v});
            }
        }
        
    }
    
}


int main(){
    int n,m;
    while(cin>>n>>m){
        for(int i=1;i<=n;i++){
            g[i].clear();
        }
     
        if(n==0&&m==0){
            break;
        }
        
        for(int i=0;i<m;i++){
            int u,v,weight;
            cin>>u>>v>>weight;
            g[u].push_back({weight,v});
        }
        
        dijstra(1,n);
        
        cout<<dist[n]<<endl;
        
        
    }
}",,Enter → i → f → Shift → ( → ) → d → i → s → t → [ → ],,Enter → i → f → Shift → ( → ) → d → i → s → t → [ → ] → Enter,,Enter → i → f → Shift → ( → ) → d → i → s → t → [ → ] → Enter,
1218084,1070,TLE,DEBUG,bs_pause_2x,709.9,552,"#clude<stdio.h>
int main({
int n,t ,m;
while(scanf(""%d %d %d ,&n.,t&t,&m!=EOFD{
int amelon[n;
for(int i=0;i<n;i++{

  sscanf(for(int i=0;i<=in;i+=+[
{
scanf(""%d,mel[i;
foritnnt total=0;
for(

int i=0;; i<+m<=n-1;i=i+3{
taooto=count int res=0;
res=for(int kqqqqq=0;i++k++k<31=3;k++{
res=+=mel[0m++q+k;
if(res<=t ","#include<stdio.h>
int main(){
    int n,t,m;
    while(scanf(""%d %d %d"",&n,&t,&m)!=EOF){
        int melon[n];
        for(int i=0;i<n;i++){
            scanf(""%d"",&melon[i]);
        }
        int count=0;
        int q=0;
        for(;q+m<=n-1;q++){
            int res=0;
            for(int k=0;k<m;k++){
                res+=melon[q+k];
            }
            if(res<=t) count++;
        }
        printf(""%d\n"",count);
    }
}",Backspacex20,Backspacex3,Backspacex20,Backspacex4 → c → Control → v,Backspacex20,Backspacex4 → c → Control → v,
1340414,1903,CE,IDLE,pause_59s,1248.3,846,"#include<stdio.h>
#include<string.h>
int main({
char s[1005;
while(""%scanf(""%s,s!=EOF{
inint b;
scanf(""P%d,&b;
int len=strlen(s;
int count[26={0};
for(int i=0;i<len;i++{
count[s[i-'a++;

","#include<stdio.h>
#include<string.h>
int yue(int a[]){
    int m=a[0];
    for(int i=0;i<25;i++){
        if(a[i+1]>a[i]) max=a[i+1];
    }
    for(int i=max;i>=1;i--){
        int x=1;
        for(int j=0;j<26;j++){
            if(a[j]%i!=0&&a[j]!=0){
                x=0;
                break;
            }
        }
        if(x) return i;
    }
}
int main(){
    char s[1005];
    while(scanf(""%s"",s)!=EOF){
        int b;
        scanf(""P%d"",&b);
        int len=strlen(s);
        int count[26]={0};
        for(int i=0;i<len;i++){
            count[s[i]-'a']++;
        }
        int yu=yue(count);
        int shu[26];
        char zimu[26];
        int j=0,k=0;
        for(int i=0;i<26;i++){
            if(count[i]!=0){
                zimu[j++]='a'+i;
                shu[k++]=count[i]/yu;
            }
        }
        int max=shu[0];
        for(int i=0;i<j-1;i++){
            if(shu[i+1]>shu[i]) max=shu[i+1];
        }
        char jieguo1[1005][26],jieguo2[1005][26];
        for(int i=max,p=0;p<j;p++){
            jieguo1[i][p]=zimu[p];
        }
        for(int p=0;p<j;p++){
            for(int i=max-1;i>=max-shu[p];i--){
                jieguo1[i][p]='*';
            }
        }
        
    }
}",,i → n → t →   → y → u → e → Shift → ( → i → n → t →   → a → [,,i → n → t →   → y → u → e → Shift → ( → i → n → t →   → a → [ → Shift → { → Enter → f → o → r → Shift → (,,i → n → t →   → y → u → e → Shift → ( → i → n → t →   → a → [ → Shift → { → Enter → f → o → r → Shift → ( → i → n → t →  ,
1221032,1665,PE,IDLE,pause_41s,1107.0,693,"*#ludr]==e <>stdio.h
int main(P{}













return 0;int n;
while (:scanf (""%d,&n!=EOF{}










}dint a[2n+1[2n+1**;

vioid prinet(a[[2*nnint {}int a[28*+!1[2*n+1=



;fot tr(int i=0;i<=21i><=<=22*n+21;i++{}






for (int j=0;j<=2+*n+1;j++//{}


printf (""\n;if (i<=n+1{}


if (i-jj<i+=1||j+>+i","#include <stdio.h>
void print(int n)
{//int a[2*n+1][2*n+1];
for(int i=1;i<=2*n+1;i++){
    for (int j=0;j<=2*n+1;j++)
    {if (i<=n+1){
        if (i+j<n+2){printf("" "");}
        else if (j>i+n){break;}
        else printf(""*"");
        
    }else if (j==n+1){printf(""*"");}
        else if(j>n+1){break;}
        else{printf("" "");}
        
        
    }
    printf (""\n"");
    
    
    
    
    
}    
    
    
    
}
int main(){
    int n;
    while (scanf(""%d"",&n)!=EOF){
print(n);
        
        
        
        
        
        
        
        
        
    }
return 0;
}",,i → Shift → + → 4,,i → Shift → + → 4 → j,,i → Shift → + → 4 → j → i → Shift → < → j → Shift → + → 1,
1332047,1015,CE,IDLE,pause_51s,1615.0,1095,"nf(""%d %d %d&n,&n,&nm<,&g!=EOF{
forint x[105;
for(int i=0;i<m;i++{
scanf(""%d,&x[i;
//
//

//
def struct{
char sisds[20;
int score;
//
int compare)(const void*a,const void*b{
student;student*s1=student*a(student*a;
student*s2=(student*nb;
if(s1->total>s2->total{
return -1;
if(s1->total<s2->t{
reyuturn 1;
return(strcmp(s1->id,s2->id; ;
//zhuhs
#<string.h>

#define MAX_N 1000;
#define MAX_M 10
de#define ID_LEN 20

int scores[m;
for(int i=90;i<m;i++{
scanffor(int i=0;i<n;i==++{
char id[mMAX_ID{
].;
int t;
scanf(""%s %d,id,&t;
int total=0;
for(int j=0;j<m;ij++{
tint problem_id;
scanf(:""%d,&p;
t===+=","#include<stdio.h>
#include<stdlib.h>
#include<string.h>

#define MAX_N 1000
#define MAX_M 10
#define ID_LEN 20

//定义学生结构体
typedef struct{
    char s[20];
    int score;
}student;
//比较函数
int compare(const void*a,const void*b){
    student*s1=(student*)a;
    student*s2=(student*)b;
    if(s1->total>s2->total){
        return -1;
    }
    if(s1->total<s2->total){
        return 1;
    }
    return strcmp(s1->id,s2->id);
}
//主函数
int main(void){
    //第一行
    int n,m,g;
    while(scanf(""%d %d %d"",&n,&m,&g)!=EOF){
        int x[15];
        //第二行
        for(int i=0;i<m;i++){
            scanf(""%d"",&x[i]);
        }
        for(int i=0;i<n;i++){
            char id[ID_LEN];
            int t;
            scanf(""%s %d"",id,&t);
            int total=0;
            for(int j=0;j<t;j++){
                int problem_id;
                scanf(""%d"",&problem_id);
                total+=x[problem_id-1];
            }
        }
        
    }
}",,s → c → o → r → e → x,,s → c → o → r → e → x → [ → p → - → 1 → ; → Control → Insert,,s → c → o → r → e → x → [ → p → - → 1 → ; → Control → Insert,
1378256,0,RE,IDLE,pause_85s,711.9,573,"#include n<stdio.h>
int miaain({
int int year;
int month;
int daty;
ifwhile(scanf(""%d %d %d.,&yesar,&month,&day !=REOF{
","#include <stdio.h>
int main(){
    int year;
    int month;
    int day;
    while(scanf(""%d %d %d"",&year,&month,&day) !=EOF){
        int pan=0;
        if(year%400==0||year%4==0&&year%100!=0){
            pan=1;
        }
        int i=1;
        int count=0;
        while(i<month){
            switch (i){
                case 1:case 3:case 5: case 7:case 8:case 10:case 12:
                count+=31;break;
                case 2:
                if(pan==0)count+=29;
                else count+=28;break;
                case 4:case 6:case 9:case 11:
                count+=30;break;
            }
            i++;
        }
        count+=day;
        printf(""%d\n"",count-1);
    }
    return 0;
}",,i → n → t →   → i → f → Shift → i → f → Shift → ( → y → a → e → a → r → Shift → % → 4 → 0x2 → =x2 → 0,,i → n → t →   → i → f → Shift → i → f → Shift → ( → y → a → e → a → r → Shift → % → 4 → 0x2 → =x2 → 0 → Shift → |x2 → y → r → ax2 → r → Shift → % → 4 → =x2 → 0,,i → n → t →   → i → f → Shift → i → f → Shift → ( → y → a → e → a → r → Shift → % → 4 → 0x2 → =x2 → 0 → Shift → |x2 → y → r → ax2 → r → Shift → % → 4 → =x2 → 0 → Shiftx9 → &x2 → y → r → a → e → a → t → r → Shiftx8 → % → 1 → 0x2 → Shift → ! → + → 0,
1117585,1533,MLE,IDLE,pause_41s,1618.7,485,"#include <stdio.h.>

int main({
int n;
while(""scanf""(""%d,&n != EOF{

ointint arr[n;
+1for(int i=0;i<n;i++{
sc(""%d,%aarr[i;



int sum=0;sum=sum +arr[i;
if(n%=2==0{
pr(""NO\n;
contin;if(sum%2!=0{
p(""YES\n;&longl longlllong lognngintelse {
pr(""NO\n;
int t=0;
t++;
t++;
pa(""$%d,t;","#include <stdio.h>

int main(){
    int n;
    while(scanf(""%d\n"",&n) != EOF){
        int arr[n+1];
        if(n%2==0){
            printf(""NO\n"");
            int c;
            while((c=getchar() )!='\n' && c!=EOF);
            continue;
        }
        
        long long sum=0;
        for(int i=0;i<n;i++){
            scanf(""%d"",&arr[i]);
            sum=sum +arr[i];
        }
        
        
        if(sum%2!=0){
            printf(""YES\n"");
        }else {
            printf(""NO\n"");
        }
    }
    
}",,Enter → i → n → t →   → t → 0 → ; → = → 0 → ;,,Enter → i → n → t →   → t → 0 → ; → = → 0 → ;,,Enter → i → n → t →   → t → 0 → ; → = → 0 → ;,
1423207,1027,MLE,IDLE,pause_31s,1312.7,997,"##include<bits/stdc++.h>
usign ngng namespace std;

int main(
{


string str1,str2;

bint func(string str1,string str2
{
while(cin>>nstr1>>str2
{

return 0;cout<<func(str1,str2;,str
str=str1;<<endl
vector<>int  hash(26;
for(int i=0;i<26;i++
{
str1.size(hash[str1[i-'a=1;c
v","#include<bits/stdc++.h>
using namespace std;

string str1,str2,str;
vector<int> ha(26);
vector<vector<int>> dp;

int func(string &str1,const string &str2)
{
    dp.assign(str1.size()+1,vector<int>(str2.size()+1,0));
    for(int i=1;i<=str1.size();i++)
    {
        for(int j=1;j<=str2.size();j++)
        {
            if(str1[i-1]==str2[j-1])
            {
                dp[i][j]=dp[i-1][j-1]+1;
            }else
            {
                dp[i][j]=max(dp[i-1][j],dp[i][j-1]);
            }
        }
    }
    if(dp[str1.size()][str2.size()]==str2.size()) return 1;
    else
    {
        str1.insert(str1.end(),str.begin(),str.end());
        return 0;
    }
}

int main()
{
    while(cin>>str1>>str2)
    {
        str=str1;
        for(int i=0;i<str2.size();i++)
        {
            ha[str2[i]-'a']=1;
        }
        for(int i=0;i<str1.size();i++)
        {
            ha[str1[i]-'a']=0;
        }
        int check=0;
        for(int i=0;i<26;i++)
        {
            if(ha[i]==1) 
            {
                check=1;
            }
        }
        if(check==1)
        {
            cout<<-1<<endl;
            continue;
        }
        int res=0;
        while(1)
        {
            res++;
            if(func(str1,str2)) break;
        }
        cout<<res<<endl;
    }
    return 0;
}",,2 → 1 → 0 → Shift → Enter,,2 → 1 → 0 → Shift → Enter → f → o → r → Shift → ( → i → n → t →   → i → = → 0 → ; → i → Shift → < → 2 → 6 → ; → i → Shift → +x2 → Enter → Shift → { → Enter → i → f,,2 → 1 → 0 → Shift → Enter → f → o → r → Shift → ( → i → n → t →   → i → = → 0 → ; → i → Shift → < → 2 → 6 → ; → i → Shift → +x2 → Enter → Shift → { → Enter → i → f → Shift → ( → h → a → s → h → [ → i → =x2 → 1 →  ,
1167814,1515,NoData,DEBUG,bs_pause_2x,683.4,449,v,"#include <stdio.h>
#define MAX 15
struct S 
{
    char n[11];
    int c, m, e, t;
};
int main() 
{
    int k, n, i, j, first = 1;
    struct S s[MAX], tmp;
    while (scanf(""%d"", &n) != EOF) 
    {
        for (i = 0; i < n; i++) 
        {
            scanf(""%s %d %d %d"", s[i].n, &s[i].c, &s[i].m, &s[i].e);
            s[i].t = s[i].c + s[i].m + s[i].e;
        }
        if (!first) printf(""\n"");
        first = 0;
        for (i = 0; i < n - 1; i++) 
        {
            for (j = 0; j < n - i - 1; j++) 
            {
                if (s[j].t < s[j+1].t || 
                    (s[j].t == s[j+1].t && strcmp(s[j].n, s[j+1].n) > 0)) 
                    {
                    tmp = s[j];
                    s[j] = s[j+1];
                    s[j+1] = tmp;
                }
            }
        }
        for (k = 0; k < 3 && k < n; k++) 
        {
            printf(""%s %d\n"", s[k].n, s[k].t);
        }
        printf(""\n"");
        for (i = 0; i < n - 1; i++) 
        {
            for (j = 0; j < n - i - 1; j++) 
            {
                if (s[j].c < s[j+1].c || 
                    (s[j].c == s[j+1].c && strcmp(s[j].n, s[j+1].n) > 0)) 
                {
                    tmp = s[j];
                    s[j] = s[j+1];
                    s[j+1] = tmp;
                }
            }
        }
        for (k = 0; k < 3 && k < n; k++) 
        {
            printf(""%s %d\n"", s[k].n, s[k].c);
        }
        printf(""\n"");
        for (i = 0; i < n - 1; i++) 
        {
            for (j = 0; j < n - i - 1; j++) 
            {
                if (s[j].m < s[j+1].m || 
                    (s[j].m == s[j+1].m && strcmp(s[j].n, s[j+1].n) > 0)) 
                {
                    tmp = s[j];
                    s[j] = s[j+1];
                    s[j+1] = tmp;
                }
            }
        }
        for (k = 0; k < 3 && k < n; k++) 
        {
            printf(""%s %d\n"", s[k].n, s[k].m);
        }
        printf(""\n"");
        for (i = 0; i < n - 1; i++) 
        {
            for (j = 0; j < n - i - 1; j++) 
            {
                if (s[j].e < s[j+1].e || 
                    (s[j].e == s[j+1].e && strcmp(s[j].n, s[j+1].n) > 0)) 
                {
                    tmp = s[j];
                    s[j] = s[j+1];
                    s[j+1] = tmp;
                }
            }
        }
        for (k = 0; k < 3 && k < n; k++) 
        {
            printf(""%s %d\n"", s[k].n, s[k].e);
        }
    }
    return 0;
}",,Backspacex2 → Enter,,Backspacex2 → Enterx3,,Backspacex2 → Enterx6,
1110599,2191,AC,DEBUG,bs_pause_2x,1379.4,542,"3#include<>stdio,.h
int main(
{}
return 0;
int n,m;
char str[10000045;
scanf(""
scanf(""%d %d,&n,&m;%s,str;
pprintf(""%s,str;for(int 0;ii=0;i<n;i++
{}
,a[30char ch=str[i;
a[ch-'aint num=;
num=ch-'a;
a[num++;={}0
printf(""%d,a[num;\n
10 10
aabhbhbhbh
1
2
3
4
5
6
7
8
9
1","#include<stdio.h>
int main()
{
    int n,m,a[30]={0},b[1000005]={0};
    scanf(""%d %d"",&n,&m);
    char str[1000005];
    scanf(""%s"",str);
    for(int i=0;i<n;i++)
    {
        char ch=str[i];
        int num;
        num=ch-'a';
        a[num]++;
        b[i]=a[num];
    }
    for(int j=1;j<=m;j++)
    {
        int t,q;
        scanf(""%d"",&t);
        printf(""%d\n"",b[t-1]);
    }
    return 0;
}",Backspace,Backspacex2,4 → Enter → 5 → Enter → 6 → Enter → 7 → Enter → 8 → Enter → 9 → Enter → 1 → 0 → Backspace,Backspacex2,b → h → b → h → b → h → b → h → Enter → 1 → Enter → 2 → Enter → 3 → Enter → 4 → Enter → 5 → Enter → 6 → Enter → 7 → Enter → 8 → Enter → 9 → Enter → 1 → 0 → Backspace,Backspacex2,
1340459,2287,WA,DEBUG,bs_pause_2x,279.6,98,0 1 2 3 0 4 5 6 3,"#include<stdio.h>
int main(void)
{
    int a,i,j,k,n;
    while(scanf(""%d"",&n)!=EOF)
    {
        int arr[70];
        for(i=0;i<2*n;i++)
        {
            scanf("" %d"",&arr[i]);
        }
        for(i=0;i<2*n;i++)
        arr[i]/=2;
        k=0;
        i=0;
        int cishu=0;
        while(i<2*n)
        {
            if(arr[i]!=arr[i+1])
            {
                for(j=i+1;j<2*n;j++)
                {
                    if(arr[j]==arr[i])
                    {
                        int temp=arr[1];
                        arr[1]=arr[j];
                        arr[j]=temp;
                        cishu++;
                    }
                }
            }
            i+=2;
        }
        printf(""%d\n"",cishu);
    }
    return 0;
}",Backspace → 2 → ArrowRightx2 → Backspace → 3 → ArrowRightx2,Backspacex3,4 → n →   → 5 → Backspacex3 →   → 5 →   → 6 →   → 7 → Backspace → 2 → ArrowRightx2 → Backspace → 3 → ArrowRightx2,Backspacex4 → ArrowRightx4 → Backspace → 6 → ArrowRightx2 → Backspace → 1,Backspacex7 → 4 → n →   → 5 → Backspacex3 →   → 5 →   → 6 →   → 7 → Backspace → 2 → ArrowRightx2 → Backspace → 3 → ArrowRightx2,Backspacex4 → ArrowRightx4 → Backspace → 6 → ArrowRightx2 → Backspace → 1 → ArrowRightx2 → Backspace → 3 → ArrowRightx2 →   → 5 → ArrowRight → Backspace → Enter,
1418611,1513,PE,IDLE,pause_55s,1464.7,759,"#include<sditdio.h>

int main({
int ;
scanf(""%d,&T:
if(T<1 \\||T >9{
returrn 1;
for(itn t nt i-=0;i<lT;i++{
int n;
while(scanf(""%d,&Nn!=EOF{
ifor(itn nt i=01;i<=n;i++{
for(innt j=0;ij<n-i;j++{
printf("" ;
for(int im0=0;m,<i-1;im++{
fpprintfc9(""%c,m+'a;
for(in r t m=i-1;m>=;0;m--{
2printfc(""5%,m+'a;
printf(""\n;
for(itn nt i=n;iL>0;i--{
prfor(itnnt j=0;j<in-i;j++{
printf("" ;
jprintf(""a;
for(int j=0;j<=2(i-1-1;j++{
printf(:"" ;
pritnfntf(""\j         printf(""a;
printf(""\n;
pritnf(""\nl;
return 0;;","#include<stdio.h>

int main(){
    int T;
    scanf(""%d"",&T);
    if(T<1 || T>9){
        return 1;
    }
    int first=1;
    for(int i=0;i<T;i++){
        int n;
        if(!first){
            printf(""\n"");
        }
        while(scanf(""%d"",&n)!=EOF){
            for(int i=1;i<=n;i++){
                for(int j=0;j<n-i;j++){
                    printf("" "");
                }
                for(int m=0;m<=i-1;m++){
                    printf(""%c"",m+'a');
                }
                for(int m=i-2;m>=0;m--){
                    printf(""%c"",m+'a');
                }
                printf(""\n"");
            }
            for(int i=n;i>0;i--){
                for(int j=0;j<n-i;j++){
                    printf("" "");
                }
                printf(""a"");
                for(int j=0;j<2*(i-1)-1;j++){
                    printf("" "");
                }
                 if(i>1){
                     printf(""a"");
                 }
                 printf(""\n"");
            }
        }
        printf(""\n"");
        first=0;
    }
    return 0;
}",,Shift → *,,Shift → *,,Shift → *,
1162233,1009,NoData,DEBUG,bs_pause_3x,1028.7,422,"#include <>stdio.h
int main(
{
return 0;
inchar arr[1000055
intchar
int %#include <>string.hint len = strlen(arr;
scanf(""%%s,arr;

char len [10005;;fkriror(int i = 0;i < nlen;i++
{
1
len[0 = arr[0';if(b arr[i == arrr[i - 1
{
for(int i j = i - 1;j < len - 2;j++

{
{
arr[i - j = arr[i j + 2;c

for(int i = 0;i < 
int sum = 0;SUsum++;len - 2 * sum;i++
{
printf(""%d,arr[i;cccca","#include <stdio.h>
#include <string.h>
int main()
{
    char arr[10005];
   
    scanf(""%s"",arr);
    int len = strlen(arr);
    
    int sum = 0;
    for(int i = 1;i < len;i++)
    {
        if(arr[i] == arr[i - 1])
        {
            for(int j = i - 1;j < len - 2;j++)
            {
                arr[j] = arr[j + 2];
            }
        sum++;
        }
    }
    
    for(int i = 0;i < len - 2 * sum;i++)
    {
        printf(""%c"",arr[i]);
    }
    return 0;
}",Backspace,Backspacex4,c → a → b → Backspace,Backspacex4 → bx2 → ArrowRightx2,c → a → b → Backspace,Backspacex4 → bx2 → ArrowRightx2,
1362671,1128,CE,IDLE,pause_32s,1389.4,363,"#icnlduninclude<stdio.h>
itnnt ammain(""{
{
ret 0;
int N;
while(casscanf(""%d,&n!=EOF{
int num[2;
for(int i=0;i<n;mn;i++{
for(int j=0;j<2;ij++{
sca(""5%d,&n[i[j;
for(itn iint i=0;i<n;i++{
scanint mx,y;
forsacscanf(""%d%d,&&x,y;
vv
vlllllong long cntprintf(""%d\nt(,x-tt-(y;","#include<stdio.h>

int main() {
    int N;
    scanf(""%d"", &N);
    for (int i = 0;i < N;i++) {
        int x, y;
        scanf_s(""%d%d"", &x, &y);

        // 主循环内简化写法（循环移位法）
        unsigned int xor_result = x ^ y;
        int count = 0;
        while (xor_result) {
            count += xor_result & 1;
            xor_result >>= 1;
        }
        printf(""%d\n"", count);
    }
    return 0;
}",,"Control → p → r → i → n → t → f → Shift → ( → Shift → "" → h → e → lx2 → o → ;",,"Control → p → r → i → n → t → f → Shift → ( → Shift → "" → h → e → lx2 → o → ;",,"Control → p → r → i → n → t → f → Shift → ( → Shift → "" → h → e → lx2 → o → ;",
1306562,2252,CE,IDLE,pause_61s,1693.3,1043,"
printf(""||lastPASS\Nn;else if(date=1&&\&&last=0{
printf(""ERROR 02\mn;else if(date=0&7&=1{
printf(""ERROR 01\Nn;else{
printf(""EROROR 03\Nn';








void( date(int a[a[19{
if(a[10=='0&&a[11==2{
ifi(int day=int mothnth=10*a[10+a[11;
int day=10*[2312+a[13;
if(moth==n==2|||day>28{
return 0;
if(moth\mmonth==1&&
int bifdg[7={1,3,5,7,8,10,12};
int small[4={4,6,9,11};
for(int i=0;i<7;i++{
   if(mon==big[i||&&&&day>31 return 0;cv4small0
returnelse return 1;{}else{
return 1;else{return 1;}void( last(int b[10{


int lst1=a[17b;\

int sum=0;
sum=7*b[10+9*b[1+10*b[29+5*b[3+8*b[4+4*b[5+2*b[6+b[7+6*b[8+3*b[i","#include <stdio.h>
#include <string.h>
int check_date(char id[]) {
    int year = (id[6]-'0')*1000 + (id[7]-'0')*100 + (id[8]-'0')*10 + (id[9]-'0');
    int month = (id[10]-'0')*10 + (id[11]-'0');
    int day = (id[12]-'0')*10 + (id[13]-'0');
    if (month < 1 || month > 12) return 0; 
    if (day < 1) return 0; // 日期小于1
    int big_month[] = {1,3,5,7,8,10,12};
    for (int i=0; i<7; i++) {
        if (month == big_month[i]) {
            return day <= 31 ? 1 : 0;
        }
    }
    int small_month[] = {4,6,9,11};
    for (int i=0; i<4; i++) {
        if (month == small_month[i]) {
            return day <= 30 ? 1 : 0;
        }
    }）
    if (month == 2) {
        int is_leap = (year%4==0 && year%100!=0) || (year%400==0);
        if (is_leap) {
            return day <= 29 ? 1 : 0; // 闰年2月最多29天
        } else {
            return day <= 28 ? 1 : 0; // 平年2月最多28天
        }
    }
    
    return 0; 
}
int check_checksum(char id[]) {

    int weight[] = {7,9,10,5,8,4,2,1,6,3,7,9,10,5,8,4,2};
    char check_code[] = {'1','0','X','9','8','7','6','5','4','3','2'};
    
    int sum = 0;
    // 计算前17位的加权和
    for (int i=0; i<17; i++) {
        sum += (id[i]-'0') * weight[i];
    }
    
    int remainder = sum % 11; // 取模11得到余数
    char expected = check_code[remainder]; // 预期的校验码
    char actual = id[17]; // 身份证最后一位（统一转大写，兼容小写x）
    if (actual == 'x') actual = 'X';
    
    return (actual == expected) ? 1 : 0;
}

int main() {
    char id[19]; 
    while (scanf(""%s"", id) != EOF) {
        if (strlen(id) != 18) {
            printf(""ERROR 03\n""); 
            continue;
        }
        
        int date_ok = check_date(id);
        int checksum_ok = check_checksum(id);
        if (date_ok && checksum_ok) {
            printf(""PASS\n"");
        } else if (date_ok && !checksum_ok) {
            printf(""ERROR 02\n"");
        } else if (!date_ok && checksum_ok) {
            printf(""ERROR 01\n"");
        } else {
            printf(""ERROR 03\n"");
        }
    }
    return 0;
}",i,Enter → n → t →   → p → o → r → [ → 1 → 7,i,"Enter → n → t →   → p → o → r → [ → 1 → 7 → = → Shift → { → 7 → , → 9 → , → 7 → 1 → 0 → , → 5 → , → 8",i,"Enter → n → t →   → p → o → r → [ → 1 → 7 → = → Shift → { → 7 → , → 9 → , → 7 → 1 → 0 → , → 5 → , → 8 → , → 4 → , → 2 → , → 1 → , → 6 → , → 3 → , → 7 → , → 9 → , → 1 → 0 → , → 5 → , → 8 → , → 4",
1081174,1657,AC,IDLE,pause_63s,1475.3,682,"#include<stdio.h>
int main(
{
int n;
while(scanf(""%d,&n!=EOF{
\{
int arr[100001;
for(int i=0;i<n;i++{
nscanf(""%d,a&arr[i;
if(arr[i%2==0!=0{

int a=0,b=0;","#include<stdio.h>
void bubble(int arr[],int n)
{
    for(int i=0;i<n-1;i++){
        for(int j=0;j<n-1;j++){
            if(arr[j]>arr[j+1]){
                int temp=arr[j];
                arr[j]=arr[j+1];
                arr[j+1]=temp;
            }
        }
    }
}

int main()
{
    int n;
    while(scanf(""%d"",&n)!=EOF){
        int arr[n];
        int a=0,b=0;
        int arr1[n],arr2[n];
        for(int i=0;i<n;i++){
            scanf(""%d"",&arr[i]);
            if(arr[i]%2!=0){
                arr1[a]=arr[i];
                a++;
            }else if(arr[i]%2==0){
                arr2[b]=arr[i];
                b++;
            }
        }
        bubble(arr1,a);
        bubble(arr2,b);
        for(int i=0;i<a;i++){
            printf(""%d "",arr1[i]);
        }
        printf(""\n"");
        for(int i=0;i<b;i++){
            printf(""%d "",arr2[i]);
        }
        printf(""\n"");
        printf(""\n"");
    }
    return 0;
}",,"Enter → i → n → t →   → a → rx2 → [ → 1 → n → ,",,"Enter → i → n → t →   → a → rx2 → [ → 1 → n → , → a → rx2 → 2 → [ → n → ;",,"Enter → i → n → t →   → a → rx2 → [ → 1 → n → , → a → rx2 → 2 → [ → n → ; → a → rx2 → [ → i → = → a → rx2 → q",
1315152,1497,MLE,IDLE,pause_32s,1462.4,897,"#<stdio.h>
int main({
int n;
while(scanf(""%d,&n!=EOF{
for(int i=0;i<n*n;i++{


int a[n[n={0};sscanf(""%Dd,&i;
for(int i=0;i<n*n;i++{
perintf(""%d,a[i[i;
reutturn 0;","#include<stdio.h>
int main(){
    int n;
    int a[n*n];
    int b[n][n];
    while(scanf(""%d"",&n)!=EOF){
        for(int i=0;i<n*n;i++){
            scanf(""%d"",&a[i]);
        }
        int count=-1;
        for(int i=0;i<n;i++){
            count++;
            for(int j=0;j<n;j++){
                b[i][j]=a[j+count*4];
                printf(""%d"",b[i][j]);
                printf("" "");
            }
        }
        printf(""\n"");
        for(int i=0;i<n;i++){
            int num=0;
            for(int j=0;j<n;j++){
                num=num+b[i][j];
            }
            printf(""%d"",num);
            printf("" "");
        }
        printf(""\n"");
        for(int j=0;j<n;j++){
            int num=0;
            for(int i=0;i<n;i++){
                num=num+b[i][j];
            }
            printf(""%d"",num);
            printf("" "");
        }
        printf(""\n"");
        int num1=0;
        int num2=0;
        for(int i=0;i<n;i++){
            num1=num1+b[i][i];
        }
        printf(""%d"",num1);
        printf("" "");
        for(int i=0;i<n;i++){
            num2=num2+b[i][3-i];
        }
        printf(""%d"",num2);
    }
    return 0;
}",,a → [ → i,,a → [ → i → n → Shift → * → n,,a → [ → i → n → Shift → * → n,
1084327,1464,TLE,IDLE,pause_33s,1773.7,1001,"{
int i=2;
iffor(int i=2;i<j3j<i;j++
{

int A[5000;if(i%j==0
{
sbreak;
else
right=0;
int right=1;if(right=1;
{
A[index++=i;
i++;_1_1_1ifif(while(ni!=0
{

int p=i;pp/=10int k=p/110;
%for(itn ==nt t=2;t<k;t++
{
if(p%t==0
{
right_2=0;
int right_2=1;
bnreareak;
break;
if(rihgght_2
{
A[index++=i;
printf(""%d\n,A[k-1;
reutturn 0;
p/=10;
int i=2;lll!2a
ifelse
{
while(
int p=i;p!=0
{
int l=p%10;
for(int k=t=2;t<l;t++
{
if(l%t==0
{

p/=10;pbright_2=0;
break;
if(right_1||right_2
{
prA[index++=i;
     231

if(l!=0
P{{
}
else
{
rightright_2=0;65&&l!=1 if0p/=10;
if(l==!=2||&&l!+=3&&l!=5&&l!=7
{
right_1=20;
","#include<stdio.h>

int main()
{
    int k;
    while(scanf(""%d"",&k)!=EOF)
    {
        int index=0;
        int A[5000];
        int i=2;
        while(index<k)
        {
            int right_1=1;
            int right_2=1;
            for(int j=2;j<i;j++)
            {
                if(i%j==0)
                {
                    right_1=0;
                    break;
                }
            }
                int p=i;
                while(p!=0)
                {
                    int l=p%10;
                    if(l!=2&&l!=3&&l!=5&&l!=7)
                    {
                        right_2=0;
                        break;
                    }
                    p/=10;
                }
            if(right_1||right_2)
            {
                 A[index++]=i;
            }
            i++;
        }
        printf(""%d\n"",A[k-1]);
    }
    return 0;
}",,Enter → b → r → e → a → k → ; → Enter → \ → Enter → i → f → Shift → ( → Shift → ! → r → i → g → h → t,,Enter → b → r → e → a → k → ; → Enter → \ → Enter → i → f → Shift → ( → Shift → ! → r → i → g → h → t → Shift → _ → 1 → Enter → Shift → { → Enter → f → o → r → Shift → ( → i → n → t →   → p → = → i → ; → Enter,,Enter → b → r → e → a → k → ; → Enter → \ → Enter → i → f → Shift → ( → Shift → ! → r → i → g → h → t → Shift → _ → 1 → Enter → Shift → { → Enter → f → o → r → Shift → ( → i → n → t →   → p → = → i → ; → Enter → i → fx2 → o → r → Shift → ( → i → n,
1037614,1676,OLE,IDLE,pause_119s,819.5,506,"##include<stdio,o.hj?>
int main(
{
return 0;
vhschar aarr[82;
whleile(fgets)d(fgetsgtetchargrgetfgets(arr.s.,ssizeof(arr,stdimn!=EOF
{
getchar(;
arr[st
#include<string,.h?>arr[strcspn(arr,""\n='\0;
intl len=strlen(arr;
for(itn nnt i=0;i<len ;i++
{
if(arrarr[i=='1
arrarr[i=='*;
else fi(if(arr[i=='2
arr[i='#;
else if(arr[i=='3
arr[i='.
;
else
arr[i=-
'-;
printf(""arr%s\n,arr;
arrarr[='0","#include<stdio.h>
#include<string.h>
int main()
{
    char arr[82];
    while(fgets(arr,sizeof(arr),stdin)!=EOF)
    {
        arr[strcspn(arr,""\n"")]='\0';
        int len=strlen(arr);
        for(int i=0;i<len;i++)
        {
            if(arr[i]=='1')
            arr[i]='*';
            else if(arr[i]=='2')
            arr[i]='#';
            else if(arr[i]=='3')
            arr[i]='.';
            else if(arr[i]=='4')
            arr[i]='-';
            else
            continue;
        }
        printf(""%s\n"",arr);
    }
    return 0;
}",,Control → c,,Control → c,,Control → c,
1170817,2090,NoData,DEBUG,bs_pause_2x,1766.8,377,"vm, %d,& mint MmsM,N[m[n;
forin(niint i=0;i<m;i++{
for(int j=0,;;j,<n,NN,j++{
M[i,j[j=&scanf(""""%d,);
cv-3
if
if(if(mif(
}
fif(m<3&&n<3-3int M[m[nn;N-3if(nN[j==N[j+1[]i[i] && N[i[j+1==N[i[j+2{
M[j==[]i1;M[]i[j]==0?:M[i[j==3;

-3c
v-3+1+1+22
cvMif(==1;{}N[i[j=0;cvvv+1+2c
v
v||cv323cv0+1+12;;;","#include <stdio.h>

int main(){
    int m,n;
    while(scanf(""%d %d"",&m,&n)!=EOF){
        int N[m][n];int M[m+3][n+3];
        for(int i=0;i<m;i++){
            for(int j=0;j<n;j++){
                scanf(""%d"",&N[i][j]);
            }
        }
        for(int i=0;i<m;i++){
            for(int j=0;j<n-3;j++){
                if(N[i][j]==N[i][j+1] && N[i][j+1]==N[i][j+2]){
                    M[i][j]==0?M[i][j]=1:M[i][j]==3;
                }
            }
        }
        for(int i=0;i<m-3;i++){
            for(int j=0;j<n;j++){
                if(N[i][j]==N[i+1][j] && N[i+1][j]==N[i+2][j]){
                    M[i][j]==0?M[i][j]=2:M[i][j]==3;
                }
            }
        }
        for(int i=0;i<m;i++){
            for(int j=0;j<n;j++){
                if(M[i][j]==1||M[i][j]==3){N[i][j]=0;N[i][j+1]=0;N[i][j+2]=0;}
                if(M[i][j]==2||M[i][j]==3){N[i][j]=0;N[i+1][j]=0;N[i+2][j]=0;}
            }
        }
    }
    return 0;
}",,Backspacex7,,Backspacex7,,Backspacex7,
1267501,2260,WA,DEBUG,bs_pause_2x,1199.8,126,".1
printf()""%.6lf,sum_1,%.1010.001 
getchar(0","#include<stdio.h>
#include<string.h>
int main(void)
{
    int i,j,k,a,b,c,t;
    char arr[100];
    char brr[100];
    while(scanf(""%s"",arr)!=EOF)
    {
        scanf("" %s"",brr);
        int len_1=strlen(arr);
        int len_2=strlen(brr);
        double xiaoshuquanzhong=0.1;
        
        int zhengshu_1=0,zhengshu_2=0;
        double xiaoshu_1=0,xiaoshu_2=0.0;
        double sum_1=0,sum_2=0.0;
        
        if(arr[0]!='-'&&arr[0]!='+')
        {
            for(i=0;i<len_1;i++)
            {
                if(arr[i]!='.')
                zhengshu_1=zhengshu_1*10+(arr[i]-'0');
                else if(arr[i]=='.')
                break;
            } 
            
            if(arr[i]=='.')
            {
                for(t=i+1;t<len_1;t++)
                {
                    xiaoshu_1=xiaoshu_1+xiaoshuquanzhong*(arr[t]-'0');
                    xiaoshuquanzhong*=0.1;
                }
            }
            
            sum_1=(zhengshu_1+xiaoshu_1)*1.0;
            
        }
        
        else if(arr[0]=='+')
        {
            for(i=1;i<len_1;i++)
            {
                if(arr[i]!='.')
                zhengshu_1=zhengshu_1*10+(arr[i]-'0');
                else if(arr[i]=='.')
                break;
            } 
            
            if(arr[i]=='.')
            {
                for(t=i+1;t<len_1;t++)
                {
                    xiaoshu_1=xiaoshu_1+xiaoshuquanzhong*(arr[t]-'0');
                    xiaoshuquanzhong*=0.1;
                }
            }
            
            sum_1=(zhengshu_1+xiaoshu_1)*1.0;
        }
        
        
        else if(arr[0]=='-')
        {
            for(i=1;i<len_1;i++)
            {
                if(arr[i]!='.')
                zhengshu_1=zhengshu_1*10+(arr[i]-'0');
                else if(arr[i]=='.')
                break;
            } 
            
            if(arr[i]=='.')
            {
                for(t=i+1;t<len_1;t++)
                {
                    xiaoshu_1=xiaoshu_1+xiaoshuquanzhong*(arr[t]-'0');
                    xiaoshuquanzhong*=0.1;
                }
            }
            
            sum_1=(zhengshu_1+xiaoshu_1)*1.0;
            sum_1=0-sum_1;
        }
        
        
        
        
        
        
        xiaoshuquanzhong=0.1;
        if(brr[0]!='-'&&brr[0]!='+')
        {
            for(i=0;i<len_2;i++)
            {
                if(brr[i]!='.')
                zhengshu_2=zhengshu_2*10+(brr[i]-'0');
                else if(brr[i]=='.')
                break;
            } 
            
            if(brr[i]=='.')
            {
                for(t=i+1;t<len_2;t++)
                {
                    xiaoshu_2=xiaoshu_2+xiaoshuquanzhong*(brr[t]-'0');
                    xiaoshuquanzhong*=0.1;
                }
            }
            
            sum_2=(xiaoshu_2);
            
        }
        
        else if(brr[0]=='-')
        {
            for(i=1;i<len_2;i++)
            {
                if(brr[i]!='.')
                zhengshu_2=zhengshu_2*10+(brr[i]-'0');
                else if(brr[i]=='.')
                break;
            } 
            
            if(brr[i]=='.')
            {
                for(t=i+1;t<len_2;t++)
                {
                    xiaoshu_2=xiaoshu_2+xiaoshuquanzhong*(brr[t]-'0');
                    xiaoshuquanzhong*=0.1;
                }
            }
            
            sum_2=(zhengshu_2+xiaoshu_2)*1.0;
            sum_2=0-sum_2;
            
        }


         else if(brr[0]=='+')
        {
            for(i=1;i<len_2;i++)
            {
                if(brr[i]!='.')
                zhengshu_2=zhengshu_2*10+(brr[i]-'0');
                else if(brr[i]=='.')
                break;
            } 
            
            if(brr[i]=='.')
            {
                for(t=i+1;t<len_2;t++)
                {
                    xiaoshu_2=xiaoshu_2+xiaoshuquanzhong*(brr[t]-'0');
                    xiaoshuquanzhong*=0.1;
                }
            }
            
            sum_2=(zhengshu_2+xiaoshu_2)*1.0;
            
        }
        printf(""%.10f,%.10f"",sum_1,sum_2);
        if(sum_1==sum_2)
        printf(""YES\n"");
        else
        printf(""NO\n"");
    }
    return 0;
}",Backspacex2,Backspace,Backspacex2,Backspace,0x2 → Backspacex2,Backspace,
1434065,1739,WA,IDLE,pause_48s,626.1,811,"v

void merge(in tt x,int y{
s,in t eif(s == ereturn ;

int n;cin >> n;
solve(;
vector<int>input;void solve({
fror(int i = 1;i<=n;i++{

inp = vector<int>(n+1,;cin >> inp[i;

void update(int s1,int e1,int s2,int e2{
vector<int >tmp(e2-s11-s1+1(e2-s1+1;
int p = 0 ,s1, q = s2;
while(p<e=e1 ||  q <=e2{
if(p<e=e1 && q<=e2{
int x  ","#include<bits/stdc++.h>
using namespace std;
#define endl '\n'
typedef long long ll;
typedef pair<ll,ll> pii;

int n;
vector<int>inp;

void update(int s1,int e1,int s2,int e2){
    vector<int>tmp(e2-s1+1);
    int p = s1, q = s2,cnt = 0;
    while( p<=e1 || q<=e2){
        if(p<=e1 && q<=e2){
            if(inp[p] <= inp[q])tmp[cnt++] = inp[p++];
            else tmp[cnt++] = inp[q++];
        }else if(p>e1){
            while(q<=e2)tmp[cnt++] = inp[q++];
        }else while(p<=e1)tmp[cnt++] = inp[p++];
    }
    for(int i = s1;i<=e2;i++){
        inp[i] = tmp[i-s1];
    }
}

void merge(int s,int e){
    if(s >= e)return ;
    int mid = (e+s)/2;
    merge(s,mid);
    merge(mid+1,e);
    update(s,mid,mid+1,e);
}

void solve(){
    inp = vector<int>(n+1);
    for(int i = 1;i<=n;i++){
        cin >> inp[i];
    }
    merge(1,n);
    cout << inp[1];
    for(int i = 2;i<=n;i++){
        cout << ' ' << inp[i];
    }
    
}
int main(){
    ios::sync_with_stdio(false);cin.tie(0);cout.tie(0);
    cin >> n;
    solve();
}",,t → m → p → i → f → Shift → ( → i → n → p → [ → p →  x2 → Shift → < →   → = →   → i → n → p,,"t → m → p → i → f → Shift → ( → i → n → p → [ → p →  x2 → Shift → < →   → = →   → i → n → p → [ → q → t → m → p → . → p → u → s → h → [ → , → c → n → t →   → = →   → 0",,"t → m → p → i → f → Shift → ( → i → n → p → [ → p →  x2 → Shift → < →   → = →   → i → n → p → [ → q → t → m → p → . → p → u → s → h → [ → , → c → n → t →   → = →   → 0 → c → n → t → Shift → + → Shift → + →   → = →  ",
1267559,2260,WA,DEBUG,bs_pause_2x,1411.3,219,".1
printf()""%.6lf,sum_1,%.1010.001 
getchar(000","#include<stdio.h>
#include<string.h>
int main(void)
{
    int i,j,k,a,b,c,t;
    char arr[100];
    char brr[100];
    while(scanf(""%s"",arr)!=EOF)
    {
        scanf("" %s"",brr);
        int len_1=strlen(arr);
        int len_2=strlen(brr);
        double xiaoshuquanzhong=0.1;
        
        int zhengshu_1=0,zhengshu_2=0;
        double xiaoshu_1=0,xiaoshu_2=0.0;
        double sum_1=0,sum_2=0.0;
        
        if(arr[0]!='-'&&arr[0]!='+')
        {
            for(i=0;i<len_1;i++)
            {
                if(arr[i]!='.')
                zhengshu_1=zhengshu_1*10+(arr[i]-'0');
                else if(arr[i]=='.')
                break;
            } 
            
            if(arr[i]=='.')
            {
                for(t=i+1;t<len_1;t++)
                {
                    xiaoshu_1=xiaoshu_1+xiaoshuquanzhong*(arr[t]-'0');
                    xiaoshuquanzhong*=0.1;
                }
            }
            
            sum_1=(zhengshu_1+xiaoshu_1)*1.0;
            
        }
        
        else if(arr[0]=='+')
        {
            for(i=1;i<len_1;i++)
            {
                if(arr[i]!='.')
                zhengshu_1=zhengshu_1*10+(arr[i]-'0');
                else if(arr[i]=='.')
                break;
            } 
            
            if(arr[i]=='.')
            {
                for(t=i+1;t<len_1;t++)
                {
                    xiaoshu_1=xiaoshu_1+xiaoshuquanzhong*(arr[t]-'0');
                    xiaoshuquanzhong*=0.1;
                }
            }
            
            sum_1=(zhengshu_1+xiaoshu_1)*1.0;
        }
        
        
        else if(arr[0]=='-')
        {
            for(i=1;i<len_1;i++)
            {
                if(arr[i]!='.')
                zhengshu_1=zhengshu_1*10+(arr[i]-'0');
                else if(arr[i]=='.')
                break;
            } 
            
            if(arr[i]=='.')
            {
                for(t=i+1;t<len_1;t++)
                {
                    xiaoshu_1=xiaoshu_1+xiaoshuquanzhong*(arr[t]-'0');
                    xiaoshuquanzhong*=0.1;
                }
            }
            
            sum_1=(zhengshu_1+xiaoshu_1)*1.0;
            sum_1=0-sum_1;
        }
        
        
        
        
        
        
        xiaoshuquanzhong=0.1;
        if(brr[0]!='-'&&brr[0]!='+')
        {
            for(i=0;i<len_2;i++)
            {
                if(brr[i]!='.')
                zhengshu_2=zhengshu_2*10+(brr[i]-'0');
                else if(brr[i]=='.')
                break;
            } 
            
            if(brr[i]=='.')
            {
                for(t=i+1;t<len_2;t++)
                {
                    xiaoshu_2=xiaoshu_2+xiaoshuquanzhong*(brr[t]-'0');
                    xiaoshuquanzhong*=0.1;
                }
            }
            
            sum_2=(xiaoshu_2+zhengshu_2)*1.0;
            
        }
        
        else if(brr[0]=='-')
        {
            for(i=1;i<len_2;i++)
            {
                if(brr[i]!='.')
                zhengshu_2=zhengshu_2*10+(brr[i]-'0');
                else if(brr[i]=='.')
                break;
            } 
            
            if(brr[i]=='.')
            {
                for(t=i+1;t<len_2;t++)
                {
                    xiaoshu_2=xiaoshu_2+xiaoshuquanzhong*(brr[t]-'0');
                    xiaoshuquanzhong*=0.1;
                }
            }
            
            sum_2=(zhengshu_2+xiaoshu_2)*1.0;
            sum_2=0-sum_2;
            
        }

     
         else if(brr[0]=='+')
        {
            for(i=1;i<len_2;i++)
            {
                if(brr[i]!='.')
                zhengshu_2=zhengshu_2*10+(brr[i]-'0');
                else if(brr[i]=='.')
                break;
            } 
            
            if(brr[i]=='.')
            {
                for(t=i+1;t<len_2;t++)
                {
                    xiaoshu_2=xiaoshu_2+xiaoshuquanzhong*(brr[t]-'0');
                    xiaoshuquanzhong*=0.1;
                }
            }
            
            sum_2=(zhengshu_2+xiaoshu_2)*1.0;
            
        }
        
        
        if(sum_1==sum_2)
        printf(""YES\n"");
        else
        printf(""NO\n"");
    }
    return 0;
}",,Backspacex3,0x2,Backspacex3,0x3,Backspacex3,
1331402,0,RE,IDLE,pause_39s,1689.1,647,"#include<stdio.h>

int main({


return 0;int n;
while(scanf9(""%d,&n!=EOF{

int p[n,p_grade[n;
for([5int i=0;i<ni;i++{
scanf(""%%%%%%d ddddd,&&&&&&&p_grade[],&p[i0cc,v1,cv2,v3,v4;for(int i=0;i<n;i++{

;int t[5;
vkk5kk5kp_grade[]iccvkccv,tcvcvkcvkc
float grade[n[1;gradepgarrade[i[0=(cccv++/3;
","#include<stdio.h>

int main(){
    int n;
    while(scanf(""%d"",&n)!=EOF){
        int p[n],p_grade[n][5],t;
        float grade[n],ti;
        for(int i=0;i<n;i++){
            scanf(""%d%d%d%d%d%d"",&p[i],&p_grade[i][0],&p_grade[i][1],&p_grade[i][2],&p_grade[i][3],&p_grade[i][4]);
        }
        for(int i=0;i<n;i++){
            for(int k=0;k<5;k++){
                for(int j=k+1;j<5;j++){
                    if(p_grade[i][j]<p_grade[i][k]){
                        t=p_grade[i][j];
                        p_grade[i][j]=p_grade[i][k];
                        p_grade[i][k]=t;
                    }
                }
            }
            grade[i]=(float)(p_grade[i][1]+p_grade[i][2]+p_grade[i][3])/3;
        }
        for(int k=0;k<n;k++){
            for(int j=k+1;j<n;j++){
                if(grade[j]<grade[k]){
                    ti=grade[j];
                    grade[j]=grade[k];
                    grade[k]=ti;
                    t=p[j];
                    p[j]=p[k];
                    p[k]=t;
                }
            }
        }
        for(int i=0;i<n-1;i++){
            if(grade[i]==grade[i+1]&&p[i]<p[i+1]){
                t=p[i+1];
                p[i+1]=p[i];
                p[i]=t;
            }
        }
        for(int i=n-1;i>=0;i--){
            printf(""%.3d %.2f\n"",p[i],grade[i]);
        }
    }
    
    return 0;
}",,Control → c → Control → c → Controlx5 → v,,Control → c → Control → c → Controlx5 → v,,Control → c → Control → c → Controlx5 → v,
1132896,2112,PE,DEBUG,bs_pause_2x,1489.4,911,"#include <stdio.hg>
int mianain(
{
int n;
whikele(sxcanfcamf(""%smm,%d"",&n !=EOF
{
)ifor(*int i=0;i<n;i++
{

int num[n;scanf(""%d0,nuimumm[i;
for(int i=0;i<2;i++
{
scanf(""%s,d %s   
int cmd1;
char smdcmsd2;smdcmd1;cmd2);
if(cmd2=='L00
{
fior(int i=0;i<n;i++
{
printf(""
if(icmd1%n(+1)-1%d ,num[i;
for(int i=0;i<cmd1%(n+1;i++
{
printf(""%d ,num[i;
printf(:\n""""';
else if(cmsd==2=='R00
{
v

reutrn turn 0;
printf(:""\n;;,&&nn--1-v><n-10vn0v=c&
int count=0;
count+_++;
count++;
if(count>1==12
printf(""\n;
v
int count=0;
v
count++;
count++;2","#include <stdio.h>
int main()
{
    int n;
    while(scanf(""%d"",&n) !=EOF)
    {
        int num[n];
        for(int i=0;i<n;i++)
        {
            scanf(""%d"",&num[i]);
        }
        int cmd1;
        char cmd2;
        scanf(""%d %c"",&cmd1,&cmd2);
        if(cmd2=='L')
        {
            int count=0;
            for(int i=cmd1%(n);i<n;i++)
            {
                printf(""%d "",num[i]);
                count++;
                if(count==12)
                {
                    count-=12;
                    printf(""\n"");
                }
            }
            for(int i=0;i<cmd1%(n);i++)
            {
                printf(""%d "",num[i]);
                count++;
                 if(count==12)
                 {
                     count-=12;
                printf(""\n"");
                 }
            }
            if(count<=12)
            printf(""\n"");
        }
        else if(cmd2=='R')
        {
            int count=0;
            for(int i=n-cmd1%(n);i<n;i++)
            {
                printf(""%d "",num[i]);
                count++;
                 if(count==12){
                     count-=12;

                printf(""\n"");}
            }
            for(int i=0;i<n-cmd1%(n);i++)
            {
                printf(""%d "",num[i]);
                count++;
                 if(count==12){count-=12;
                printf(""\n"");}
            }
            if(count<=12)
            printf(""\n"");
        }
        printf(""\n"");
    }
    return 0;
}",3 →   → 5 →   → Backspacex7,Backspacex2 →  ,2 → 8 →   → 1 → 3 →   → 5 →   → Backspacex7,Backspacex2 →  x2 → Backspacex2 → Control → v,Control → Insert → Backspacex2 → 2 → 8 →   → 1 → 3 →   → 5 →   → Backspacex7,Backspacex2 →  x2 → Backspacex2 → Control → v,
1044971,1210,PE,IDLE,pause_54s,804.8,714,"##include<stdio.h>

#include<string.h>
#define MAX 
b
bool is_[prime(int nboolMAX+1

VOIDvoid init_make _prime(
{
for(int i=0;i<MAX;I++Ii{
prime[i=true;
prime[0=prime[1=falsalse;
for(int i=0;i<=qsort(MAX;i++{
if(is_prmieime((i{
for(int j=i*i;j<MAX;j+i{
=
#include<stdlib.h>
is_primeis_is_is+_prime(j=false';","#include<stdio.h>
#include<stdbool.h>
#include<stdlib.h>
#include<math.h>
#define MAX 1000000

bool is_prime[MAX+1];

void make_prime()
{
    for(int i=0;i<MAX;i++){
        is_prime[i]=true;
    }
    is_prime[0]=is_prime[1]=false;
    for(int i=2;i<=sqrt(MAX);i++){
        if(is_prime[i]){
            for(int j=i*i;j<MAX;j+=i){
                is_prime[j]=false;
            }
        }
    }
}

int main()
{
    make_prime();
    
    int n;
    int case_count=0;
    while(scanf(""%d"",&n)!=EOF){
        if(case_count>0){
            printf(""\n"");
        }
        case_count++;
        for(int a=0;a<=n/2;a++){
            int b=n-a;
            if(is_prime[a]&&is_prime[b]&&a<=b){
                printf(""%d %d\n"",a,b);
            }
        }
        printf(""\n"");
    }
    return 0;
}",,Enterx2 → i → n → t →   → m → a → i → n → Shift → ( → Enter → Shift → { → Enter → m → a → k → e → Shift → _ → p → r → i,,Enterx2 → i → n → t →   → m → a → i → n → Shift → ( → Enter → Shift → { → Enter → m → a → k → e → Shift → _ → p → r → i → e → m → e → Shift → ( → Enterx2 → i → n → g → t →  ,,Enterx2 → i → n → t →   → m → a → i → n → Shift → ( → Enter → Shift → { → Enter → m → a → k → e → Shift → _ → p → r → i → e → m → e → Shift → ( → Enterx2 → i → n → g → t →  ,
1366530,1533,NoData,DEBUG,bs_pause_3x,1228.4,420,"#<>stdio.h
int main(
{}
return 0;
int n;
while(scanf(""%d,&n!=EOF
{}
for(int i=0;i<n;i++
{}
scanf(""%d,m&;

if(n%2!=0
{}
printf(""NO\n;
continue;

else{
}if(m%2==0=
{}
flag=0;
breajk;
flag=1;.,flag
if(flagprintff(""YES\n;
else printf(""NO\n;,mc
v<0
if(m%2==0[101[i
{

}  flag=0;
braeak;[]i if(flag==0==1breakcont","#include<stdio.h>
int main()
{
    int n,sum,m[101];
    while(scanf(""%d"",&n)!=EOF)
    {
        sum=0;
        if(n%2==0)
        {
            printf(""NO\n"");
            continue;
        }
        for(int i=0;i<n;i++)
        {
            scanf(""%d"",&m[i]);
            sum+=m[i];
        }
        if(sum%2!=0)printf(""YES\n"");
        else if(sum%2==0) printf(""NO\n"");
    }
    return 0;
}",Backspacex5,Backspace,c → o → n → t → i → n → u → r → e → Backspacex5,Backspace,c → o → n → t → i → n → u → r → e → Backspacex5,Backspace,
1423586,1027,TLE,IDLE,pause_53s,1289.0,713,"#incluseswswdeM<bits/stdc++.h>
usning namespace std;

in t main*({
 s;
string 12s2;
cin >> s1 >> s2;
sorsorsortsoralphaiasortint start = 10;
int diidx idx idxidxidx = -990;
for(int i - =  = 0 ; i < srosorwhilewhielle(11{
bool falg lag = false;
ffor(int i -= 9 0 ; i < len ; 
int len idxlen len len ","#include<bits/stdc++.h>
using namespace std;

int main(){
    string s1;
    string s2;
    while(cin >> s1 >> s2){
        int len_1 = s1.size();
        int len_2 = s2.size();
        int idx = 0;
        bool find_flag = false;
        int cnt = 0;
        while(1){
            bool flag = false;
            for(int i = 0 ; i < len_1 ; i++){
                if(s1[i] == s2[idx]){
                    idx ++;
                    flag = true;
                    if(idx == len_2){
                        find_flag = true;
                        break;
                    }
                }
            }
            cnt ++;
            if(!flag || find_flag) break;
        }
        if(find_flag) printf(""%d"" , cnt);
        else printf(""-1"");
        printf(""\n"");
    }
    return 0;
}",,-x2 →   → = →   → l →   → 1 → Shift → _ → 1 →   → = →  ,,-x2 →   → = →   → l →   → 1 → Shift → _ → 1 →   → = →   → s → 1 → . → s → i → z → e → 9 → Shift → ( → ; → Enter → i → n → t →   → l → e → n →   → Shift → _ → 2 →  x2 → = →   → s,,-x2 →   → = →   → l →   → 1 → Shift → _ → 1 →   → = →   → s → 1 → . → s → i → z → e → 9 → Shift → ( → ; → Enter → i → n → t →   → l → e → n →   → Shift → _ → 2 →  x2 → = →   → s → 2 →   → . → s → i → z → e → Shift → ( → ;,
1310273,2252,AC,DEBUG,bs_pause_2x,1229.9,564,"v=

#inclue=de<stdio.h>
#include<string.h>
inf T =t Run(int n{
if((n%400===0||(n%100!=0&&n%4==0)return 1;
return 0;in
int main(vpoid{
    
char s[19;    (-'0')(]-')0'(-'0')]-'0     int m    =a[10*2010+(s[10-'0'])s[11-'0;,d=(a[12s-'0*10+s[193-'0;    ){     }       0||         =
}
}
else{
cv]        ||{=           }]=};;=
scS+=(s[i-'0*q[i;
","#include<stdio.h>
#include<string.h>
int Run(int n){
    if((n%400==0)||(n%100!=0&&n%4==0))return 1;
    return 0;
}

int main(void){
    char s[19];
    while(scanf(""%s"",s)!=EOF){ 
    int error1=0,error2=0; 
    int y=1000*(s[6]-'0')+100*(s[7]-'0')+10*(s[8]-'0')+(s[9]-'0'); 
    int m=(s[10]-'0')*10+s[11]-'0',d=(s[12]-'0')*10+(s[13]-'0');
    if(Run(y)){
     int mm[]={0,31,29,31,30,31,30,31,31,30,31,30,31}; 
     if(m<=0||m>12||mm[m]<d){ 
         error1=1; 
     }
    }
    else{
        int mm[]={0,31,28,31,30,31,30,31,31,30,31,30,31};
        if(m<=0||m>12||mm[m]<d){
           error1=1; 
    }
}
int q[]={7,9,10,5,8,4,2,1,6,3,7,9,10,5,8,4,2}; 
int S=0;
for(int i=0;i<17;i++){
    S+=(s[i]-'0')*q[i];
}
int Y=S%11; 
int yy[]={1,0,10,9,8,7,6,5,4,3,2}; 
if(Y!=2&&yy[Y]!=s[17]-'0')error2=1; 
else if(Y==2)if(s[17]!='X')error2=1;
if(error1==1&&error2==0)printf(""ERROR 01 \n""); 
else if(error1==0&&error2==1)printf(""ERROR 02\n""); 
else if(error1==1&&error2==1)printf(""ERROR 03\n""); 
else printf(""PASS\n""); 
}
return 0;
}",Control → Insert → Backspace,Backspacex2,Control → Insert → Backspace,Backspacex2 → Control → Insert → Backspace,Control → v → Control → Insert → Backspace,Backspacex2 → Control → Insert → Backspace,
1250736,2272,NoData,IDLE,pause_31s,371.5,400,"#icnludeldeuden<>stdio.h
int main(
{
icahrhar s[8;
]swhile(scanf""%(""%s,s!=EOF
{
for(int i=if(s[1='+
{

int suym=0;m=0;
   sum=s[0+-'0's[2-'0()();

else if(s[1==='-
{
cv-
elsisee if(s[1=='*
{
sumncv*
eslse if(s[1=='/
{
cxcv/
printf(""%d,sum\n;","#include<stdio.h>
#include<string.h>
int main()
{
    char s[8];
    while(scanf(""%s"",s)!=EOF)
    {
        
        int sum=0;
        if(s[1]=='+')
        {
           sum=(s[0]-'0')+(s[2]-'0');
        }
        else if(s[1]=='-')
        {
            sum=(s[0]-'0')-(s[2]-'0');
        }
        else if(s[1]=='*')
        {
             sum=(s[0]-'0')*(s[2]-'0');
        }
        else if(s[1]=='/')
        {
            sum=(s[0]-'0')/(s[2]-'0');
        }
        printf(""%d\n"",sum);
    }
}",,Control → Insert,,Control → Insert,,Control → Insert → Enter → Shift → # → i,
1331402,0,RE,IDLE,pause_50s,1689.1,647,"#include<stdio.h>

int main({


return 0;int n;
while(scanf9(""%d,&n!=EOF{

int p[n,p_grade[n;
for([5int i=0;i<ni;i++{
scanf(""%%%%%%d ddddd,&&&&&&&p_grade[],&p[i0cc,v1,cv2,v3,v4;for(int i=0;i<n;i++{

;int t[5;
vkk5kk5kp_grade[]iccvkccv,tcvcvkcvkc
float grade[n[1;gradepgarrade","#include<stdio.h>

int main(){
    int n;
    while(scanf(""%d"",&n)!=EOF){
        int p[n],p_grade[n][5],t;
        float grade[n],ti;
        for(int i=0;i<n;i++){
            scanf(""%d%d%d%d%d%d"",&p[i],&p_grade[i][0],&p_grade[i][1],&p_grade[i][2],&p_grade[i][3],&p_grade[i][4]);
        }
        for(int i=0;i<n;i++){
            for(int k=0;k<5;k++){
                for(int j=k+1;j<5;j++){
                    if(p_grade[i][j]<p_grade[i][k]){
                        t=p_grade[i][j];
                        p_grade[i][j]=p_grade[i][k];
                        p_grade[i][k]=t;
                    }
                }
            }
            grade[i]=(float)(p_grade[i][1]+p_grade[i][2]+p_grade[i][3])/3;
        }
        for(int k=0;k<n;k++){
            for(int j=k+1;j<n;j++){
                if(grade[j]<grade[k]){
                    ti=grade[j];
                    grade[j]=grade[k];
                    grade[k]=ti;
                    t=p[j];
                    p[j]=p[k];
                    p[k]=t;
                }
            }
        }
        for(int i=0;i<n-1;i++){
            if(grade[i]==grade[i+1]&&p[i]<p[i+1]){
                t=p[i+1];
                p[i+1]=p[i];
                p[i]=t;
            }
        }
        for(int i=n-1;i>=0;i--){
            printf(""%.3d %.2f\n"",p[i],grade[i]);
        }
    }
    
    return 0;
}",,[ → i → [ → 0 → =,,[ → i → [ → 0 → =,,[ → i → [ → 0 → =,
1167800,1515,NoData,DEBUG,bs_pause_2x,651.7,359,v,"#include <stdio.h>
#define MAX 15
struct S 
{
    char n[11];
    int c, m, e, t;
};
int main() 
{
    int k, n, i, j, first = 1;
    struct S s[MAX], tmp;
    while (scanf(""%d"", &n) != EOF) 
    {
        for (i = 0; i < n; i++) 
        {
            scanf(""%s %d %d %d"", s[i].n, &s[i].c, &s[i].m, &s[i].e);
            s[i].t = s[i].c + s[i].m + s[i].e;
        }
        if (!first) printf(""\n"");
        first = 0;
        for (i = 0; i < n - 1; i++) 
        {
            for (j = 0; j < n - i - 1; j++) 
            {
                if (s[j].t < s[j+1].t || 
                    (s[j].t == s[j+1].t && strcmp(s[j].n, s[j+1].n) > 0)) 
                    {
                    tmp = s[j];
                    s[j] = s[j+1];
                    s[j+1] = tmp;
                }
            }
        }
        for (k = 0; k < 3 && k < n; k++) 
        {
            printf(""%s %d\n"", s[k].n, s[k].t);
        }
        printf(""\n"");
        for (i = 0; i < n - 1; i++) 
        {
            for (j = 0; j < n - i - 1; j++) 
            {
                if (s[j].c < s[j+1].c || 
                    (s[j].c == s[j+1].c && strcmp(s[j].n, s[j+1].n) > 0)) 
                {
                    tmp = s[j];
                    s[j] = s[j+1];
                    s[j+1] = tmp;
                }
            }
        }
        for (k = 0; k < 3 && k < n; k++) 
        {
            printf(""%s %d\n"", s[k].n, s[k].c);
        }
        printf(""\n"");
        for (i = 0; i < n - 1; i++) 
        {
            for (j = 0; j < n - i - 1; j++) 
            {
                if (s[j].m < s[j+1].m || 
                    (s[j].m == s[j+1].m && strcmp(s[j].n, s[j+1].n) > 0)) 
                {
                    tmp = s[j];
                    s[j] = s[j+1];
                    s[j+1] = tmp;
                }
            }
        }
        for (k = 0; k < 3 && k < n; k++) 
        {
            printf(""%s %d\n"", s[k].n, s[k].m);
        }
        printf(""\n"");
        for (i = 0; i < n - 1; i++) 
        {
            for (j = 0; j < n - i - 1; j++) 
            {
                if (s[j].e < s[j+1].e || 
                    (s[j].e == s[j+1].e && strcmp(s[j].n, s[j+1].n) > 0)) 
                {
                    tmp = s[j];
                    s[j] = s[j+1];
                    s[j+1] = tmp;
                }
            }
        }
        for (k = 0; k < 3 && k < n; k++) 
        {
            printf(""%s %d\n"", s[k].n, s[k].e);
        }
    }
    return 0;
}",,Backspacex2 → Enter,,Backspacex2 → Enterx3,,Backspacex2 → Enterx6,
1072733,1508,MLE,IDLE,pause_43s,1479.0,819,"#<stdio.h>
int main()
{
int m;
nwhile(scanf(""%d,&n!=EOF
{
int result=1;
if(nlong longll%2=1!=06!=0
{
result=0';
int num[;
if(for(int i=0;i<3;i++
{
ontint temp;
temp=n%10;0=1
,Result=0
n?/10=;
nj
if(temp==6
{
Result=1;
if(result && Result
{
cnunum[i=n;
","#include<stdio.h>
int main()
{
    int num[1000000000]={0};
    int k=0;
    for(long long i=0;i<1000000000;i++)
    {
        int a,b,c;
        a=i%10;
        b=i%100-a;
        c=i%1000-b-a;
        if(i%6==0 || a==6 || b==60 || c==600)
        {
            num[k]=i;
            k++;
        }
    }
    int n;
    while(scanf(""%d"",&n)!=EOF)
    {
        printf(""%d\n"",num[n]);
    }
    return 0;
}",,i → n → t →   → n → u → m → [ → i,,i → n → t →   → n → u → m → [ → i → 1 → 0x5 → = → Shift → { → 0,,i → n → t →   → n → u → m → [ → i → 1 → 0x5 → = → Shift → { → 0 → Shift → } → ; → Enter → f → o → r → Shift → ( → i → n → t →   → i → = → 0 → ; → i → Shift → <,
1132907,2112,PE,DEBUG,bs_pause_2x,1498.0,915,"#include <stdio.hg>
int mianain(
{
int n;
whikele(sxcanfcamf(""%smm,%d"",&n !=EOF
{
)ifor(*int i=0;i<n;i++
{

int num[n;scanf(""%d0,nuimumm[i;
for(int i=0;i<2;i++
{
scanf(""%s,d %s   
int cmd1;
char smdcmsd2;smdcmd1;cmd2);
if(cmd2=='L00
{
fior(int i=0;i<n;i++
{
printf(""
if(icmd1%n(+1)-1%d ,num[i;
for(int i=0;i<cmd1%(n+1;i++
{
printf(""%d ,num[i;
printf(:\n""""';
else if(cmsd==2=='R00
{
v

reutrn turn 0;
printf(:""\n;;,&&nn--1-v><n-10vn0v=c&
int count=0;
count+_++;
count++;
if(count>1==12
printf(""\n;
v
int count=0;
v
count++;
count++ ","#include <stdio.h>
int main()
{
    int n;
    while(scanf(""%d"",&n) !=EOF)
    {
        int num[n];
        for(int i=0;i<n;i++)
        {
            scanf(""%d"",&num[i]);
        }
        int cmd1;
        char cmd2;
        scanf(""%d %c"",&cmd1,&cmd2);
        if(cmd2=='L')
        {
            int count=0;
            for(int i=cmd1%(n);i<n;i++)
            {
                printf(""%d "",num[i]);
                count++;
                if(count==12)
                {
                    count-=12;
                    printf(""\n"");
                }
            }
            for(int i=0;i<cmd1%(n);i++)
            {
                printf(""%d "",num[i]);
                count++;
                 if(count==12)
                 {
                     count-=12;
                printf(""\n"");
                 }
            }
            if(count<12)
            printf(""\n"");
        }
        else if(cmd2=='R')
        {
            int count=0;
            for(int i=n-cmd1%(n);i<n;i++)
            {
                printf(""%d "",num[i]);
                count++;
                 if(count==12){
                     count-=12;
                printf(""\n"");}
            }
            for(int i=0;i<n-cmd1%(n);i++)
            {
                printf(""%d "",num[i]);
                count++;
                 if(count==12){count-=12;
                printf(""\n"");}
            }
            if(count<12)
            printf(""\n"");
        }
        printf(""\n"");
    }
    return 0;
}",Backspace →  x2 → Backspace,Backspace → Control → v,5 →   → Backspacex9 →  x2 → Backspace,Backspace → Control → v,  → 1 → 3 →   → 5 →   → Backspacex9 →  x2 → Backspace,Backspace → Control → v → Control → Insert → /x2,
1259941,1084,TLE,IDLE,pause_38s,1210.7,602,"#include<stdio.h>
int main({
llongong n; long
whiwjhile(scanf(""%dll,&n!=EOF{

int i;for(i=1;i8i*i<n;i++{

int gcd(int a,int b{
icint i;
for(i-=min;i>0;i--{

if(a<b{
a=mknin=a;
else{
min=b;
int min;cxhxhfor(i=2;i<=min;i++
if(
itnnt min;
if(a<b{
amin=a;
else{
min=b;{
if(a%i==0&&nb%i==0{
return 0;
else{
return 1;
if(min==1{
reeturn 1;,jfor(i=1;i<n;i++{
for(j=i+1;j<=n;j++{
if(gcd{
c
ilongl longlong long sum;sum=i+j;21,sum2
if(sum2>sum1{
sum1=sun2;
sum1=0;","#include<stdio.h>
int gcd(int a,int b){
    int i;
    int min;
    if(a<b){
        min=a;
    }
    else{
        min=b;
    }
    if(min==1){
        return 1;
    }
    for(i=2;i<=min;i++){
        if(a%i==0&&b%i==0){
            return 0;
        }
        else{
            return 1;
        }
    }
}
int main(){
    long long n;
    long long i,j;
    long long sum1,sum2;
    while(scanf(""%lld"",&n)!=EOF){
        sum1=0;
        for(i=1;i<n;i++){
            for(j=i+1;j<=n;j++){
                if(gcd){
                    sum2=i+j;
                }
                if(sum2>sum1){
                    sum1=sum2;
                }
            }
        }
        printf(""%lld\n"",sum1);
    }
    return 0;
}",,Enter → s → u → m → 1 → = → 0 → ;,,Enter → s → u → m → 1 → = → 0 → ; → m,,Enter → s → u → m → 1 → = → 0 → ; → m → Control → c,
1435074,1029,WA,DEBUG,bs_pause_2x,1152.1,749,"#include<>bits/stdc++.h
using names std;
int main({
whilestring s;
while(cin>>s{
s=' +s;
stack<>pair<>long long,long longchar s1;
t;
for(int i=1;i<s.size(;i+=+{
if(s[i=='({
st.push({'(,i;
else{
cout<<st.top(.second<<' <<i;
if(<<endl;
return 0;
st.pop(;
vector<>pair<>long long,long long result;res.push_back({st.top(.second,i;
for(int i=resu.size(-1;i>=0;i--{

if(st.empty({
for(int j=res.size(-1;i>=0;i++{
cout<<res.first<<' <<res.second<<endl;[]j[]j
rewss.clear(;stack.top(.top(
res.pop(;while()!res.empty(scanf(""
char s1[v;5
%s,s1s1s=;","#include<bits/stdc++.h>
using namespace std;
int main(){
    string s;
    char s1[100005];
    while(scanf(""%s"",s1)!=EOF){
        s=s1;
        s=' '+s;
        stack<pair<char,long long>> st;
        stack<pair<long long,long long>> result;
        for(int i=1;i<s.size();i++){
            if(s[i]=='('){
                st.push({'(',i});
            }
            else{
                result.push({st.top().second,i});
                st.pop();
            }
            if(st.empty()){
                while(!result.empty()){
                    printf(""%lld %lld\n"",result.top().first,result.top().second);
                    result.pop();
                }
            }
        }
    }
    return 0;
}",,Backspacex2,s → 1 → s → = → ;,"Backspacex2 → p → r → i → n → t → f → Shift → ( → Shiftx5 → ""","Shift → % → s → , → s → 1 → s → 1 → s → = → ;","Backspacex2 → p → r → i → n → t → f → Shift → ( → Shiftx5 → "" → Shift → % → l",
1268406,1664,NoData,IDLE,pause_120s,1588.3,681,"##include<stdio.h>
int main(
{


return 0;intchar cnt1[100;
char cnt2[100;
whielle(scanf(""%s%S,&cnt1,cnt2!=EOF
{


int lenm1=strlen(cnt1;
#stringfinclude<string.h>int len2=srerlent(cnt2;int min=len1?len1<=len2;
whilefor(int i=0;i<min;i++
{



cnt[1i-
char cnt3[3100;cnt3[i=cnt[1i+cnyt[i2_--'a;>=maxmaxfor(int i=0printf(""%s\n,cnt[i33;s{()?len1:len2100ccint num1;
if(i<len1
{
num1=cnt1[i-'a;
else
{
num1='0;","#include<stdio.h>
#include<string.h>
int main()
{
    char cnt1[100];
    char cnt2[100];
    while(scanf(""%s%s"",cnt1,cnt2)!=EOF)
    {
        char cnt3[100];
        int len1=strlen(cnt1);
        int len2=strlen(cnt2);
        int max=(len1>=len2)?len1:len2;
        for(int i=0;i<max;i++)
        {
            int num1;
            int num2;
            if(i<len1)
            {
                num1=cnt1[i]-'a';
            }
            else
            {
                num1=0;
            }
            if(i<len2)
            {
                num2=cnt2[i]-'a';
            }
            else
            {
                num2=0;
            }
            int sum=num1+num2;
            int num3=sum%26;
            cnt3[i]=num3+'a';
        }
        cnt3[max]='\0';
        printf(""%s\n"",cnt3);
        
    }
    
    return 0;
}",,Enter → Shift → i → n → f → Shift → ( → i → Shift → < → l,,Enter → Shift → i → n → f → Shift → ( → i → Shift → < → l → e → n → 2 → Enter → Shiftx15 → { → Enter → n → u → m → 2 → Enter → i → n,,Enter → Shift → i → n → f → Shift → ( → i → Shift → < → l → e → n → 2 → Enter → Shiftx15 → { → Enter → n → u → m → 2 → Enter → i → n → t →   → n → u → m → 2 → ; → = → c → n,
1375570,0,RE,IDLE,pause_45s,483.8,268,"
#include <string.h>
int main({
int n;
while(scanf(""%d,&n!=EOF{
int len=strlen(n;
while(n>0{
na=int n%10;
if(a==7{
cnt++;,cnt=0
,s
int sum;sum=0+=a;
n/10;
if(cnt","#include <stdio.h>
#include <string.h>
int main(){
    int n;
    while(scanf(""%d"",&n)!=EOF){
        int len=strlen(n),cnt=0,sum=0;
        while(n>0){
            int a=n%10;
            if(a==7){
                cnt++;
            }
            sum+=a;
            n/=10;
        }
        if(cnt>len||sum%7==0){
            printf(""Yes\n"");
        }else{
            printf(""No\n"");
        }
    }
    return 0;
}",,Shift → >,,Shift → >,,Shift → > → s,
1024866,2170,MLE,IDLE,pause_75s,650.6,576,"#include<stdio.h>
int main(
{






return 0;int N;
while(scanf(""%d,&N!=EOF
{
for(int i=1;i<+n:I++;i++

{
scanf(""%d,&a;[iN0    intlong long int a[10000000;long long 












if(a[i>=0&&a[i<=9527
{
=b[i=a[icount++;
int coutnt=0;
long long int b[10000000llif(count>=0
{
printf("".3lf\n,ave;else
{
printf(""0\n;





for(intlong long i=0;i<=count;i++{
sum+=b[i;int sum=0;int ave=sum/3.000;double;","#include<stdio.h>
int main()
{
    int N;
    while(scanf(""%d"",&N)!=EOF)
    {    long long int a[10000000];
        int count=0;
        long long int b[10000000]={0};
      for(long long int i=0;i<N;i++)
        {
            scanf(""%lld"",&a[i]);
       if(a[i]>=0&&a[i]<=9527)
       {
           b[count++]=a[i];
       }
       
           }
  int sum=0;
  for(long long i=0;i<=count;i++)
  {
      sum+=b[i];
  }
  
  double ave=sum/3.000;
  
   if(count>0||count==0&&b[0]!=0)
   {
       printf(""%.3lf\n"",ave);
   }
   
   else
   {
       printf(""0\n"");
   }
 
    }
   
    return 0;
}",,= → Shift → { → 0 → Shift → },,= → Shift → { → 0 → Shift → },,= → Shift → { → 0 → Shift → } → Shiftx13,
1132855,2112,PE,DEBUG,bs_pause_2x,1327.5,802,"#include <stdio.hg>
int mianain(
{
int n;
whikele(sxcanfcamf(""%smm,%d"",&n !=EOF
{
)ifor(*int i=0;i<n;i++
{

int num[n;scanf(""%d0,nuimumm[i;
for(int i=0;i<2;i++
{
scanf(""%s,d %s   
int cmd1;
char smdcmsd2;smdcmd1;cmd2);
if(cmd2=='L00
{
fior(int i=0;i<n;i++
{
printf(""
if(icmd1%n(+1)-1%d ,num[i;
for(int i=0;i<cmd1%(n+1;i++
{
printf(""%d ,num[i;
printf(:\n""""';
else if(cmsd==2=='R00
{
v

reutrn turn 0;
printf(:""\n;;,&&nn--1-v><n-10vn0v=c&
int count=0;
count+_++;
count++;
if(count>1==12
printf(""\n;
v
int count=0;
v
count++;
count++;2","#include <stdio.h>
int main()
{
    int n;
    while(scanf(""%d"",&n) !=EOF)
    {
        int num[n];
        for(int i=0;i<n;i++)
        {
            scanf(""%d"",&num[i]);
        }
        int cmd1;
        char cmd2;
        scanf(""%d %c"",&cmd1,&cmd2);
        if(cmd2=='L')
        {
            int count=0;
            for(int i=cmd1%(n);i<n;i++)
            {
                printf(""%d "",num[i]);
                count++;
                if(count==12)
                printf(""\n"");
            }
            for(int i=0;i<cmd1%(n);i++)
            {
                printf(""%d "",num[i]);
                count++;
                 if(count==12)
                printf(""\n"");
            }
            //printf(""\n"");
        }
        else if(cmd2=='R')
        {
            int count=0;
            for(int i=n-cmd1%(n);i<n;i++)
            {
                printf(""%d "",num[i]);
                count++;
                 if(count==12)
                printf(""\n"");
            }
            for(int i=0;i<n-cmd1%(n);i++)
            {
                printf(""%d "",num[i]);
                count++;
                 if(count==12)
                printf(""\n"");
            }
            //printf(""\n"");
        }
        printf(""\n"");
    }
    return 0;
}",3 →   → 5 →   → Backspacex7,Backspacex2 →  ,2 → 8 →   → 1 → 3 →   → 5 →   → Backspacex7,Backspacex2 →  x2 → Backspacex2 → Control → v,Control → Insert → Backspacex2 → 2 → 8 →   → 1 → 3 →   → 5 →   → Backspacex7,Backspacex2 →  x2 → Backspacex2 → Control → v,
1350070,1087,TLE,DEBUG,bs_pause_2x,1782.7,752,"ing。》《,<stdio.h>
int main({
int n;
xswhile(scanf(""%d,&n!=EOF{
inrt mat[105[1045];
int fori(int i=0;i<ninr =t num-=1;
int top=0,bottom=n-1,left=0,right=mn-1;

mat[torp[right=num+=+;
while(num<=n*n{
for(int i=top+1;i<=botototom=;i++{
mat[i[right=num++;
right_--;

for(int j=right;j>=left;j__{
mat[bottom[j=mnum++;
bottom--;

for(int i=bottom;i>=tpop;i--{--
mat[i[l-=num++;
}
left++;
for(int i=j=le;j<=right;j++{
mat[i[topj=num++;right--top--;+++;
for(itnnt i=0;i<n;i++{
for(int j=0;j<n;j++{
printf(""%fd ,mat[i[j;
printf(""\n;
return 0;
prinfcx}v}={00}cc&&n*n<numnum<=n*n&&num<n*n&&num<n*Nn&&num<=Nn*nvvv","#include<stdio.h>
int main(){
    int n;
    // 快速输入（避免scanf默认缓冲导致的耗时）
    while (scanf(""%d"", &n) != EOF) {
        int mat[105][105] = {0};
        int num = 1;
        int top = 0, bottom = n - 1, left = 0, right = n - 1;
        
        mat[top][right] = num++;
        // 填充循环：用边界是否交叉代替部分num判断，减少条件判断耗时
        while (top <= bottom && left <= right) {
            // 1. 右列：从上到下
            if (top < bottom) { // 确保有行可填，避免无效循环
                for (int i = top + 1; i <= bottom; i++) {
                    mat[i][right] = num++;
                }
                right--;
            }
            
            // 2. 下层：从右到左
            if (left < right) { // 确保有列可填
                for (int j = right; j >= left; j--) {
                    mat[bottom][j] = num++;
                }
                bottom--;
            }
            
            // 3. 左列：从下到上
            if (top < bottom) {
                for (int i = bottom; i >= top; i--) {
                    mat[i][left] = num++;
                }
                left++;
            }
            
            // 4. 上层：从左到右
            if (left < right) {
                for (int j = left; j <= right; j++) {
                    mat[top][j] = num++;
                }
                top++;
            }
        }
        
        // 快速输出：减少printf调用次数（耗时关键优化）
        for (int i = 0; i < n; i++) {
            // 首元素直接输出
            printf(""%d"", mat[i][0]);
            // 后续元素用一个printf输出，减少系统调用
            for (int j = 1; j < n; j++) {
                printf("" %d"", mat[i][j]);
            }
            printf(""\n"");
        }
    }
    return 0;
}",Meta → v → Meta → v → Meta → v,Backspacex9,Meta → v → Backspacex3 → Meta → v → Meta → v → Meta → v,Backspacex9,Meta → v → Backspacex3 → Meta → v → Meta → v → Meta → v,Backspacex9 → Meta → v,
1165335,1683,CE,IDLE,pause_38s,833.3,320,"#<stdio.h>
int main({

return 0;
int n;while
(scanf(""%d&,n,!=eEOF
{
int num=(n-4/3;
int len=m+2;
for(int i=0;i<len;i++
printf(""%02d{
,i=1;
printf(""\n;
for(int i=0;jz,<k;i++
{
printf("" ;
printf(""%02d,m
","#include<stdio.h>
int main()
{
    int n;
    while(scanf(""%d"",&n)!=EOF)
    {
        int m=(n-4)/3;
        int len=m+2;
        for(int i=1;i<=len;i++)
        {
            printf(""%02d"",i);
        }
        printf(""\n"");
        for(int i=len+1;i<=len+m=1;i++)
        {
            for(int i=0;i<m;i++)
            {
                printf("" "");
            }
            printf(""%02d\n"",len);
        }
        
        
    }
    return 0;
}",,k → \ → n,,k → \ → n,,k → \ → n → l → e → n,
1213809,1129,TLE,IDLE,pause_45s,1199.3,727,"int #include <stdio.h>

int is_prime(int num{
if(num<2{
return 0;
if(num==2||num==3{
return 1;
if(num%2==0||num%3==0{
return 0;
for(int i=5;u<=i<=num/i;i+=6{
if(num%i==0||num%(i+2==0{
return 0;
return 1;

int main({
int N;
while(scanf(""%d,&N!==1{
scanf(""%d,&N;
for(int i=0;i<N;i++{
scamf
int a,b;scanf(""%d %d,&a,&b;


int getprime(int n{
int num = 2;
int cnt  = = 0;
while(1{
if(isp(num{
cnt++;
if(cnt==n{
return num;
num++;
return -1;int x;
int cnt = 0;
while(x>=a&&x<=b{
if(if(iss(x{
cnt++","#include <stdio.h>

int is_prime(int num) {
    if (num < 2) {
        return 0;
    }
    if (num == 2 || num == 3) {
        return 1;
    }
    if (num % 2 == 0 || num % 3 == 0) {
        return 0;
    }
    for (int i = 5; i <= num / i; i += 6) {
        if (num % i == 0 || num % (i + 2) == 0) {
            return 0;
        }
    }
    return 1;
}

int main() {
    int N;
    scanf(""%d"", &N);
    for (int i = 0; i < N; i++) {
        int a, b;
        scanf(""%d %d"", &a, &b);
        int cnt = 0; 
        for (int j = a; j <= b; j++) {
            if (is_prime(j)) {
                cnt++;
            }
        }
        printf(""%d\n"", cnt); 
    }
    return 0;
}",,f → o → r → Shift → ( → i → n → t →   → i → = → a → ; → i → Shift → < → = → b → ; → i,,f → o → r → Shift → ( → i → n → t →   → i → = → a → ; → i → Shift → < → = → b → ; → i → Shift → +x2 → Shift → { → Enter,,f → o → r → Shift → ( → i → n → t →   → i → = → a → ; → i → Shift → < → = → b → ; → i → Shift → +x2 → Shift → { → Enter → i → f → Shift → ( → ix2 → s → Shift → ( → i,
1329838,0,RE,IDLE,pause_43s,760.3,805,"#clufde <stdio.h.>
#inlcu==cl<string.h.>
int main(

{
retirnurn 90;
cahhar lesecret[35;='\0
whhilhile(scanf:(""r%ds,&stecret","#include <stdio.h>
#include<string.h>
int main()
{
    char secret[35];
    while(scanf(""%s"",&secret)!=EOF)
    {
        int len=strlen(secret);
        if(len<8)
        {
            printf(""no"");
        }else{
            int num,upper,lower,special=0;
            for(int i=0;i<len;i++)
            {
                if(secret[i]>='0'&&secret<='9')
                {
                    num=1;
                }
                if(secret[i]>='a'&&secret[i]<='z')
                {
                    lower=1;
                }
                if(secret[i]>='A'&&secret[i]<='Z')
                {
                    upper=1;
                }
                if(secret[i]=='!'||secret[i]=='@'||secret[i]=='#'||secret[i]=='$'||secret[i]=='*'||secret[i]=='~')
                {
                    special=1;
                }
            }
            if(num+lower+upper+special>=3)
            {
                printf(""yes"");
            }else{
                printf(""no"");
            }
        }
        printf(""\n"");
    }
    return 0;
}",,Shift → ! → = → Shift → E → Shift → O → f → Shiftx2 → F → Enter → Shift → { → Enter,,Shift → ! → = → Shift → E → Shift → O → f → Shiftx2 → F → Enter → Shift → { → Enter,,Shift → ! → = → Shift → E → Shift → O → f → Shiftx2 → F → Enter → Shift → { → Enter,
1248473,1514,WA,DEBUG,bs_pause_2x,1592.1,1129," 0;
if(n==2 return 1;
if(n%2==0 return 0;
for(int i=3;i<sq(n;i+=2{
if(n%i==10{
return 0;
return 1;
int maint ids_wei(int n;{
whint c=0;
while(n>0{
n/10=n/10;
c++
c++;1return c;
int main({
int n;
while(scanf(""%Dd,&n!+=EOF{
int num;
for(int i=0;i<n;i++{
scanf(""%d,&num;
int a=is(num;
if(n%a%3==0{
while(num>0{
num%=int b=num%1000;
if(
int is_su(int n{
(n%3==,int num0{
while(num>0{
int a=num%1000;
if(is(a{
return 1nu;num/=1000;else{
return 0;
return 1;
if(n%3==1{
num=int b=num%10;
if(!is(b return 0;
num=num/10;
cv
if(n%3==2{
int d=num%100;
ifcvbdd0 if(is(a,num{
printf(""YES\n;else{
printf(""NO\n;
ret","#include<stdio.h>
int is_prime(int n){
    if(n<=1) return 0;
    if(n==2) return 1;
    if(n%2==0) return 0;
    for(int i=3;i<sqrt(n);i+=2){
        if(n%i==0){
            return 0;
        }
    }
    return 1;
}
int is_wei(int n){
    int c=0;
    while(n>0){
        n=n/10;
        c++;
    }
    return c;
}
int is_su(int n,int num){
    if(n%3==0){
        while(num>0){
            int a=num%1000;
            if(is_prime(a)){
                num/=1000;
            }else{
                return 0;
            }
        }
        return 1;
    }
    if(n%3==1){
        int b=num%10;
        if(!is_prime(b)) return 0;
        num=num/10;
        while(num>0){
            int a=num%1000;
            if(is_prime(a)){
                num/=1000;
            }else{
                return 0;
            }
        }
        return 1;
    }
    if(n%3==2){
        int d=num%100;
        if(!is_prime(d)) return 0;
        num=num/100;
        while(num>0){
            int a=num%1000;
            if(is_prime(a)){
                num/=1000;
            }else{
                return 0;
            }
        }
        return 1;
    }
}
int main(){
    int n;
    while(scanf(""%d"",&n)!=EOF){
        int a=is_wei(n);
        if(is_su(a,n)){
                printf(""YES\n"");
            }else{
                printf(""NO\n"");
            }
    }
    return 0;
}",Backspace,Backspace,Backspacex11,Backspace,Backspacex11,Backspace,
1385707,1511,MLE,IDLE,pause_113s,647.0,390," %d./00-x.00
if(stu
if(stu[y.final==stu[y+1+1.final{
i&&strc,pmp(stu[ty+1/f.name,stu[y.+1name>=0
srtrpy*(sv","#include<stdio.h>
#include<string.h>
int min(int s1,int s2,int s3,int s4,int s5){
    int a=s1<s2?s1:s2;
    int b=a<s3?a:s3;
    int c=b<s4?b:s4;
    int d=c<s5?c:s5;
    return (d);
}
int max(int s1,int s2,int s3,int s4,int s5){
    int a=s1>s2?s1:s2;
    int b=a>s3?a:s3;
    int c=b>s4?b:s4;
    int d=c>s5?c:s5;
    return (d);
}
struct student {
    char name[4];
    int s1;
    int s2;
    int s3;
    int s4;
    int s5;
    float final;
};  
int main(){
     int n;
    while(scanf(""%d"",&n)!=EOF){
        int m,n;
        int temp;
        char  str[4];
    struct student stu[n];
    for(int i=0;i<n;i++){
    scanf(""%s %d %d %d %d %d"",stu[i].name,&stu[i].s1,& stu[i].s2,&stu[i].s3,&stu[i].s4,&stu[i].s5);
    m=min(stu[i].s1,stu[i].s2,stu[i].s3,stu[i].s4,stu[i].s5);
    n=max(stu[i].s1,stu[i].s2,stu[i].s3,stu[i].s4,stu[i].s5);
    stu[i].final=(stu[i].s1+stu[i].s2+stu[i].s3+stu[i].s4+stu[i].s5-m-n)/3.00;
    }
    for(int x=0;x<n;x++){
        for(int y=0;y<n-x-1;y++){
            if(stu[y].final<stu[y+1].final){
                struct student temp = stu[y];
                    stu[y] = stu[y + 1];
                    stu[y + 1] = temp;
            }
            if(stu[y].final==stu[y+1].final&&strcmp(stu[y].name,stu[y+1].name)>0){
                struct student temp = stu[y];
                    stu[y] = stu[y + 1];
                    stu[y + 1] = temp;
                
            }
        }
    }
    
    for(int p=0;p<n;p++){
        printf(""%s %.2f\n"",stu[p].name,stu[p].final);
    }
}}",,0x2,,0x2,,0x2 → Enter → i → n → t →   → m → i → n → Shift → ( → u → ix2 → n → t →   → s → 1,
1438301,1738,TLE,IDLE,pause_86s,1204.3,1642,"(d[s[u[k >= INF=#de INF 10x3d3f3f3f3fINF cot;
for (itn nt next : ad[uE
{
int to = ne.to;
, w = ne.wif (dis[s[to[k+1 = min(dp[s[to[k+1, dpdisdis[s[to[k+1wu;

vec<vec<ve<int>> res((n+,1, rveM<int>(n+1, iiNINF;doub0dou1e18
fror (int s = 1; s <= n; s++ {
for (int j = u = 1; u M<= n; su++ {
if (dis[for (int jk = 0; k <= n-1; k+= + {
if (dis[s[up[k == INF co;
res = min(res, di[s[u[k/(dok;

int Q ;
cin >> Q;
for (itn whi (Q-- {
int s, t;
cin >> s >> t;
if (disres[s[t == INF1e18 cout << :""""oOMF!G MM e<< endl;
else cout << disres[s[tfxixed MM<, < setprecision(3_) <<  MM<< endll;

retu 0;[s[uc][s[u
for ","#include <bits/stdc++.h>
using namespace std;
#define INF 0x3f3f3f3f
#define N 55
int dist[N][N][N]; // 有向无环图最多走n-1条边
int n, m;

struct Edge {
    int to, w;
};

int main() {
    ios::sync_with_stdio(false);
    cin.tie(nullptr);
    
    cin >> n >> m;
    vector<vector<Edge>> adjacentList(n+1);
    vector<int> indegree(n+1);
    for (int i = 0; i < m; i++) {
        int a, b, w;
        cin >> a >> b >> w;
        adjacentList[a].push_back({b, w});
        indegree[b]++;
    }
    
    queue<int> q;
    vector<int> topo;
    for (int i = 1; i <= n; i++) {
        if (indegree[i] == 0) q.push(i);
    }
    
    while (!q.empty()) {
        int cur = q.front();
        q.pop();
        topo.push_back(cur);
        for (Edge next : adjacentList[cur]) {
            if (--indegree[next.to] == 0) q.push(next.to);
        }
    }
    
    // 有向无环图 使用拓扑排序
    
    memset(dist, 0x3f, sizeof dist); // dist[i][j][k]表示i到j的边数为k的最短距离
    for (int i = 1; i <= n; i++) {
        dist[i][i][0] = 0;
    }
    
    for (int s = 1; s <= n; s++) {
        for (int u : topo) {
            for (int k = 0; k <= n-1; k++) {
                if (dist[s][u][k] == INF) continue;
                for (Edge next : adjacentList[u]){
                    int to = next.to, w = next.w;
                    dist[s][to][k+1] = min(dist[s][to][k+1], dist[s][u][k]+w);
                }
                
            }
        }
    }
    
    vector<vector<double>> res(n+1, vector<double>(n+1, 1e18));

    for (int s = 1; s <= n; s++) {
        for (int u = 1; u <= n; u++) {
            if (u == s) {
                res[u][s] = 0.0;
                continue;
            }
            for (int k = 1; k <= n-1; k++) {
                if (dist[s][u][k] == INF) continue;
                res[s][u] = min(res[s][u], dist[s][u][k]/(double)k);
            } 
        }
    }
    
    int Q;
    cin >> Q;
    while (Q--) {
        int s, t;
        cin >> s >> t;
        if (res[s][t] == 1e18) cout << ""OMG!"" << endl;
        else cout << fixed << setprecision(3) << res[s][t] << endl;
    }
    
    return 0;
}",,1 → =,,1 → = → Enter → i → f →   → Shift → ( → u →   → = →   → = → s →  x2,,1 → = → Enter → i → f →   → Shift → ( → u →   → = →   → = → s →  x2 → r → e → s → [ → u → Shift → { → Enter → r → e → s → [ → i → ux2 → 0 → [,
1360952,2104,NoData,DEBUG,bs_pause_2x,1484.7,257,"ccccccvcvvcv
cc","
#include <stdio.h>
#include <stdlib.h>
#include <string.h>
#include <math.h>

#define MAX_SIZE 100
#define MAX_K 51

void sort_unique(int *arr, int *len) {
    int i, j, temp;
    int unique[MAX_SIZE] = {0};
    int u_len = 0;
    for (i = 0; i < *len; i++) {
        int flag = 1;
        for (j = 0; j < u_len; j++) if (arr[i] == unique[j]) flag = 0;
        if (flag) unique[u_len++] = arr[i];
    }
    for (i = 0; i < u_len - 1; i++)
        for (j = 0; j < u_len - 1 - i; j++)
            if (unique[j] > unique[j + 1]) {
                temp = unique[j];
                unique[j] = unique[j + 1];
                unique[j + 1] = temp;
            }
    memcpy(arr, unique, sizeof(int) * u_len);
    *len = u_len;
}

void union_set(int *A, int n, int *B, int m, int *U, int *u_len) {
    int temp[MAX_SIZE * 2] = {0};
    int t_len = 0;
    for (int i = 0; i < n; i++) temp[t_len++] = A[i];
    for (int i = 0; i < m; i++) temp[t_len++] = B[i];
    sort_unique(temp, &t_len);
    memcpy(U, temp, sizeof(int) * t_len);
    *u_len = t_len;
}

void intersect_set(int *A, int n, int *B, int m, int *I, int *i_len) {
    int temp[MAX_SIZE] = {0};
    int t_len = 0;
    for (int i = 0; i < n; i++)
        for (int j = 0; j < m; j++)
            if (A[i] == B[j]) { temp[t_len++] = A[i]; break; }
    sort_unique(temp, &t_len);
    memcpy(I, temp, sizeof(int) * t_len);
    *i_len = t_len;
}

void diff_set(int *A, int n, int *B, int m, int *D, int *d_len) {
    int temp[MAX_SIZE] = {0};
    int t_len = 0;
    for (int i = 0; i < n; i++) {
        int flag = 1;
        for (int j = 0; j < m; j++) if (A[i] == B[j]) flag = 0;
        if (flag) temp[t_len++] = A[i];
    }
    sort_unique(temp, &t_len);
    memcpy(D, temp, sizeof(int) * t_len);
    *d_len = t_len;
}

int get_min_k(int len1, int len2, int len3, int len4) {
    int k = 3;
    while (1) {
        if (k % 2 == 0 || k < 3 || k > MAX_K) { k++; continue; }
        int mid = k / 2;
        int area1 = mid * (mid + 1);
        int area2 = mid * (mid + 1);
        int area3 = mid * mid;
        int area4 = mid * mid;
        if (area1 >= len1 && area2 >= len2 && area3 >= len3 && area4 >= len4) break;
        k++;
    }
    return k;
}

char get_diag_char(int k, int row, int col) {
    int mid = k / 2;
    if (row != col && row + col != k - 1) return 0;
    int diff = abs(row - mid);
    return diff == 0 ? 'X' : ('A' + diff - 1);
}

int get_cycle_val(int *data, int len, int *idx) {
    int val = len == 0 ? 0 : data[(*idx) % len];
    (*idx)++;
    return val;
}

void fill_matrix(int k, int *U, int u_len, int *I, int i_len, int *D1, int d1_len, int *D2, int d2_len) {
    int mid = k / 2;
    int u_idx = 0, i_idx = 0, d1_idx = 0, d2_idx = 0;
    for (int row = 0; row < k; row++) {
        for (int col = 0; col < k; col++) {
            char c = get_diag_char(k, row, col);
            if (c != 0) { printf(""%5c"", c); continue; }
            int val = 0;
            if (row + col < mid * 2) val = get_cycle_val(U, u_len, &u_idx);
            else if (row + col > mid * 2) val = get_cycle_val(I, i_len, &i_idx);
            else if (row > col) val = get_cycle_val(D1, d1_len, &d1_idx);
            else val = get_cycle_val(D2, d2_len, &d2_idx);
            printf(""%5d"", val);
        }
        printf(""\n"");
    }
}

int main() {
    int n, m, case_cnt = 0;
    while (scanf(""%d %d"", &n, &m) != EOF) {
        int A[MAX_SIZE], B[MAX_SIZE];
        int U[MAX_SIZE * 2], I[MAX_SIZE], D1[MAX_SIZE], D2[MAX_SIZE];
        int u_len, i_len, d1_len, d2_len;

        for (int i = 0; i < n; i++) scanf(""%d"", &A[i]);
        for (int i = 0; i < m; i++) scanf(""%d"", &B[i]);

        union_set(A, n, B, m, U, &u_len);
        intersect_set(A, n, B, m, I, &i_len);
        diff_set(A, n, B, m, D1, &d1_len);
        diff_set(B, m, A, n, D2, &d2_len);

        int k = get_min_k(u_len, i_len, d1_len, d2_len);
        if (case_cnt++ > 0) printf(""\n"");
        fill_matrix(k, U, u_len, I, i_len, D1, d1_len, D2, d2_len);
    }
    return 0;
}
",Control → Insert → Control → c → Backspacex2 → Control → Insert → Control → Insert → Control → c → Backspacex2,Backspace → Control → c,Control → Insert → Control → c → Backspacex2 → Control → Insert → Control → Insert → Control → c → Backspacex2,Backspace → Control → c,Control → Insert → Control → c → Backspacex2 → Control → Insert → Control → Insert → Control → c → Backspacex2,Backspace → Control → c,
1369836,1464,NoData,IDLE,pause_35s,1252.8,604,"#<stdio.h>
#include<math/.h>

int main({

return 0;int k

int prime(nint n{
if(n<2return 0;
ifor(int i=0;i<sqrt(n=;i++{
returnif(n5%i==0return 0;
return 1;
int f_prime(int n{
ifehilwhielle(n<n>0{
if(int digit=n%10;
if)(digit!=3&&cvvv577      return 0;
n/=190;
return 1;v2   k;

int a[5001;
in tt count =0;
int k;
while(scanf(""%d,&k!=EOF{
if(for(int i=0;i<=k;i++5000{
if(prime(i||F_(i{
conunt++;
a[count=i;

printf(""%Dd\n,a[k;2
int num=2;num
num++;","#include<stdio.h>
#include<math.h>

int prime(int n){
    if(n<2)return 0;
    for(int i=2;i<=sqrt(n);i++){
        if(n%i==0)return 0;
    }
    return 1;
}

int f_prime(int n){
    while(n>0){
        int digit=n%10;
        if(digit!=2 && digit!=3 && digit!=5 && digit!=7 ) return 0;
        n/=10;
    }
    return 1;
}
int main(){
    int a[5001]={0};
    int count = 0;
    int k;
    while(scanf(""%d"",&k)!=EOF){
        for(int i=2;i<5000;i++){
            if(prime(i)||f_prime(i)){
                count++;
                a[count]=i;
            }
        }
        if(k >= 1 && k <= count){
        printf(""%d\n"",a[k]);}
    }
    return 0;
}",,i → Control → Insert,,i → Control → Insert,,i → Control → Insert,
1209755,1827,AC,IDLE,pause_64s,812.2,743,"#include<stdio.h>
int main({
lint n;
longlongloong long a;
fourr(i=1int i=1; i<=n;i++{
a=1*=i;
while(i>0{
int t=naa/10;
if(a%10==if(t;p%10==10{

intn count=0count++;;
a=a/10;else{
breeak;
printf(""%d,count;
return 0;ac
v
while(canfscanf(""%d,&n!=EOF{}\n","#include<stdio.h>
int main(){
    int n;
    while(scanf(""%d"",&n)!=EOF){
    
    int count=0;
    while(n>0){
   n/=5;
   count+=n;
    
    }
    printf(""%d\n"",count);}
    return 0;
}",,Control → Insert → Control → Insert → Control → Insert → Control → Insert,,Control → Insert → Control → Insert → Control → Insert → Control → Insert → n → Control → Insert,,Control → Insert → Control → Insert → Control → Insert → Control → Insert → n → Control → Insert → n → / → = → 5 → ;,
1117585,1533,MLE,IDLE,pause_32s,1618.7,485,"#include <stdio.h.>

int main({
int n;
while(""scanf""(""%d,&n != EOF{

ointint arr[n;
+1for(int i=0;i<n;i++{
sc(""%d,%aarr[i;



int sum=0;sum=sum +arr[i;","#include <stdio.h>

int main(){
    int n;
    while(scanf(""%d\n"",&n) != EOF){
        int arr[n+1];
        if(n%2==0){
            printf(""NO\n"");
            int c;
            while((c=getchar() )!='\n' && c!=EOF);
            continue;
        }
        
        long long sum=0;
        for(int i=0;i<n;i++){
            scanf(""%d"",&arr[i]);
            sum=sum +arr[i];
        }
        
        
        if(sum%2!=0){
            printf(""YES\n"");
        }else {
            printf(""NO\n"");
        }
    }
    
}",,Enter → i → f → Shift → ( → n → Shift → % → = → 2 → =x2 → 0 → Shift → { → Enter → p → r,,"Enter → i → f → Shift → ( → n → Shift → % → = → 2 → =x2 → 0 → Shift → { → Enter → p → r → Shift → ( → "" → Shift → N → O → \ → n → ; → Enter → c → o → n",,"Enter → i → f → Shift → ( → n → Shift → % → = → 2 → =x2 → 0 → Shift → { → Enter → p → r → Shift → ( → "" → Shift → N → O → \ → n → ; → Enter → c → o → n → t → i → n → ;",
1162862,2227,PE,IDLE,pause_114s,1110.6,997,"= 0!= 0 {
x--++;
if(x == n + 1 x =n++n + 11-- 0 n;
a[xy[y  = cnt;, cnt = 10i
for(int i = 1; i <= n; i++{
fror(int ij = 1; j <= n; j++
printf(""%d , a[i[j;
printf(""\n;
printFf(""\n;02{
}
if(j == 1!= 1 && j != n printf("" ;*2
a[x[y = 1;yyy
if(n == 0 break;
x
if

int px = x, py  = y;if(a[x[x = px; y = py;
x == --;
if(x == 0 x = n;
if(n == 12>= 10 
else printf(""%d, a[i[j;4for(int j 
int flag [35;= 1; j <= n; j==++{
(int i = 1; i <= n; i++{
if(flag[ia[i[j > 0 a[i[j= 10flag[j = 1;
for(int  i = 1; i <= n; vflag[j == 1
flag[kj
flag[j = 0;
if(a[i[j >= 100 flag[j = 2;
if(flag[j == 2 printf(""%3d, a[i[j;
30c","#include <stdio.h>
int n;
int a[35][35];
int flag[35];
int main(){
    while(scanf(""%d"", &n) != EOF){
        if(n == 0) break;
        int x = n, y = n / 2 + 1;
        memset(a, 0 ,sizeof a);
        a[x][y] = 1;
        for(int i = 2; i <= n * n; i++){
            int px = x, py = y;
            x++; y++;
            if(x == n + 1) x = 1;
            if(y == n + 1) y = 1;
            if(a[x][y] != 0){
                x = px; y = py;
                x--;
                if(x == 0) x = n;
            }
            a[x][y] = i;
        }
        for(int j = 1; j <= n; j++){
            flag[j] = 0;
            for(int i = 1; i <= n; i++){
                if(a[i][j] >= 10) flag[j] = 1;
                if(a[i][j] >= 100) flag[j] = 2;
            }
        }
        for(int i = 1; i <= n; i++){
            for(int j = 1; j <= n; j++){
                if(j != 1) printf("" "");
                if(flag[j] == 2) printf(""%3d"", a[i][j]);
                else if(flag[j] == 1) printf(""%2d"", a[i][j]);
                else printf(""%d"", a[i][j]);
            }
            printf(""\n"");
        }
        printf(""\n"");
    }
    return 0;
}",,e → l → s → e →  ,,e → l → s → e →  ,,e → l → s → e →  ,
1296622,1533,AC,DEBUG,bs_pause_2x,1023.2,632,"#include<stdio.h>
int main({
ret 0;
int n;
while(Scan)()""%d,&n!=EOF{
for(int i=0;i<n;i++{
if(scanf(""%d,num;7&
itn oiint mnum;
,flag=01if(num%2==0
f=0;
int sum;=0
sum+=num;
if(sum%2==0
flag=0;
if(fl
pri(""YES\n;e
elp
p(""N)O\n10000
if(num>
A:1000000||n<-10000000
goto A;
if(n>100||n<1
goto A:1021000con","#include<stdio.h>
int main(){
    int n;
    while(scanf(""%d\n"",&n)!=EOF){
        if(n>100||n<1)
        goto A;
        int num,flag=1;
        int sum=0;
        if(n%2==0)
        flag=0;
        for(int i=0;i<n;i++){
            scanf(""%d"",&num);
            if(num>1000000||num<-1000000)
            goto A;
            sum+=num;
        }
        if(sum%2==0)
        flag=0;
        if(flag)
        printf(""YES\n"");
        else
        printf(""NO\n"");
        A:
    }
    return 0;
}",Backspacex10 → Control → z → Backspacex6,Backspacex2,6 → 5 → 4 → 6 → 4 → 6 → 5 → 4 → 6 → Backspacex10 → Control → z → Backspacex6,Backspacex2 → 1 → 0 → 1 → Control → Insert →   → Backspacex10 → 1 →   → 1 →  ,Backspace → 5 → Backspace → 4 → 5 → 4 → 6 → 4 → 6 → 5 → 4 → 6 → 4 → 6 → 5 → 4 → 6 → Backspacex10 → Control → z → Backspacex6,Backspacex2 → 1 → 0 → 1 → Control → Insert →   → Backspacex10 → 1 →   → 1 →   → 1 →   → 1 →   → 1 →   → 1 →   → 1 →   → 1 →   → 1 →   → 1 →   → 1 →   → 1 →   → 1 →   → 1 →   → 1 →   → 1 →   → 1 →   → 1 →   → 1 →   → 1 →   → 1 →  ,
1375111,0,RE,IDLE,pause_31s,395.3,398,"#includre  <>srdttdio.h
int main({
)int n;
wh(scanf(""%d,*&n==1{
for()itn t i=0;i<n;i++{

ret 0;for()itn int ji=0;ij<i;j++ pri()"" ;
ptr(""%d \n,i+1;","#include <stdio.h>
int main(){
    int n;
    while(scanf(""%d"",&n)==1){
        for(int i=0;i<n;i++){
            for(int j=0;j<i;j++) printf("" "");
            printf(""%d\n"",i+1);
        }
        printf(""\n"");
    }
    return 0;
}",,"Enter → p → r → i → Shiftx9 → ( → ) → Shift → "" → \ → n → ;",,"Enter → p → r → i → Shiftx9 → ( → ) → Shift → "" → \ → n → ;",,"Enter → p → r → i → Shiftx9 → ( → ) → Shift → "" → \ → n → ;",
1379734,1687,CE,IDLE,pause_79s,468.5,274,"#include<stdio.h>
int main(

{

reyt 0;dou a,b,c;
whi(scanf(""%llf%lf%lf,&a,&b,&c!=EOF{
d sum=a+ b;
if(s==c{
pri(""YES1!\n; el{
pr(""NO!\n;vc","#include<stdio.h>
#include<math.h>
#define eps 1e-6   // 定义极小误差值，浮点比较核心
int main() {
    double a, b, c;
    int eps=1e-6;
    while (scanf(""%lf %lf %lf"", &a, &b, &c) != EOF) {
        double sum=a+ b;
        if (fabs(sum- c)<eps) {
            printf(""YES!\n"");
        } else {
            printf(""NO!\n"");
        }
    }
    return 0;
}
",,Enter → i → n → t →   → e → p → s → = → 1 → e → - → 6 → ;,,Enter → i → n → t →   → e → p → s → = → 1 → e → - → 6 → ; → - → Meta,,Enter → i → n → t →   → e → p → s → = → 1 → e → - → 6 → ; → - → Meta → Shift → > → - → e → p → s →   → Shift → |x2,
1167771,1515,NoData,DEBUG,bs_pause_2x,489.8,314,v,"#include <stdio.h>
#define MAX 15
struct S 
{
    char n[11];
    int c, m, e, t;
};
int main() 
{
    int k, n, i, j, first = 1;
    struct S s[MAX], tmp;
    while (scanf(""%d"", &n) != EOF) 
    {
        for (i = 0; i < n; i++) 
        {
            scanf(""%s %d %d %d"", s[i].n, &s[i].c, &s[i].m, &s[i].e);
            s[i].t = s[i].c + s[i].m + s[i].e;
        }
        if (!first) printf(""\n"");
        first = 0;
        for (i = 0; i < n - 1; i++) 
        {
            for (j = 0; j < n - i - 1; j++) 
            {
                if (s[j].t < s[j+1].t || 
                    (s[j].t == s[j+1].t && strcmp(s[j].n, s[j+1].n) > 0)) 
                    {
                    tmp = s[j];
                    s[j] = s[j+1];
                    s[j+1] = tmp;
                }
            }
        }
        for (k = 0; k < 3 && k < n; k++) 
        {
            printf(""%s %d\n"", s[k].n, s[k].t);
        }
        for (i = 0; i < n - 1; i++) 
        {
            for (j = 0; j < n - i - 1; j++) 
            {
                if (s[j].c < s[j+1].c || 
                    (s[j].c == s[j+1].c && strcmp(s[j].n, s[j+1].n) > 0)) 
                {
                    tmp = s[j];
                    s[j] = s[j+1];
                    s[j+1] = tmp;
                }
            }
        }
        for (k = 0; k < 3 && k < n; k++) 
        {
            printf(""%s %d\n"", s[k].n, s[k].c);
        }
        for (i = 0; i < n - 1; i++) 
        {
            for (j = 0; j < n - i - 1; j++) 
            {
                if (s[j].m < s[j+1].m || 
                    (s[j].m == s[j+1].m && strcmp(s[j].n, s[j+1].n) > 0)) 
                {
                    tmp = s[j];
                    s[j] = s[j+1];
                    s[j+1] = tmp;
                }
            }
        }
        for (k = 0; k < 3 && k < n; k++) 
        {
            printf(""%s %d\n"", s[k].n, s[k].m);
        }
        for (i = 0; i < n - 1; i++) 
        {
            for (j = 0; j < n - i - 1; j++) 
            {
                if (s[j].e < s[j+1].e || 
                    (s[j].e == s[j+1].e && strcmp(s[j].n, s[j+1].n) > 0)) 
                {
                    tmp = s[j];
                    s[j] = s[j+1];
                    s[j+1] = tmp;
                }
            }
        }
        for (k = 0; k < 3 && k < n; k++) 
        {
            printf(""%s %d\n"", s[k].n, s[k].e);
        }
    }
    return 0;
}",,Backspacex2 → Enter,,Backspacex2 → Enterx3,,Backspacex2 → Enterx6,
1344866,1513,AC,IDLE,pause_32s,1400.0,650,"#include<stdio.h>

int main({
int t;
while(scanfsanfcanf(""%d,&t;
while(t--{
int mn;
sanccanf(""%d,&n;
for(int i=0;i<n;i++{
for(int j=0;j<n-i-1;j++{
printf("" ;
while(for(int j=0;j<i;j++{
printf(""%c,'a+j;
while(i>1>0{
for(int j=i-1;ij>0;j+--{
printf(""%c,'a+j;
printf(""\n;
printf(""\n;
for(int i=0;i<n;i++{
for(int j=0;ij<i;j++{
prinftf("" ;
-1printf(""%c,'a;
for(int j=0;j<n-n-i2*i;j++{
printf("" ;
printf(""%c,'a;
printf(""\n;c
for(int i=0;i<n-1;i++{
printf("" ;
printf(""a;
printf(""\n;
retrurn 0;","#include<stdio.h>

int main(){
    int t;
    scanf(""%d"",&t);
    while(t--){
        int n;
        scanf(""%d"",&n);
        for(int i=0;i<n;i++){
            for(int j=0;j<n-i-1;j++){
                printf("" "");
            }
            for(int j=0;j<=i;j++){
                printf(""%c"",'a'+j);
            }
            for(int j=i-1;j>=0;j--){
                   printf(""%c"",'a'+j);
                }
            printf(""\n"");
        }
        for(int i=0;i<n-1;i++){
            for(int j=0;j<i;j++){
                printf("" "");
            }
            printf(""%c"",'a');
            for(int j=0;j<2*n-3-2*i;j++){
            printf("" "");
        }
        printf(""%c"",'a');
        printf(""\n"");
        }
        for(int i=0;i<n-1;i++){
            printf("" "");
        }
        printf(""a"");
        printf(""\n"");
        printf(""\n"");
    }
    return 0;
}",,Shift → &x2 → i → Shift → < → n,,Shift → &x2 → i → Shift → < → n,,Shift → &x2 → i → Shift → < → n,
1046926,1667,WA,IDLE,pause_40s,1132.5,1035,"#include<tsdio.h>
in#include<string.h>
int amin(
{
return 0;
vma
v
chav
for(int i=0;i<201;i++
{

int len=0;
int dan=0;lif(s[ilen++;
if(lea[s[i=='\0
{
dan++;
if(s[i=='\0&&s[i+1=='\0
{
p(break;
len--;
dan++;
p(""%d %d\n,len,dan;st\n","#include<stdio.h>
#include<string.h>
void reverse(const char *sentence, char *result) {
    char words[100][100];
    int wordCount = 0;
    int idx = 0;
    int len = strlen(sentence);
    for (int i = 0; i <= len; i++) {
        if (sentence[i] == ' ' || sentence[i] == '\0') {
            words[wordCount][idx] = '\0';
            wordCount++;
            idx = 0;
        } else {
            words[wordCount][idx++] = sentence[i];
        }
    }
    result[0] = '\0';
    for (int i = wordCount - 1; i >= 0; i--) {
        strcat(result, words[i]);
        if (i > 0) {
            strcat(result, "" "");
        }
    }
}
int gcd(int a,int b)
{
    while(b!=0)
    {
        int temp=b;
        b=a%b;
        a=temp;
    }
    return a;
}
int main()
{
    char s[201];
    char sfan[201];
    while(fgets(s,201,stdin)!=NULL)
    {
    	s[strcspn(s,""\n"")]='\0';
        reverse(s,sfan);
        printf(""%s\n"",sfan);
        int len=0;
        int dan=0;
        for(int i=0;i<201;i++)
        {
            len++;
            if(s[i]==' ')
            {
                dan++;
            }
            if(s[i]=='\0'&&s[i+1]=='\0')
            {
                break;
            }
        }
        len--;
        dan++;
        int n=gcd(len,dan);
        for(int i=0;i<n-1;i++)
        {
            printf("" "");
        }
        for(int i=0;i<n;i++)
        {
            printf(""*"");
        }
        printf(""\n"");
        int m=0;
        int d=0;
        for(int i=0;i<n-2;i++)
        {
            for(int j=0;j<n-2-i;j++)
            {
                printf("" "");
            }
            printf(""*"");
            for(int i=0;i<n-2;i++)
            {
                printf(""%c"",'A'+m);
                m++;
                if(m==25)
                m=0;
            }
            printf(""*"");
            for(int j=0;j<i;j++)
            {
                d++;
                printf(""%d"",d);
                if(d==9)
                {
                    d=0;
                }
            }
            printf(""*\n"");
        }
        for(int i=0;i<n;i++)
        {
            printf(""*"");
        }
        for(int i=0;i<n-2;i++)
        {
            d++;
            printf(""%d"",d);
            if(d==9)
            {
                d=0;
            }
        }
        printf(""*\n"");
        m=0;
        for(int i=0;i<n-2;i++)
        {
            printf(""*"");
            for(int j=0;j<n-2;j++)
            {
                printf(""%c"",'a'+m);
                m++;
                if(m==25)
                m=0;
            }
            printf(""*"");
            for(int j=n-3-i;j>0;j--)
            {
                d++;
                printf(""%d"",d);
                if(d==9)
                {
                    d=0;
                }
            }
            printf(""*\n"");
        }
        for(int i=0;i<n;i++)
        {
            printf(""*"");
        }
        printf(""\n\n"");
    }
    return 0;
}",,Control → c → Enter → Control → v,,Control → c → Enter → Control → v,,Control → c → Enter → Control → v →  ,
1100347,1218,WA,DEBUG,bs_pause_3x,888.6,212,"1911
2
1
1210

10
","#include<stdio.h>
#include<string.h>

int main()
{
    char a[10001];
    int x[10001],y[5];
    scanf(""%s"",a);
    int t=strlen(a);
    int sum=0,j=0;
    for(int i=0;i<t;i++)
    {
        x[i]=a[i]-48;
        sum=sum+x[i];
    }
    if(sum%3==0)
    {
        y[j]=3;
        j++;
    }
    if(x[t-1]==0||x[t-1]==5)
    {
        y[j]=5;
        j++;
    }
    int w;
    if(t>2)
     w=x[t-1]+x[t-2]*10+x[t-3]*100;
    else if(t>1)
     w=x[t-1]+x[t-2]*10;
    else 
     w=x[t-1];
    if(w%8==0)
    {
        y[j]=8;
        j++;
    }
    int p=0;
    for(int i=0;i<t;i++)
    {
        if(i%2==0)
        p=p+x[i];
        else
        p=p-x[i];
        
    }
    if(p<0)
    p=0-p;
    if(p%11==0){
        y[j]=11;
    }
    if(j==0)
    printf(""No"");
    else{
    printf(""Yes\n"");
    for(int i=0;i<j;i++)
    printf(""%d "",y[i]);
    }
return 0;}",,Backspacex3,Enter → Unidentifiedx6,Backspacex3 → Shiftx2 → Unidentified,Enter → Unidentifiedx6,Backspacex3 → Shiftx2 → Unidentified,
1152912,2254,AC,IDLE,pause_31s,1691.5,957,"#include<stdio.h>
int main({

retuurn 0;
struc BIT{
unsigned int ad data:24;
unsigned int secret:6;
unsigned int opcode:2;;
union dataunion{
int num;
struct BIT bits;;int inmput;
while(scanf(""%d,&input!+=EOF{
union dat data;
da.num=input;

nt","#include<stdio.h>
struct BIT{
    unsigned int data:24;
    unsigned int secret:6;
    unsigned int opcode:2;
};
union dataunion{
    int num;
    struct BIT bits;
};
int main(){
    int input;
    while(scanf(""%d"",&input)!=EOF){
        union dataunion da;
        da.num=input;
        
        int bit31=(da.bits.opcode>>1)&1;
        int bit30=da.bits.opcode&1;
        if(bit30!=bit31){
            continue;
        }
        
        unsigned int secret=da.bits.secret;
        unsigned int data=da.bits.data;
        
        unsigned int binary0=(data>>0)&0xFF;
        unsigned int binary1=(data>>8)&0xFF;
        unsigned int binary2=(data>>16)&0xFF;
        
        
        unsigned int xor0=binary0^secret;
        unsigned int xor1=binary1^secret;
        unsigned int xor2=binary2^secret;
        
        unsigned int xor24=(xor2<<16)|(xor1<<8)|(xor0<<0);
        unsigned int result=~xor24&0xFFFFFF;
        
        printf(""%06X\n"",result);
        
    }
    return 0;
}",n → t,i →   → b → i → t → 3 → 1 → = → Shiftx2 → ( → d → a → .,n → t,i →   → b → i → t → 3 → 1 → = → Shiftx2 → ( → d → a → . → d → i → b → i → t → s,n → t,i →   → b → i → t → 3 → 1 → = → Shiftx2 → ( → d → a → . → d → i → b → i → t → s → . → o → p,
1259459,1899,AC,DEBUG,bs_pause_2x,642.0,344,"#include<stdio.h>
int main(){

returnscanf(""%d~%d,%d,&x,&y,&n;
int x,y n;,
printf(""%d %d %d,x,y,zx;n
while(!=EOF){
\}
if(""y-x(>=(n-1)
printf(""Yes\n;
else printf('""No\n;","#include<stdio.h>
int main(){
    int x,y,n;
    while(scanf(""%d~%d,%d"",&x,&y,&n)!=EOF){
        if(x>=0){
    if((y)<=(n-1))
    printf(""No\n"");
    else printf(""Yes\n"");
    }
        else{
           printf(""Yes\n"");
        }
    }
    return 0;
}",,Backspace → Control → Insert → Backspacex5,""" → CapsLock → N → CapsLock → o → \ → n → ;",Backspace → Control → Insert → Backspacex5,"n → ; → Enter → e → l → s → e →   → p → r → i → n → t → f → Shiftx3 → ( → ' → Shift → "" → CapsLock → N → CapsLock → o → \ → n → ;",Backspace → Control → Insert → Backspacex5,
1283120,2118,PE,IDLE,pause_106s,937.4,576,"#include<stdio.h>
int main({


int n;
while(scanf(""%d,&n!=EOF{


int x=2*n+1;
int s=n+1;
for {(int i int i=0;i<n;i++{


for(","#include<stdio.h>
int main()
{
    int n;
    while(scanf(""%d"",&n)!=EOF)
    {
        int x=2*n+1;
        int s=n+1;
        int c=0;
        for(int i=0;i<n;i++)
        {
            for(int j=0;j<c;j++)
            {
                printf("" "");
            }
            for(int h=0;h<x;h++)
            {   
                printf(""*"");
            }
            printf(""\n"");
            c++;
            x=x-2;
        }
        for(int f=0;f<=n;f++)
        {
            for(int g=0;g<n;g++)
            {    
                printf("" "");
            }
            printf(""*\n"");
        }

    }
    return 0;
}",,i → n → t →   → j → = → 0 → ; → j,,i → n → t →   → j → = → 0 → ; → j → Shift → < → c → ; → j → Shiftx3 → +x2,,i → n → t →   → j → = → 0 → ; → j → Shift → < → c → ; → j → Shiftx3 → +x2 → Shiftx10 → { → Enterx3,
1426080,1049,OLE,IDLE,pause_42s,923.5,523,"#include<>bits/stdc+.h+
using namespace std;
int main({}
return 0;



int n,l,r;while({}
}cin>>n>>l>>r
vector<>cd;pair<>int,int
for({}
int i=0;i<n;i++int a,b;
cin>>a>>b;
vectcd.push_bavkck(;{}a,b

if(a>r||b<lcontinue;fiif(a<=l&&b>=r{}
cout<<-1<<endl;
flag=true;
break;
bool flag=false;
if({}
flagelse{}
cout<<-1<<endl;","#include<bits/stdc++.h>
using namespace std;
int n,l,r;
int main(){
    while(cin>>n>>l>>r){
        bool flag=false;
        for(int i=0;i<n;i++){
            int a,b;
            scanf(""%d%d"",&a,&b);
            if(a<=l&&b>=r){
                cout<<1<<endl;
                flag=true;
                break;
            }
        }
        if(flag){
            
        }else{
            cout<<-1<<endl;
        }
        
        
    }
    return 0;
}",,ArrowDownx8 → ArrowUpx13,,ArrowDownx8 → ArrowUpx13,,ArrowDownx8 → ArrowUpx13,
1440343,1016,TLE,IDLE,pause_92s,1085.6,582,"c#include<bits./stdc++.h>

us na s;

int main({
inint n;
while(cin>>n{
vector<int>ve<nint>> res;
ve<int> path:;



void DFS(cv&,cv&,int n{
if(pa!.size(==n{
res.push_back(path;
return ;
,int ufor(int i=0i-=u,i<<=n;i++{
pa.push_(i;
BFS(res.,path,n,i+1;
pa.pu(op_back)(;
returnl;;DFS(res,pa,n,1;
for(iaui item:re{
for(int i=0n-1;i>=0;i--{
paicoucout<<item[i<<endl;"" ;
cout<<endl;
return 0;;Dc","#include<bits/stdc++.h>

using namespace std;

void DFS(vector<vector<int>> &res,vector<int> &path,int n,vector<bool> &used){
    if(path.size()==n){
        res.push_back(path);
        return;
    }
    for(int i=n;i>0;i--){
        if(!used[i]){
            used[i]=true;
            path.push_back(i);
            DFS(res,path,n,used);
            path.pop_back();
            used[i]=false;
        }
        
    }
    return;
}

int main(){
    int n;
    while(cin>>n){
        vector<vector<int>> res;
        vector<int> path;
        vector<bool> used(n+1,false);
        DFS(res,path,n,used);

        for(auto item:res){
            for(auto i:item){
                cout<<i<<"" "";
            }
            cout<<endl;
        }
        
    }
    return 0;
}",,", → v → e → Shift → < → b → ox2 → l → Shift → > →   → u → s → e → d",,", → v → e → Shift → < → b → ox2 → l → Shift → > →   → u → s → e → d → Shift → &",,", → v → e → Shift → < → b → ox2 → l → Shift → > →   → u → s → e → d → Shift → & → n → Shift → > → 0 → -x2",
1261251,1084,MLE,IDLE,pause_40s,1186.6,625,"#include<stdio.h>
int main({
ereturn 0;

int gcd(int i,int j{
","#include<stdio.h>
long long gcd(long long i,long long j){
    long long g=i;
    while(g>0){
        if(i%g!=0||i%g!=0){
            g--;
        }
    }
    return g;
}
long long max(long long a[],long long c){
    long long m=a[0];
    for(long long i=0;i<c+1;i++){
        if(m<a[i]){
            m=a[i];
        }
    }
    return m;
}
int main(){
    long long n;
    while(scanf(""%lld"",&n)!=EOF){
        long long i,j;
        long long m;
        long long a[10000000000000000],count=0;
        for(i=1;i<=n;i++){
            for(j=0;j<=n;j++){
                if(i<j&&gcd(i,j)==1){
                    a[count]=i+j;
                    count++;
                }
            }
        }
        m=max(a,count);
        printf(""%lld\n"",m);
        
    }
    return 0;
}",,i → f → Shift → ( → i → n → t →   → g → ;,,i → f → Shift → ( → i → n → t →   → g → ; → Enter,,i → f → Shift → ( → i → n → t →   → g → ; → Enter → i → Shift → %,
1421900,1166,NoData,IDLE,pause_237s,1433.4,565,"#include<>sytdio.h
int main();{}
int bnn;
scanf();""5%d,&n
int s,t,m;
scanf();""%d %^d %d ,&s,&t,&m
dint dp[10004;
={}0for()int i=0;io<<m;i++{}
if(),mnkscnanf();""%d,&k
if()dp[k=1;
i++i++int st[10004;
dp[[0=0;
st
for()int x=1;i<=ln;i++x=++x{}
for()inyt k=d=s;d=s;d<=t;d++{}
if()x-k>=0d{}
dst[x=st[x-d+sdp[x<dpx[<st[x?spt[x-k+dp[x:dp[x;printf();""%d\n,dst[L
rreturn eturn 0;
;
int k;dn
mamsemstgs();st,0xo0x3f,sizeof(st
#<>string.h","#include<stdio.h>
#include<string.h>
int main(){
    int n;
    scanf(""%d"",&n);
    int s,t,m;
    scanf(""%d %d %d"",&s,&t,&m);
    int dp[10004]={0};
    for(int i=0;i<m;i++){
        int k;
        scanf(""%d"",&k);
        dp[k]=1;
    }int st[10004];
    memset(st,64,sizeof(st));
    st[0]=0;
    for(int x=1;x<=n;x++){
        for(int d=s;d<=t;d++){
            if(x-d>=0){
                st[x]=st[x-d]+dp[x]<st[x]?st[x-d]+dp[x]:st[x];
            }
        }
    }
    printf(""%d\n"",st[n]);
    return 0;
    
}",,s → t → Control → Insert,,s → t → Control → Insert,,s → t → Control → Insert,
1380309,1510,WA,DEBUG,bs_pause_2x,1281.8,1322,"3IN#include<stdio.h>

int gcd(int a,bint b{




return b ? gced(b,a&%b : a;


int main({




retur nn 0;int a,b,c,d;
whi,swhile(scanf9(""%d/%d%c%d/$d?/%d,&a,&b,&c,&d!=EOF{





 while(
a=abs(a;
b=abs[9b(b;
#includeM}<s<string.h>int n=a*bccdgcd(b,d)/b)(;-b*(gcd(b,d/dc   int m=gcd*b*8*d//b/b*d/gcd(b.d\,;  int N=n/gcd(n,m,M=m/gcd(n.,m;if(abs(NN/%mM==0){
printf(""%d,N/mM;
if(ifelse(e if(N<abs","#include<stdio.h>
#include<math.h>

int gcd(int a,int b){
    a=abs(a);
    b=abs(b);
    return b ? gcd(b,a%b) : a;
}

int main(){
    int a,b,c,d;
    char s;
    while(scanf(""%d/%d%c%d/%d"",&a,&b,&s,&c,&d)!=EOF){
        int n;
        if(s=='-'){
         n=a*(d/gcd(b,d))-c*(b/gcd(b,d));   
        }
        if(s=='+'){
            n=a*(d/gcd(b,d))+c*(b/gcd(b,d));    
        }
      int m=b*d/gcd(b,d);
      int N=n/gcd(n,m),M=m/gcd(n,m);
       if(N%M==0){
           printf(""%d\n"",N/M);
       }
       else if(abs(N)<abs(M)){
           if(N<0){
               printf(""-%d/%d\n"",N,M);
           }
           else{
               printf(""%d/%d\n"",N,M);
           }
       }
       else{
           if(N<0){
               printf(""%d+%d/%d\n"",N/M-1,M-abs(N)%M,M);
           }
           else{
               printf(""%d+%d/%d\n"",N/M,N%M,M);
           }
       }
    }
    return 0;
}",i → f → Shift → ( → Shift → N → Shift → < → a → b → s → Shift → ( → Backspace,Backspacex2 → m → a → t → h,i → f → Shiftx47 → e → l → s → e → Shift → ( → e →   → i → f → Shift → ( → Shift → N → Shift → < → a → b → s → Shift → ( → Backspace,Backspacex2 → m → a → t → h → Shift → N → Shiftx3 → < → a → b → s → 9 → Shift → ( → Shift,Shift → M → ; → Enter → i → f → Shift → ( → i → f → Shiftx47 → e → l → s → e → Shift → ( → e →   → i → f → Shift → ( → Shift → N → Shift → < → a → b → s → Shift → ( → Backspace,Backspacex2 → m → a → t → h → Shift → N → Shiftx3 → < → a → b → s → 9 → Shift → ( → Shift → M → Shift → { → Enter → p → r → i → n → t → f → o → i → f → Shift → ( → Shift → N → Shift → < → 0,
1298725,1645,MLE,IDLE,pause_41s,344.9,377,"#<stdio.h>
int main({
int n;
while(scanf9(%""%d,&n!=EOF{
int arr[,m  %d,&m
#include<liomimits.h>INT_MAX={0};
for(int i=0;i<n;i++{
scanf(""%darr[i=i+1;
int current=0;
for(int i=0;i<n;i++{
current=(current+m-1%n;
printf(""%d ,ararr[current;
n--;
for(int j=curerent+1;i<j<n-1;j++{
arr[j-1=arr[j;;
ln--;
printf(""\n;
return 0;","#include<stdio.h>
#include<limits.h>
int main(){
    int n,m;
    while(scanf(""%d%d"",&n,&m)!=EOF){
        int arr[INT_MAX]={0};
        for(int i=0;i<n;i++){
            arr[i]=i+1;
        }
        int current=0;
        for(int i=0;i<n;i++){
            current=(current+m-1)%n;
            printf(""%d "",arr[current]);
            for(int j=current+1;j<=n-1;j++){
                arr[j-1]=arr[j];
            }
            n--;
        }
        printf(""\n"");
    }
    return 0;
}",,=,,=,,=,
1153749,1532,MLE,IDLE,pause_38s,1661.4,802,"nt num1][1000000;
22;struct infoer a[1005={0};
vb
wghile(scanf(""%d,&n!=EOF
{

int n;for(int i=0;i<n;i++
{
scanf(""&%d-,%d->%d,%d,&a[i,name1,&a[inum1,v22;
int flag=1;
for(int i=0;i<n;i++
{
int t=a[i.name1;
for(int j=0;j<n;j++
{
if(a[j.name2==rt
{
flag=0;
break;
if(fklag
{
b[0=a[i;
break;
v
for(int i=0l;i<n;
{
int m=b[i.name2;
for(int j=0;j><n;j++

m(m==a[j.name1
{
b[i++=a[j;
break;
for(int id=0;d<n;d++
{
)if(b[d.num2!=b[
int h=d;h++h
{
.num21printdf(%d""%d,%d->%d,%d#%d,b[d.name1,ab[d.num1,v22,b[h,.num1;
printyf(f(%d.,%d""%d,%d,
vvvvv00;->
else{
2dd2
if(d!=n-1
{
printf(""->;-1
n-1n0-122\n
ereturn 0;","#include<stdio.h>
struct infor
{
    int name1[1000000];
    int num1[1000000];
    int name2[1000000];
    int num2[1000000];
};
int main()
{
    struct infor a[1005]={0};
     struct infor b[1005]={0};
     int n;
     while(scanf(""%d"",&n)!=EOF)
     {
         for(int i=0;i<n;i++)
         {
             scanf(""%d,%d->%d,%d"",&a[i].name1,&a[i].num1,&a[i].name2,&a[i].num2);
         }
         int flag=1;
         for(int i=0;i<n;i++)
         {
             int t=a[i].name1;
             for(int j=0;j<n;j++)
             {
                 if(a[j].name2==t)
                 {
                     flag=0;
                     break;
                 }
                 
             }
             if(flag)
                 {
                     b[0]=a[i];
                     break;
                 }
         }
         for(int i=0;i<n;)
         {
             int m=b[i].name2;
             for(int j=0;j<n;j++)
             {
                 if(m==a[j].name1)
                 {
                     b[++i]=a[j];
                     break;
                 }
             }
         }
         printf(""%d,%d->"",b[0].name1,b[0].num1);
         for(int d=0;d<n-1;d++)
         {
             int h=d;
             
             if(b[h].num2!=b[++h].num1)
             {
                 printf(""%d,%d#%d"",b[d].name2,b[d].num2,b[h].num1);
             }
             else{
                 printf(""%d,%d"",b[d].name2,b[d].num2);
             }
             
                 printf(""->"");
             
         }
         printf(""%d,%d\n"",b[n-1].name2,b[n-1].num2);
     }
     return 0;
}",,.x2,,.x4,,.x4,
1009217,2087,AC,DEBUG,bs_pause_2x,1066.6,553,"#<stdio,.h>
int main({
int n;m;,m;
int a[1000,b[;
long int b[1000;
while(scanf(""%d,&n!=EOF{
while(n--{
scanf(""%d,for(int i=0;i<n;i++{
scanf(""%d,a[&a[i;
scanf(""%d,&m;
for(int ;
int m;i=0;i><m;i++{
scanf(""%d,&b[i;

for(int j=0;
","#include<stdio.h>
int main(){
    int n;
    int a[1000];
    
    while(scanf(""%d"",&n)!=EOF){
        for(int i=0;i<n;i++){
            scanf(""%d"",&a[i]);
        }
        int m;
        long int b[1000];
        scanf(""%d"",&m);
        for(int i=0;i<m;i++){
            scanf(""%ld"",&b[i]);
            long  int count=0;
            int j;
            for(j=0;b[i]>count;j++){
                count+=a[j];
            }
            printf(""%d\n"",j);
        }
        
    }return 0;
}",Backspacex47,Backspacex2 → l → o → n → g →  ,Backspacex47,Backspacex2 → l → o → n → g →  ,Backspacex47,Backspacex2 → l → o → n → g →  ,
1437949,1911,NoData,IDLE,pause_44s,1485.6,689,"#icnclidude<bits/stdc++.h>
us na std;
int main(
{
int n,m,t,p;
cin>>n>>mlong long>>t>>0p;
vector<Ve<l  ong long > > graph(1n+1,ve<l ong long>(m+1,1;
for(r(int i=1;i<=t;i++
{

int t x;y;,cgcin>>x>>y;
gr[x[y=0;
ve<ve<l lo>> dp(n,ve<l ong long>(,m+1,0;
dp[0[0=1;+1+1+1+1
for(int i-=1l;i<=n;i++
{
if(","#include<bits/stdc++.h>
using namespace std;
int main()
{
   long long n,m,t,p;
    cin>>n>>m>>t>>p;
    vector<vector<long long> > graph(n+1,vector<long long>(m+1,1));
    int x,y;
    for(int i=1;i<=t;i++)
    {
        cin>>x>>y;
        graph[x][y]=0;
    }
    vector<vector<long long>> dp(n+1,vector<long long>(m+1,0));
    dp[0][0]=1;
    for(int i=1;i<=n;i++)
    {
        if(graph[i][0]==1)
        {
            dp[i][0]=1;
        }
        else break;
    }
    for(int i=1;i<=m;i++)
    {
        if(graph[0][i]==1)
        {
            dp[0][i]=1;
        }
        else break;
    }
    if(n==0||m==0) {cout<<dp[n][m]<<endl;
       
    }
    else {
	
    for(int i=1;i<=n;i++)
    {
        for(int j=1;j<=m;j++)
        {   
            if(graph[i][j]==1)
            {
                dp[i][j]=(dp[i-1][j]+dp[i][j-1])%p;
            }
            
        }
        
        
    }
    cout<<dp[n][m]<<endl;}
}",,g → r → [ → i → 0 → [ → i,,g → r → [ → i → 0 → [ → i → 0 → Controlx2 → i → Shift → ! → = → 1 → Enter → Shift → { → Enter → d,,g → r → [ → i → 0 → [ → i → 0 → Controlx2 → i → Shift → ! → = → 1 → Enter → Shift → { → Enter → d → p → [ → 0 → i → [ → 0 → = → 1 → ; → Enter → e → l → s → e →   → b → r,
1133820,1329,TLE,IDLE,pause_113s,302.5,141,"

ifz90()

shuif()shu[]i+2==0 shu[]i=-1;-1","#include <stdio.h>
int main(){
    long a,b;
    int k;
    
    int shu[5000000]={0};
    shu[1]=1;
    for(int j=2*2;j<=5000000;j+=2)
            {
                shu[j]=1;
            }
    for(int i=3;i*i<=5000000;i+=2)
    {
        if(shu[i]==0){
            for(int j=2*i;j<=5000000;j+=i)
            {
                shu[j]=1;
            }
        }
        
        
    }
    
    for(int i=3;i<5000000-2;i+=2)
    {
     if(shu[i]==0&&shu[i+2]==0) shu[i]=-1;   
    }
    

    while(scanf(""%d"",&k)!=EOF)
    {
    for(int i=0;i<k;i++)
    { 
        int a,b;
        scanf(""%d %d"",&a,&b);
        int count=0;
       
       for(int i=(a%2==0)?a+1:a;i<=b-2;i+=2)
       {
           if(shu[i]==-1) count++;
       }
       
        printf(""%d\n"",count);
    }
    
    }
    return 0;
}",,Control → Insert,,Control → Insert,,Control → Insert,
1162233,1009,NoData,DEBUG,bs_pause_3x,1028.7,422,"#include <>stdio.h
int main(
{
return 0;
inchar arr[1000055
intchar
int %#include <>string.hint len = strlen(arr;
scanf(""%%s,arr;

char len [10005;;fkriror(int i = 0;i < nlen;i++
{
1
len[0 = arr[0';if(b arr[i == arrr[i - 1
{
for(int i j = i - 1;j < len - 2;j++

{
{
arr[i - j = arr[i j + 2;c

for(int i = 0;i < 
int sum = 0;SUsum++;len - 2 * sum;i++
{
printf(""%d,arr[i;cc","#include <stdio.h>
#include <string.h>
int main()
{
    char arr[10005];
   
    scanf(""%s"",arr);
    int len = strlen(arr);
    
    int sum = 0;
    for(int i = 1;i < len;i++)
    {
        if(arr[i] == arr[i - 1])
        {
            for(int j = i - 1;j < len - 2;j++)
            {
                arr[j] = arr[j + 2];
            }
        sum++;
        }
    }
    
    for(int i = 0;i < len - 2 * sum;i++)
    {
        printf(""%c"",arr[i]);
    }
    return 0;
}",Backspacex4,Backspace → bx2 → ArrowRightx2,b → Backspacex4,Backspace → bx2 → ArrowRightx2,c → a → b → Backspacex4,Backspace → bx2 → ArrowRightx2 → Backspacex2 → a,
1162277,1009,WA,DEBUG,bs_pause_3x,1066.2,426,"#include <>stdio.h
int main(
{
return 0;
inchar arr[1000055
intchar
int %#include <>string.hint len = strlen(arr;
scanf(""%%s,arr;

char len [10005;;fkriror(int i = 0;i < nlen;i++
{
1
len[0 = arr[0';if(b arr[i == arrr[i - 1
{
for(int i j = i - 1;j < len - 2;j++

{
{
arr[i - j = arr[i j + 2;c

for(int i = 0;i < 
int sum = 0;SUsum++;len - 2 * sum;i++
{
printf(""%d,arr[i;cc","#include <stdio.h>
#include <string.h>
int main()
{
    char arr[100005];
   
    scanf(""%s"",arr);
    int len = strlen(arr);
    
    int sum = 0;
    for(int i = 1;i < len;i++)
    {
        if(arr[i] == arr[i - 1])
        {
            for(int j = i - 1;j < len - 2;j++)
            {
                arr[j] = arr[j + 2];
            }
        sum++;
        }
    }
    
    for(int i = 0;i < len - 2 * sum;i++)
    {
        printf(""%c"",arr[i]);
    }
    return 0;
}",Backspacex4,Backspace → bx2 → ArrowRightx2,b → Backspacex4,Backspace → bx2 → ArrowRightx2,c → a → b → Backspacex4,Backspace → bx2 → ArrowRightx2 → Backspacex2 → a,
1132896,2112,PE,DEBUG,bs_pause_2x,1489.4,911,"#include <stdio.hg>
int mianain(
{
int n;
whikele(sxcanfcamf(""%smm,%d"",&n !=EOF
{
)ifor(*int i=0;i<n;i++
{

int num[n;scanf(""%d0,nuimumm[i;
for(int i=0;i<2;i++
{
scanf(""%s,d %s   
int cmd1;
char smdcmsd2;smdcmd1;cmd2);
if(cmd2=='L00
{
fior(int i=0;i<n;i++
{
printf(""
if(icmd1%n(+1)-1%d ,num[i;
for(int i=0;i<cmd1%(n+1;i++
{
printf(""%d ,num[i;
printf(:\n""""';
else if(cmsd==2=='R00
{
v

reutrn turn 0;
printf(:""\n;;,&&nn--1-v><n-10vn0v=c&
int count=0;
count+_++;
count++;
if(count>1==12
printf(""\n;
v
int count=0;
v
count++;
count++ ","#include <stdio.h>
int main()
{
    int n;
    while(scanf(""%d"",&n) !=EOF)
    {
        int num[n];
        for(int i=0;i<n;i++)
        {
            scanf(""%d"",&num[i]);
        }
        int cmd1;
        char cmd2;
        scanf(""%d %c"",&cmd1,&cmd2);
        if(cmd2=='L')
        {
            int count=0;
            for(int i=cmd1%(n);i<n;i++)
            {
                printf(""%d "",num[i]);
                count++;
                if(count==12)
                {
                    count-=12;
                    printf(""\n"");
                }
            }
            for(int i=0;i<cmd1%(n);i++)
            {
                printf(""%d "",num[i]);
                count++;
                 if(count==12)
                 {
                     count-=12;
                printf(""\n"");
                 }
            }
            if(count<=12)
            printf(""\n"");
        }
        else if(cmd2=='R')
        {
            int count=0;
            for(int i=n-cmd1%(n);i<n;i++)
            {
                printf(""%d "",num[i]);
                count++;
                 if(count==12){
                     count-=12;

                printf(""\n"");}
            }
            for(int i=0;i<n-cmd1%(n);i++)
            {
                printf(""%d "",num[i]);
                count++;
                 if(count==12){count-=12;
                printf(""\n"");}
            }
            if(count<=12)
            printf(""\n"");
        }
        printf(""\n"");
    }
    return 0;
}",Backspace →  x2 → Backspace,Backspace → Control → v,5 →   → Backspacex9 →  x2 → Backspace,Backspace → Control → v,  → 1 → 3 →   → 5 →   → Backspacex9 →  x2 → Backspace,Backspace → Control → v → Control → Insert → /x2,
1150469,1834,OLE,IDLE,pause_49s,864.5,683,"#inlcclude <stdio.h>
int main({
return 0;
int x;
char yy;
while(scanf(""%d1%c!=EOF,&ax,&y!=EOF{
charchar a[x[x;\int
fo9(it int i=0;i<x;i++{
for(int j=0;j<x;j++{
a[i[j=count;
count++;
count=0;if(1
if(y===""'L{
for(int j=x;j-1.>=0;j--{
for(in t i=0;i<x;i++{
printf(""%d ,a[i[j;
printf(""\
else if(y=='R{
for(int fi=x-1;i>=0;i--{
for(int j=x-j0<j<=xj++i=x-1;i>=0;i--{
printf(""%d ,[a[i[j;
else if(y==""X{
cvi=x-1;i>=0i--j0j<xj++
esleslse{
for(int i=0;i<x;i++{
pfor(int j=x-21;j>=0;j__--{
printf(""%d ,a[i[j;
printf(""\n;
int count;
printf(""\b;\b","#include <stdio.h>
int main(){
    int x;
    char y;
    int count;
    while(scanf(""%1d%c"",&x,&y)!=EOF){
        int a[x][x];
        count=1;
        for(int i=0;i<x;i++){
            for(int j=0;j<x;j++){
                a[i][j]=count;
                count++;
            }
        }
        if(y=='L'){
            for(int j=x-1;j>=0;j--){
                for(int i=0;i<x;i++){
                    if(j==0&&i==x-1){
                    printf(""%d"",a[i][j]);
                    }
                    else{
                    printf(""%d "",a[i][j]);
                    }
                }
            }
        }
        else if(y=='R'){
            for(int j=0;j<x;j++){
                for(int i=x-1;i>=0;i--){
                    if(j==x-1&&i==0){
                    printf(""%d"",a[i][j]);
                    }
                    else{
                    printf(""%d "",a[i][j]);
                    }
                }
            }
        }
        else if(y=='X'){
            for(int i=x-1;i>=0;i--){
                for(int j=0;j<x;j++){
                    if(j==x-1&&i==0){
                    printf(""%d"",a[i][j]);
                    }
                    else{
                    printf(""%d "",a[i][j]);
                    }
                }
            }
        }
        else{
            for(int i=0;i<x;i++){
                for(int j=x-1;j>=0;j--){
                    if(j==0&&i==x-1){
                    printf(""%d"",a[i][j]);
                    }
                    else{
                    printf(""%d "",a[i][j]);
                    }
                }
            }
        }
        printf(""\n"");
    }
    return 0;
}",,Enter → i → f → Shift → ( → j → =x2 → 0 → Shift → &x2 → i → = → x → - → 1,,Enter → i → f → Shift → ( → j → =x2 → 0 → Shift → &x2 → i → = → x → - → 1 → Shift → { → Enter → Shift → } → Control → c,,Enter → i → f → Shift → ( → j → =x2 → 0 → Shift → &x2 → i → = → x → - → 1 → Shift → { → Enter → Shift → } → Control → c → Enter → e → l → s → e → Shift → { → Enter → Control → v,
1454401,1000,CE,DEBUG,bs_pause_2x,553.9,128,"##<bits/stdc++.h>
itn miint main*(({
ascanf(
int a,b;""%d,%d,&a,&b;
printf(a+bl;ccv""""%d,","#include<bits/stdc++.h>
int main(){
    int a,b;
    scanf(""%d%d"", &a &b);   // 去掉逗号，空格或回车都能自动跳过
    printf(""%d"", a + b);
    return 0;
}",Backspace,Backspacex3,Backspace,Backspacex3 → .,Backspace,Backspacex3 → . → h → Control → c,
1139243,1513,PE,IDLE,pause_32s,952.3,562,"#<stdio.h>
int main(
{

reuturn 0;int t;
while(scanf(scnanfwhile(scanf(""$%d,&t!=ROFTOFEOF
{
FORfor(int i=0;i<t;i++
{
scanf(""
int n;%d,&n;
for(int y=0;y<n;y++
{
for(int x=n-y;x>0;x---1
{
printf(""% ;
1=for(int x=y;x>0;x--
{
printf(""0<0y++%c,a+""'a+x+x;
foer(int x=y;x>10y-1;x--
{
printf(""%c,'a+x2=;
printf(""\n;
for(int y=1;y<=n;y++
{
printffor(int x=0;x<y;x++
{
printf("" ;
for(int x=0;
printf(:""//////////////////a;x<2*n-(y-1);x++)
{
printf("" ;
if(y<n
{
printf(""a\n;
printf(""\n;","#include<stdio.h>
int main()
{
    int t;
    while(scanf(""%d"",&t)!=EOF)
    {
        for(int i=0;i<t;i++)
        {
            int n;
            scanf(""%d"",&n);
            for(int y=1;y<=n;y++)
            {
                for(int x=n-y;x>0;x--)
                {
                    printf("" "");
                }
                for(int x=0;x<y;x++)
                {
                    printf(""%c"",'a'+x);
                }
                for(int x=y-2;x>=0;x--)
                {
                    printf(""%c"",'a'+x);
                }
                printf(""\n"");
            }
            for(int y=1;y<=n;y++)
            {
                for(int x=1;x<y;x++)
                {
                    printf("" "");
                }
                printf(""a"");
                for(int x=0;x<2*(n-y)-1;x++)
                {
                    printf("" "");
                }
                if(y<n)
                {
                    printf(""a\n"");
                }
            }
            printf(""\n"");
        }
    }
    return 0;
}",,1,,1,,1,
1351364,0,RE,IDLE,pause_38s,1213.0,608,"#include <Stdio.jh]s>

inr t main({
while(scanf(""%d
int t;,&t!=EOF{
int n;
while(scanf(in""%d,&n!=EOF{
==tfotr(int row=1;row<=2*n-1;row++{
printf("" ;for(int h=1;h<=n;h++{
for(int k=0;k<n-h;h++{
printf("" ;
for(int 
char ch='Aa;i=0;i<h","#include <stdio.h>

int main(){
    int t;
    while(scanf(""%d"",&t)!=EOF){
        int n;
        while(t--){
            scanf(""%d"",&n);
            for(int h=1;h<=n;h++){
                for(int k=0;k<n-h;k++){
                    printf("" "");
                }
                char f='a';
                for(char ch=f;ch<=f+h-1;ch++){
                    printf(""%c"",ch);
                }
                for(char ch=f+h-1;ch>='a';ch--){
                    printf(""%c"",ch);
                }
                printf(""\n"");
            }
            for(int h=1;h<=n;h++){
                for(int k=0;k<n-h;k++){
                    printf("" "");
                }
                printf(""a"");
                for(int k=0;k<n-h;k++){
                    printf("" "");
                }
                if(h!=n) printf(""a"");
                printf(""\n"");
            }
            printf(""\n"");
        }
    }
}",,Control → Meta → c → Meta → v,,Control → Meta → c → Meta → v → c → h → Shift → <,,Control → Meta → c → Meta → v → c → h → Shift → < → Enter → c → h → a → r →   → f → = → ' → a,
1296350,2266,NoData,IDLE,pause_93s,1111.2,192,"include<stdoio.h>
 
int main({
inwhile(scanf(""%dgets(s!=NULL{
","#include<stdio.h>
#include<string.h>
int main(){
    char s1[1005]={0};    
    while(gets(s1)!=NULL){        
        char s2[10][20]={0};        
        int p = sscanf(s1,""%s%s%s%s%s%s%s%s%s%s"",s2[0],s2[1],s2[2],s2[3],s2[4],s2[5],s2[6],s2[7],s2[8],s2[9]);        
        for(int i=p-1;i>=0;i--){
            printf(""%s "",s2[i]);
        }            
        printf(""\n"");    
    }
    return 0;
}
",,p → r → i → n → t → f → Shift → F → f → Shiftx3 → (,,"p → r → i → n → t → f → Shift → F → f → Shiftx3 → ( → Shift → "" → Shift → % → s → \ → m → n",,"p → r → i → n → t → f → Shift → F → f → Shiftx3 → ( → Shift → "" → Shift → % → s → \ → m → n → , → Enter → i → n → t",
1414032,1902,AC,DEBUG,bs_pause_2x,1644.7,739,"3n=
break;i2=
int flag=0;fla
}falgalag=1;\
itn nt flag=0;
if(falag==1{
pritnfntf(""Yes\n;
else{
poprinfrintf(""No\n;
return 01500202i","#include<stdio.h>
int SU(int num){
    if(num<2){
        return 0;
    }
    for(int i=2;i<num;i++){
        if(num%i==0){
            return 0;
        }
    }
    return 1;
}
int su(int arr[]){
    int count=0;
    for(int i=2;i<=7919;i++){
        if(SU(i)){
            arr[count]=i;
            count++;
        }
    }
    return count;
}
int main(){
    int n;
    int arr[1001];
    int all_su=su(arr);
    while(scanf(""%d"",&n)!=EOF){
        int flag=0;
    for(int i=0;i<all_su-2;i++){
        if(n==arr[i]+arr[i+1]+arr[i+2]){
            flag=1;
            break;
        }
      }
      if(flag==1){
          printf(""Yes\n"");
      }
      else{
          printf(""No\n"");
      }
    }
    return 0;
}",Backspace,Backspacex3,Backspace,Backspacex3,Backspace,Backspacex3,
1366530,1533,NoData,DEBUG,bs_pause_3x,1228.4,420,"#<>stdio.h
int main(
{}
return 0;
int n;
while(scanf(""%d,&n!=EOF
{}
for(int i=0;i<n;i++
{}
scanf(""%d,m&;

if(n%2!=0
{}
printf(""NO\n;
continue;

else{
}if(m%2==0=
{}
flag=0;
breajk;
flag=1;.,flag
if(flagprintff(""YES\n;
else printf(""NO\n;,mc
v<0
if(m%2==0[101[i
{

}  flag=0;
braeak;[]i if(flag==0==1breakcontin","#include<stdio.h>
int main()
{
    int n,sum,m[101];
    while(scanf(""%d"",&n)!=EOF)
    {
        sum=0;
        if(n%2==0)
        {
            printf(""NO\n"");
            continue;
        }
        for(int i=0;i<n;i++)
        {
            scanf(""%d"",&m[i]);
            sum+=m[i];
        }
        if(sum%2!=0)printf(""YES\n"");
        else if(sum%2==0) printf(""NO\n"");
    }
    return 0;
}",i → n → u → r → e → Backspacex3,Backspacex3,c → o → n → t → i → n → u → r → e → Backspacex3,Backspacex3,b → r → e → a → k → c → o → n → t → i → n → u → r → e → Backspacex3,Backspacex3,
1335152,2285,PE,IDLE,pause_31s,1513.8,473,"=#include<stdio.h>
void bubble(int a[,int n
{
for(int i=0;i<n-1;i++{
for(int hj=0;ij<n-1-i;j++{
if(a[j>a{j+a[j+1{
int t=a[j;
a[j+=a[j+1;
a[j+1=a[j;t
int main(
[{
int n;
while(scanf(""%dchar a[10={0}s,a!=EOFP{

ringif(int len=strlen(a;
for(int i=0;i<len;i++{
if(a[i=='2{printf(""%a,b,c;
return 0;
scanf(""%d,&a[i;cc
}
bubble(m,n;acharle2","#include <stdio.h>
#include <string.h>
#include <stdlib.h>

// 数字(2-9)对应的字母表，索引0对应2，索引1对应3...
const char *phone_map[] = {""abc"", ""def"", ""ghi"", ""jkl"", ""mno"", ""pqrs"", ""tuv"", ""wxyz""};
char **result;  // 存储所有字母组合
int res_cnt;    // 组合数量

// 冒泡排序，用于单个字符串内部排序（复用原函数逻辑）
void bubble(char a[], int n) {
    for (int i=0; i < n-1; i++) {
        for (int j=0; j < n-1-i; j++) {
            if (a[j] > a[j+1]) {
                char t=a[j]; // 改为char类型，原int不影响但不规范
                a[j] = a[j+1];
                a[j+1] = t;
            }
        }
    }
}

// qsort比较函数，用于组合数组整体排序
int cmp_str(const void *a, const void *b) {
    return strcmp(*(const char **)a, *(const char **)b);
}

// 回溯生成字母组合
void backtrack(char *digits, int idx, char *path) {
    int len=strlen(digits);
    if (idx == len) {
        path[idx] = '\0';
        result[res_cnt] = (char *)malloc(len+1);
        strcpy(result[res_cnt], path);
        res_cnt++;
        return;
    }
    // 数字转为映射表索引（'2'→0，'3'→1...）
    int map_idx=digits[idx] - '2';
    const char *letters=phone_map[map_idx];
    for (int i=0; letters[i] != '\0'; i++) {
        path[idx] = letters[i];
        backtrack(digits, idx+1, path);
    }
}

int main() {
    char digits[10] = {0};
    // 多组输入，直到EOF
    while (scanf(""%s"", digits) != EOF) {
        int len=strlen(digits);
        if (len == 0) {
            printf(""0\n"");
            continue;
        }
        // 计算最大组合数，预分配内存
        int max_cnt=1;
        for (int i=0; i < len; i++) {
            int map_idx=digits[i] - '2';
            max_cnt *= strlen(phone_map[map_idx]);
        }
        result=(char **)malloc(max_cnt*sizeof(char *));
        res_cnt=0;
        char *path=(char *)malloc(len+1);
        backtrack(digits, 0, path);
        free(path);

        // 对每个组合内部排序，再整体排序
        for (int i=0; i < res_cnt; i++) {
            bubble(result[i], len);
        }
        qsort(result, res_cnt, sizeof(char *), cmp_str);

        // 输出结果
        printf(""%d\n"", res_cnt);
        for (int i=0; i < res_cnt; i++) {
            printf(""%s\n"", result[i]);
            free(result[i]);
        }
        free(result);
    }
    return 0;
}
",,Enter → f → o → r → Shift → ( → i → n → t →   → i → = → 0 → ; → i → Shift → < → n → ; → i → Shift → +x2 → l → e,,Enter → f → o → r → Shift → ( → i → n → t →   → i → = → 0 → ; → i → Shift → < → n → ; → i → Shift → +x2 → l → e → Shift → { → Enter → Shift → },,Enter → f → o → r → Shift → ( → i → n → t →   → i → = → 0 → ; → i → Shift → < → n → ; → i → Shift → +x2 → l → e → Shift → { → Enter → Shift → },
1223445,1508,WA,IDLE,pause_39s,999.9,538,"include 666666# <stdio.h>
int msoain({
rteeturn 0;

int a[500000;
void luck(int a[{
for (int i=1000000c1;i++<=100000;i++0{
if (i%6==0{
a
int j=1;[j==ii;
j==+++;
continue;
else ({
int temp=i;
whiint x=temp/10%10;
temp=temp/10;
int y=cv
cv
cvz
fiif (x==6\\||y==6||z==6{
a[j==i;
j++;
continue;
int n;
whiel le ((scanf(""%d,&mn!=EOF{
for (int i=1;i<=639cxcv{
if (a[i==n{
printf (""%d,i;\n;i++00promintf(""%d,a[n;\n
for (inti i=1;i++<=3;i++{
printf (""%d\n,a[i;
luck(a;c","#include <stdio.h>
void luck(int a[]){
    int j=1;
    for (int i=1;i<=1000000;i++){
        if (i%6==0){
            a[j]=i;
            j++;
            continue;
        }
        else {
            int temp=i;
            int x=temp%10;
            temp=temp/10;
            int y=temp%10;
            temp=temp/10;
            int z=temp%10;
            if (x==6||y==6||z==6){
                a[j]=i;
                j++;
                continue;
            }
        }
    }
}

int main(){
    int a[5939000];
    int n;
    luck(a);
    
    while (scanf(""%d"",&n)!=EOF){
        printf(""%d\n"",a[n]);
    }
    return 0;
}",,0 → 9,,0 → 9,,0 → 9 → 5,
1101965,1661,WA,IDLE,pause_33s,1203.0,514,"doublre result=0.0;
char[31;
for(int i
int len=strlen(arr;=0;i<len;i++
{
cahrcahrint m=0;int as
ar[ir-'a+1
if(i(i+1%2==10s[]m=;
if9else
{
s[m=arr[i-'a+1;
s[
[
m++;m-1=arr--;10-()len-1>=0
if(mm=!=0{}","#include <stdio.h>
#include <string.h>

int main()
{
    char arr[31];
    while(scanf(""%s"",arr)!=EOF)
    {
        int len=strlen(arr);
        int s[31]={0};
        int m=0;
        
        for(int i=len-1;i>=0;i--)
        {
            int num =arr[i]-'a'+ 1;
            if((i+1)%2==0)
            {
                s[m]=num;
            }
            else
            {
                s[m]=10-num;
                if(m>0)
                {
                    s[m-1]--;
                }
                else
                {
                    s[m]=num-10;
                }
            }
            m++;
        }
        
        for(int i=len-1;i>0;i--)
        {
            if(s[i]<0)
            {
                s[i]+=10;
                s[i-1]--;
            }
            else if(s[i]>=10)
            {
                s[i]-=10;
                s[i-1]++;
            }
        }
        
        if((len-1)%2==0)
        {
            printf(""0."");
            for(int i=0;i<len;i++)
            {
                printf(""%d"",s[i]<0?-s[i]:s[i]);
            }
        }
        else
        {
            printf(""-0."");
            for(int i=0;i<len;i++)
            {
                printf(""%d"",s[i]<0?-s[i]:s[i]);
            }
        }
        printf(""\n"");
    }
    return 0;
}",,Enter,,Enter → i → f → Shift → ( → l → e → n,,Enter → i → f → Shift → ( → l → e → n → - → 1 → =x2 → Shift → ( → l → e → n,
1096919,1324,OLE,IDLE,pause_65s,961.4,437,"#incluedde#include<stdio.h>
int main(
{
char str[201;
while(get[(str!=EOF
{

#include<string.h>int len=strlen(str;
for(int i=0;i<len;i++
{

int count =0=0;if(str[i=='\0countt++;
if(str[i>=65&&str[i<=90
{
else str[i=str[i-'A+'a;sum=0,11
if(str[i!=str[i-1sum++;
if(count>10||)((sum>10
{
printf(""No\n;
else
{
printf(""Yes\n;
return 0;cs ","#include<stdio.h>
#include<string.h>
int main()
{
    char str[201];
    while(gets(str)!=EOF)
    {
        int count=0,sum=1;
        int len=strlen(str);
        for(int i=1;i<len;i++)
        {
            if(str[i]==' ')count++;
            else if(str[i]>=65&&str[i]<=90)
            {
                str[i]=str[i]-'A'+'a';
            }
            if(str[i]!=str[i-1])sum++;
        }
        if((count>10)||(sum>10))
        {
            printf(""No\n"");
        }
        else
        {
            printf(""Yes\n"");
        }
    }
    return 0;
}",,' →  ,,' →  ,,' →  ,
1106979,1902,AC,IDLE,pause_53s,1478.2,935,"#include<>stdio.h
#include<>stdbool.h

void isPrime(int num {
if (boolnum <= 1 return false;
if (n == 2 return true;
if for (umi = 2; i * i <= num; i += 2 [
{
if (n um % i == 10 erreturn tfalse;
return true;

int main ({
int prime[1000;
for (int i = 2; i < = 7919; i++ {
int 
int count = 0;if (ids(num {
primte[count++ = num;
int n;
while (scanf(""%dd, &n !=EOF {
if (n == prime[i + prime[i + 1 + prime[i + 2 {
printf(""Yes\n; else {
printf(""No\n;
for (int i = 0; i < 9908; i++ {
cv                                  

return -90;int 
int num = ii","#include<stdio.h>
#include<stdbool.h>

bool isPrime(int num) {
    if (num <= 1) return false;
    if (num == 2) return true;
    if (num % 2 == 0) return false;
    for (int i = 3; i * i <= num; i += 2) {
        if (num % i == 0) return false;
    }
    return true;
}

int main(){
    int prime[1000];
    int count = 0;
    for (int i = 2; i <= 7919 && count < 1000; i++) {
        if (isPrime(i)) {
            prime[count++] = i;
        }
    }
    int n;
    while (scanf(""%d"", &n) !=EOF) {
        bool found = false;
        for (int i = 0; i < count - 2; i++) {
            if (n == prime[i] + prime[i + 1] + prime[i + 2]) {
                found = true;
                break;
            } 
        }
        printf(found ? ""Yes\n"" : ""No\n"");
    }
    return 0;
}",,Enter → b → r → e → a → k → ;,,Enter → b → r → e → a → k → ;,,Enter → b → r → e → a → k → ;,
1382435,1127,AC,DEBUG,bs_pause_2x,1157.4,570,"v//vv
#include<stdio.h>
int main({
ret 0;
int n;
scanf(""%d,&n;
while (n--{
int a,b;
scanf(""%dd%d,&a,&b;
int ans=0;
for (int i=a;i<=b;i++{
int flag=0;
iny t temp=i%10;
if (

int temp=i;ktemptemp==i && {

temp/=10';/10
while (temp>0{
if (k<temp%10={
br;
else{
if (k<=temp%10{
flag^=1;
!flag && else if (flag && k>=temp%10{
b;if (flag && temp!{
ans++;

printf(""%d\n,ans;
if (temp32123 32123","//可持久化动态图上树状数组套主席树维护01背包
#include<stdio.h>
int main(){
    int n;
    scanf(""%d"",&n);
    while (n--){
        int a,b;
        scanf(""%d%d"",&a,&b);
        int ans=0;
        for (int i=a;i<=b;i++){
            int flag=0;
            int temp=i;
            while (temp>0){
                int k=temp%10;
                temp/=10;
                if (temp==0){
                    break;
                }
                if (temp==i/10){
                    if (k<=temp%10){
                        break;
                    }
                }
                else{
                    if (k==temp%10){
                        break;
                    }
                    if (!flag && k<temp%10){
                        flag=1;
                    }
                    else if (flag && k>=temp%10){
                        break;
                    }
                }
            }
            if (flag && !temp){
                ans++;
            }
        }
        printf(""%d\n"",ans);
    }
    return 0;
}",,Backspacex4,3 → 2 → 1 → 3 → Backspace → 2 → 3 →   → 3 → 2 → 1 → 2 → 3,Backspacex4 → 0 → Backspace → 0,Backspacex2 → 0 → 9 → Backspacex7 → 3 → 2 → 1 → 3 → Backspace → 2 → 3 →   → 3 → 2 → 1 → 2 → 3,Backspacex4 → 0 → Backspace → 0 → Backspace → 0 → Backspace,
1167097,1661,WA,DEBUG,bs_pause_2x,207.3,94,,"#include<stdio.h>
#include<string.h>
#include<math.h>
double probability(char name[],int len)
{
    double total=0;
    int i=0;
    for(i=1;i<=len;i++)
    {
        total+=(pow(-1,i))*(pow(10,i))*(name[i-1]-'a'+1);
    }
    return total/pow(10,len+1);
    
}
int main(void)
{
    char name[31];
    while(scanf(""%s"",name)!=EOF)
    {
        int len=strlen(name);
        printf(""%.*lf\n"",len,probability(name,len));
    }
    return 0;
}",Backspacex9,Backspace → Unidentifiedx2 → Backspace → Unidentifiedx3 → Backspace → Unidentifiedx3,Shift → Unidentifiedx7 → Shift → Unidentified → 1 → 0 → Unidentifiedx4 → Shift → Unidentified → 1 → Backspacex9,Backspace → Unidentifiedx2 → Backspace → Unidentifiedx3 → Backspace → Unidentifiedx5 → Backspacex4,Unidentified → Shift → Unidentifiedx7 → Shift → Unidentified → 1 → 0 → Unidentifiedx4 → Shift → Unidentified → 1 → Backspacex9,Backspace → Unidentifiedx2 → Backspace → Unidentifiedx3 → Backspace → Unidentifiedx5 → Backspacex5,
1431172,1449,OLE,IDLE,pause_51s,670.9,494,"#include <bits/stdc++.h>
us nam stdl;

int main({




return 0;int n;
cin >> n;r","#include <bits/stdc++.h>
using namespace std;

int n;
int cnt;
vector<bool> used;

void backtracking(int sum){
    if(sum==1){
        cnt++;
        return;
    }
    for(int i=n;i>1;i--){
        if(sum%i==0){
            cout << i << endl;
            sum=sum/i;
            backtracking(sum);
            sum=sum*i;
        }
        
    }
}

int main(){
    cin >> n;
    used.resize(n+1,0);
    backtracking(n);
    cout << cnt << endl;
    return 0;
}",r,b → ax2 → c → k → t → r → a → c → k → i → n → g → Shift → ( → n → ;,r,b → ax2 → c → k → t → r → a → c → k → i → n → g → Shift → ( → n → ; → Control → x → Enterx3 → Control → v → = → Control → =x2,r,b → ax2 → c → k → t → r → a → c → k → i → n → g → Shift → ( → n → ; → Control → x → Enterx3 → Control → v → = → Control → =x2 → Enter → v → o → d → ix2 → n → t →   → c → n → t → Shift → : → ; → Enterx2,
1090098,1508,NoData,IDLE,pause_34s,1490.7,804,"#clude<srtdio.h>

int main({

long long n=0;

while(scanf*(""%dll,&n!=EOfF{


int is 6include6(intlong long n{
while(n!=0{
if(n%10==6{
return 1;
n=n/10;
break;
return 0;if(in(n==1||n%6==0{
ifor(int 

void(int arr[,long long 


for(int ui=1;i<

voidint isnclude6(long long n{
while(n=n%1000;
while(n!=0{
if(n%10==6{
return 1;
bbreak;
n=n/10;
reuturn 0;

void reserpreserve({
int nfor(int i=0;i<n;i++{

int long long arr[;long long long long i=arrif(
long long num=1;if(nunm%6==0||in(num==1{
arr[i=num;

i++;
num++;
pr(n;

printf(""%lld,arr[n-1","#include <stdio.h>


#define MAX_N 100000  


int  isLucky(int num) {
    
    if (num % 6 == 0) {
        return 1;
    }
    
    int lastThree = num % 1000;  // 取后三位
    while (lastThree > 0) {
        if (lastThree % 10 == 6) {
            return 1;
        }
        lastThree /= 10;
    }
    return 0;
}

int main() {
    int luckyList[MAX_N];
    int count = 0;
    int num = 6;  

    
    while (count < MAX_N) {
        if (isLucky(num)==1) {
            luckyList[count++] = num;
        }
        num++;
    }

    int n;
    while (scanf(""%d"", &n) != EOF) {
        printf(""%d\n"", luckyList[n - 1]);  
    }

    return 0;
}",,n → u → m,,n → u → m,,n → u → m → \ → n,
1165679,2223,TLE,IDLE,pause_32s,599.4,165,"iicc
if(for(int i=3;if(x>=3{
for(int i=3;i<=x;i+=+{
if9(judge(i
int ,m=0;{
m+=+;||i==3c","#include<stdio.h>
int prime(int n){
    if(n<2)return 0;
    for(int i=2;i*i<=n;i++)
    if(n%i==0)return 0;
    return 1;
}
int judge(int n){
    if(prime(n)&&prime(n-2))return 1;
    return 0;
}
int main(void){
    int k,a[5000000]={0},count=0,i=5,x,y;
    while(i<5000000){
        if(judge(i))a[i]++;
        a[i]+=a[i-1];
        i++;
    }
    scanf(""%d"",&k);
    while(k--){
        scanf(""%d%d"",&x,&y);
        int m=(y-x)/2,h=a[y]-a[x-1];
        while(h>m)h--;
        printf(""%d\n"",h);
    }
    return 0;
}",,Enter → i → n → t →   → m → = → y → - → x → ; → Enter → i → f → Shift → (,,"Enter → i → n → t →   → m → = → y → - → x → ; → Enter → i → f → Shift → ( → , → h → = → a → [ → y → - → a → [ → x → - → 1",,"Enter → i → n → t →   → m → = → y → - → x → ; → Enter → i → f → Shift → ( → , → h → = → a → [ → y → - → a → [ → x → - → 1 → i → f → 9 → Shift → (",
1054701,2179,TLE,IDLE,pause_78s,585.1,161,"v


int 
int t;
int n;
scanf(""5da%d,&t;
while(""scanf(""%d,&n!=EOF{
n","#include <stdio.h>

int main()
{
    int t;
    int n;
    scanf(""%d"",&t);
    while(scanf(""%d"",&n)!=EOF){
        int a=0;
        for(int i=1;i*i<=n;i++){
            if(n%i==0)
            a+=i+n/i;
        }
        printf(""%d\n"",a);
    }
    return 0;
}",n,i → t →   → a → = → 0 → ; → Enter → f → o → r → Shift,n,i → t →   → a → = → 0 → ; → Enter → f → o → r → Shift → ( → i → n → t →   → i → = → 1 → ; → i → Shift → < → =,n,i → t →   → a → = → 0 → ; → Enter → f → o → r → Shift → ( → i → n → t →   → i → = → 1 → ; → i → Shift → < → = → n → ; → i → +x2 → Shift → { → Enter,
1209646,1065,NoData,IDLE,pause_89s,1055.8,222,"[101212[10001
int len=strlen(x;[
int len=sstrlen(x[i;if
if(len[i][i>len[i+1{
v
else if(len[i==len[i+1{}kkkint len[1001;0
ofifiiikjj
int temp[10001;
lenemplrnenlenlenemp


}
}}}
}","#include<stdio.h>
#include<string.h>
int main(){
    int n;char x[10001][201];
    while(scanf(""%d"",&n)!=EOF){
        int len[10001];
        for(int i=0;i<n;i++){
            scanf(""%s"",x[i]);
           len[i]=strlen(x[i]);
        }
        
        
        for(int i=0;i<n-1;i++){
            for(int j=0;j<n-1-i;j++){
                if(len[j]>len[j+1]){
            
                     char t[201];
                strcpy(t,x[j]);
                strcpy(x[j],x[j+1]);
                strcpy(x[j+1],t);
               
                int temp=len[j];
                len[j]=len[j+1];
                len[j+1]=temp;
            
        }
        else if(len[j]==len[j+1]){
                if(strcmp(x[j],x[j+1])>0){
                     char t[201];
                strcpy(t,x[j]);
                strcpy(x[j],x[j+1]);
                strcpy(x[j+1],t);
               int temp=len[j];
                len[j]=len[j+1];
                len[j+1]=temp;
                }
             }
            }
        }
        for(int i=0;i<n;i++){
                 printf(""%s\n"",x[i]);
   
        }
    }
    return 0;
}
",,"Shift → """,,"Shift → """,,"Shift → """,
1435350,1045,OLE,IDLE,pause_41s,1519.7,688,"#include<iostream>
using 
using namespace std;
int main(){
string 
#include<string.h>strchar sstr[15];
while(cin>>str{
if(str!=","#include<iostream>
#include<string.h>
using namespace std;
int dp[26][26];
int vis[26];
bool dfs(int x) {
    if (x == 12)return true;
    bool ans = false;
    for (int i = 0;i < 26;i++) {
        if (dp[x][i] == 1 && !vis[i]) {
            vis[i] = true;
            ans = dfs(i);
            if (ans) {
                break;
            }
            vis[i] = false;
        }
    }
    return ans;
}
int main() {
    char str[15];
    while (cin >> str) {
        memset(dp, 0, sizeof(dp));
        do {
            int len = strlen(str);
            if (len == 1)
                break;
            dp[int(str[0] - 'a')][int(str[len - 1] - 'a')] = 1;
        } while (cin >> str);
        if (dfs(1)) {
            cout << ""Yes."" << endl;
        }
        else {
            cout << ""No"" << endl;
        }
    }
}",,Enter → w → h → i → l → e → Shift → ( → c → i → n → Shift → >x2 → s → t → r → Shift → {,,Enter → w → h → i → l → e → Shift → ( → c → i → n → Shift → >x2 → s → t → r → Shift → {,,Enter → w → h → i → l → e → Shift → ( → c → i → n → Shift → >x2 → s → t → r → Shift → {,
1102627,1516,AC,IDLE,pause_92s,340.6,219,"#icnclude<stdio.h>
int main({

ertret 0;int n;
wh(scanf(""%d,&n!=EOF{
int count =0;
for(int i=0;i<n/2;i++{
for(int j=n/2;j<=n;j++{
if(i(i*j%(i+j==0{
c++;
pri(""%d\n,c;","#include<stdio.h>
int main(){
    int n;
    while(scanf(""%d"",&n)!=EOF){
        int count=0;
        for(int i=1;i<=n;i++){
            for(int j=1+i;j<=n;j++){
                if((i*j)%(i+j)==0&&i!=j){
                    count++;
                }
            }
        }
        printf(""%d\n"",count);
    }
    return 0;
}",,1 → = → 1,,1 → = → 1 → Shift → + → i → Shift → &x2 → i,,1 → = → 1 → Shift → + → i → Shift → &x2 → i → Shift → ! → = → j,
1269074,1666,NoData,IDLE,pause_34s,1284.1,375,"#include<stdio.h>
int amin(
{


return 0;inint n;
while*(scanf(""%d,&n!=EOF
{



int cnt[100={0};for(int i=0;i<n;i++
{

int scanf(""%Dd,cnt[i&;int sum=0;
for(int i=0;i<n-1;i++
{
sum+=cnt[i;if(sum<cnt[n-1
{
printf(""Yes\nl;
else
{
printf(""No\n;c","#include<stdio.h>
int main()
{
    int n;
    while(scanf(""%d"",&n)!=EOF)
    {
        int cnt[100]={0};
        if(n==1)
        {
            printf(""Yes\n"");
            continue;
        }
        for(int i=0;i<n;i++)
        {
            scanf(""%d"",&cnt[i]);
        }
        int sum=0;
        for(int i=0;i<n-1;i++)
        {
            sum+=cnt[i];
        }
        if(sum<cnt[n-1])
        {
            printf(""Yes\n"");
        }
        else
        {
            printf(""No\n"");
        }
    }
    
    return 0;
}",,Shift → m → a,,Shift → m → a,,Shift → m → a → Enter → i → f → Shift → ( → i,
1365622,0,RE,IDLE,pause_69s,1021.8,410,cvcv&&ccvcvvvcavavvvcvc,"#include <stdio.h>
#include <string.h>
#include <stdlib.h>

// 球队结构体
typedef struct {
    char name[21];
    int points;
    int goals_scored;
    int goals_against;
} Team;

// 比较函数，用于排序
int compare(const void *a, const void *b) {
    Team *teamA = (Team *)a;
    Team *teamB = (Team *)b;
    
    // 比较积分
    if (teamA->points != teamB->points) {
        return teamB->points - teamA->points;  // 积分高的在前
    }
    
    // 比较净胜球
    int diffA = teamA->goals_scored - teamA->goals_against;
    int diffB = teamB->goals_scored - teamB->goals_against;
    if (diffA != diffB) {
        return diffB - diffA;  // 净胜球多的在前
    }
    
    // 比较队名字典序
    return strcmp(teamA->name, teamB->name);  // 字典序小的在前
}

int main() {
    int n;
    
    while (scanf(""%d"", &n) != EOF) {
        Team teams[10] = {0};  // 最多10支球队
        int team_count = 0;
        
        // 读取所有比赛记录
        int matches = n * (n - 1) / 2;
        for (int i = 0; i < matches; i++) {
            char team1[21], team2[21];
            int score1, score2;
            
            // 读取 ""team1:team2 score1:score2""
            // 注意：我们需要读取冒号分隔的队名
            char input[100];
            scanf(""%s"", input);
            
            // 分割队名1和队名2
            char *colon = strchr(input, ':');
            *colon = '\0';  // 将冒号替换为结束符
            strcpy(team1, input);
            strcpy(team2, colon + 1);
            
            // 读取比分
            scanf(""%d:%d"", &score1, &score2);
            
            // 查找或创建team1
            int idx1 = -1;
            for (int j = 0; j < team_count; j++) {
                if (strcmp(teams[j].name, team1) == 0) {
                    idx1 = j;
                    break;
                }
            }
            if (idx1 == -1) {
                strcpy(teams[team_count].name, team1);
                idx1 = team_count;
                team_count++;
            }
            
            // 查找或创建team2
            int idx2 = -1;
            for (int j = 0; j < team_count; j++) {
                if (strcmp(teams[j].name, team2) == 0) {
                    idx2 = j;
                    break;
                }
            }
            if (idx2 == -1) {
                strcpy(teams[team_count].name, team2);
                idx2 = team_count;
                team_count++;
            }
            
            // 更新球队数据
            teams[idx1].goals_scored += score1;
            teams[idx1].goals_against += score2;
            teams[idx2].goals_scored += score2;
            teams[idx2].goals_against += score1;
            
            // 更新积分
            if (score1 > score2) {
                teams[idx1].points += 3;
            } else if (score1 < score2) {
                teams[idx2].points += 3;
            } else {
                teams[idx1].points += 1;
                teams[idx2].points += 1;
            }
        }
        
        // 排序
        qsort(teams, team_count, sizeof(Team), compare);
        
        // 输出结果
        for (int i = 0; i < team_count; i++) {
            if (i > 0) printf("" "");
            printf(""%s"", teams[i].name);
        }
        printf(""\n"");
    }
    
    return 0;
}",,Controlx2 → Insert → a → v → Control → Insert → Control → Insert → Control → v → Control → vx4 → Control,,Controlx2 → Insert → a → v → Control → Insert → Control → Insert → Control → v → Control → vx4 → Controlx3 → Insert → a → Control → Insert → Control → v,,Controlx2 → Insert → a → v → Control → Insert → Control → Insert → Control → v → Control → vx4 → Controlx3 → Insert → a → Control → Insert → Control → v → Control → Insert,
1338946,2285,CE,DEBUG,bs_pause_2x,1600.6,638,"#include<stdio.h>
%#intint main(
Ptreturn {
return 0'
char shu[9;
while(gets(charshu!=NULL
{

#include<string.h>int len=strlen[(shu;15

void jianwei(char *a
{
if(*a==","#include<stdio.h>
#include<string.h>
void bub(char str[15],len)
{
    for(int i=0;i<len;i++)
    {
        str[i]-=0;
    }
    for(int i=0;i<len-1;i++)
    {
        for(int j=0;j<len-1-i;j++)
        {
            if(str[j]>str[j+1])
            {
                int temp=str[j];
                str[j]=str[j+1];
                str[j+1]=temp;
            }
        }
    }
}
int main()
{
    char shu[15];
    while(gets(shu)!=NULL)
    {
        int len=strlen(shu);
        char *jianwei[8]={""abc"",""def"",""ghi"",""jkl"",""mno"",""pqrs"",""tuv"",""wxyz""};
        bub(shu,len);
        for(int i=0;i<len;i++)
        {
            
        }
    }
    return 0;
}",,Backspacex2 → ',Shiftx18 → ( → Shift → * → a → =x2,Backspacex2 → ' → 2 → Enter → Shift → { → Enter,a → Enter → Shift → { → Enter → i → f → Shiftx19 → ( → Shift → * → a → =x2,Backspacex2 → ' → 2 → Enter → Shift → { → Enter,
1149407,1514,WA,IDLE,pause_32s,1399.6,902,"#include <stdio.h>
int main#include <string.h>
int main(
{

#include <math.h>
int is+_prime(int a
{
xif(x==1 return 0;
if(x==2 return 1;
foif(x%2==0 return 0;
for(int i=3;i<*i<=bx;i++
{
=2if(x%i==0 rteturn 0;
return 1;int schar s[10001;
swhile)(scafnnf(""%s, s!=EOF
{
int len=strlen(s;
for(int i=0;i<len;i++
{
 if(len>0&&s[len-1=='\n
{
s[len-1='\0;
len--;
if(for(int i=0;i<len;i++
{
if(len%3==0
a[i=a[i-'0;
{

int b=1;if(","#include <stdio.h>
#include <string.h>
#include <math.h>
int is_prime(int x)
{
    if(x==1) return 0;
    if(x==2) return 1;
    if(x%2==0) return 0;
    for(int i=3;i*i<=x;i+=2)
    {
        if(x%i==0) return 0;
    }
    return 1;
}
int main()
{
    char s[1001];
    while(scanf(""%s"", s)!=EOF)
    {
        int len=strlen(s);
        if(len>0&&s[len-1]=='\n')
        {
            s[len-1]='\0';
            len--;
        }
        int b=1;
        for(int i=0;3*i+2<len;i++)
        {
            s[i]=s[i]-'0';
            int c=s[3*i]*100+s[3*i+1]*10+s[3*i+2];
            if(len%3==0){
                if(is_prime(c))
                {
                    b=1;
                }
                else {
                    b=0;
                    break;
                }
            }
            else if(len%3==1)
            {
                if(is_prime(c)&&is_prime(s[len-1]))
                {
                    b=1;
                }
                else {
                b=0;
                break;
                }
            }
            else if(len%2==2)
            {
                if(is_prime(c)&&is_prime(s[len-2]*10+s[len-1]))
                {
                    b=1;
                }
                else {
                    b=0;
                    break;
                }
            }
            
        }
        if(b==1)
        {
            printf(""YES\n"");
        }
        else printf(""NO\n"");
    }
    return 0;
}",,s → [ → i → 3,,s → [ → i → 3 → Shift → * → 1 → 0x2 → Shift → + → s → [ → Shift → *,,s → [ → i → 3 → Shift → * → 1 → 0x2 → Shift → + → s → [ → Shift → * → 3 → Shiftx6 → * → i → Shift → + → 1 → Shift → *,
1065826,1329,TLE,IDLE,pause_66s,1470.7,518,"#clude<stdio.h>
int main({

#define MAX 5000000
void pre (void{
for(int i=2;i*i<=Max;AX;i++{

int is_perieme[MAX;+5is_prime[1
=0;for(
#invludenclude<string.h>memis_notmemset(n,0,si(n;
not_prime[1=1;int j=i*i;j<=MAX;j++{
if(
if(n!{
}[iisn[j{
n=1;long long(long long)while(scan
int k;
scanf(""5%d,&k;scanf(""%d%d,a&a,&ab==2
int a,v;b;{
for(int i=a;i<=b;i++{
if(n![i{
&&!n[i+2-2){
cnt++;
int cnt=0;
;k--){printf(""5%d\n,ncnt;return 0;[j]","#include<stdio.h>
#include<string.h>
#define MAX 5000000
int not_prime[MAX+5];
void pre (void){
    memset(not_prime,0,sizeof(not_prime));
    not_prime[1]=1;
    for(int i=2;i*i<=MAX;i++){
        if(!not_prime[i]){
            for(int j=i*i;j<=MAX;j+=i){
                not_prime[j]=1;
            }
        }
    }
}
int main(){
    pre();
    int k;
    scanf(""%d"",&k);
    int a,b;
    while(k--){
        scanf(""%d%d"",&a,&b);
        int cnt=0;
        for(int i=a;i<=b-2;i++){
            if(!not_prime[i]&&!not_prime[i+2]){
                cnt++;
            }
        }printf(""%d\n"",cnt);
    }return 0;
}",,Enter → p → r → e → Shift → ( → ;,,Enter → p → r → e → Shift → ( → ;,,Enter → p → r → e → Shift → ( → ;,
1214121,1070,TLE,DEBUG,bs_pause_2x,1178.2,753,"#incclude <>stdio.h
int mian(
{

int n=0;
,t,m;
long long n,t,m;
logn ng long num[n;
while scanf(scanf(:""%d %d ^D%d==3{}




llllll
froroorint itn tnnt (
int i,j;i=0;i<n;i+++{
scanf(""%d,a&anum[i;itn nt count=0;for (oi=0;i<n;i++{


iffor(i=i+1,;j<n;J+j++{

int sumt=0;
sum=num[ni;ttsum+=sumnumt[j;
if(sum>tbreak;
sleelse if(sum<yt
int zcountnumshuliang=0;1
shulaingiang++;=&&shuliang==,m count++;{

break;prinyftf(""%d\n,coutnt;
return 0; 
}tt,&n,&t,&","#include <stdio.h>
int main()
{
    int n,t,m;
    while(scanf(""%d %d %d"",&n,&t,&m)==3){
        int numt[n];
        int i,j;
        for(i=0;i<n;i++){
            scanf(""%d"",&numt[i]);
        }
        
        int count=0;
        int shuliang=1;
        int sumt=0;
        for (i=0;i<n;i++){
            int shuliang=1;
            sumt=numt[i];
            for(j=i+1;j<n;j++){
                sumt+=numt[j];
                shuliang++;
                if(sumt>t)break;
                else if(sumt<=t&&shuliang==m){
                    count++;
                    break;
                }  
            }
        }
        
        printf(""%d\n"",count);
    }
    return 0;
}",Control → v → Backspacex6,Backspace → Control → Insert → Backspacex2 → Control → v,Control → v → Backspacex6,Backspace → Control → Insert → Backspacex2 → Control → v,Control → v → Backspacex6,Backspace → Control → Insert → Backspacex2 → Control → v → Controlx5 → c,
1218084,1070,TLE,DEBUG,bs_pause_2x,709.9,552,"#clude<stdio.h>
int main({
int n,t ,m;
while(scanf(""%d %d %d ,&n.,t&t,&m!=EOFD{
int amelon[n;
for(int i=0;i<n;i++{

  sscanf(for(int i=0;i<=in;i+=+[
{
scanf(""%d,mel[i;
foritnnt total=0;
for(

int i=0;; i<+m<=n-1;i=i+3{
taooto=count int res=0;
res=for(int kqqqqq=0;i++k++k<31=3;k++{
res=+=mel[0m++q+k;
if(res<","#include<stdio.h>
int main(){
    int n,t,m;
    while(scanf(""%d %d %d"",&n,&t,&m)!=EOF){
        int melon[n];
        for(int i=0;i<n;i++){
            scanf(""%d"",&melon[i]);
        }
        int count=0;
        int q=0;
        for(;q+m<=n-1;q++){
            int res=0;
            for(int k=0;k<m;k++){
                res+=melon[q+k];
            }
            if(res<=t) count++;
        }
        printf(""%d\n"",count);
    }
}",Backspace,Backspace → c → Control → v,Backspacex23,Backspace → c → Control → v,Backspacex23,Backspace → c → Control → v,
1016399,1799,WA,IDLE,pause_41s,792.8,362,"v1
double e=;
for(int i=0;i<n;i99++
e+=1==01/n;
}
{
pr(""%lld.15f,e;
}
return 0;
{}i



int fact()int i{




returmn factif(i==1
returmmn 1;else
return result(result*=factt(i-1;else;
int result;
(fact(
)()fact(i*fact(i-1;i=e+
pri(""%$dfact(n;, c
v","#include<stdio.h>
int fact(int i){
    
    if(i==1)
    return 1;
    
    
    return i*fact(i-1);
}



int main(){
    int n;
    while(scanf(""%d"",&n)==1){
        double e=1;
        
        for(int i=1;i<=n;i++){
        double c=fact(i);
        e=e+1/c;
        
            
        }
        printf(""%.15lf"",e);
    }
    return 0;
}
    ",,d → o → u → b → l → e → Shift → ( → Shift → ),,d → o → u → b → l → e → Shift → ( → Shift → ) → Shift → ),,d → o → u → b → l → e → Shift → ( → Shift → ) → Shift → ) → Shift → (,
1032384,1065,AC,IDLE,pause_34s,1689.1,843,"c3#INCL<>stdio.h
in#include<>strnginngg.h
int main(

[
{
cahrhar str[int n;
scafnwhile*s(sacanf(""%d,&n!=EOF{
charstr str[n[1005;
froor(int i=0;i<n;i++{
sacanfa(""%s,srtr[i[1005;

cc
void apx(char* str
{
int len=strlen(str;
for(int i=0;i<,int int n,i<n;i++{
int len=sytrlen[i[1006=505;
]i(len>x{
<for(int j=i+1;j<nl;j++{
int ;len=strlen(str[j
int LEN=strlen[i;;
if(len<LEN{
exchange(str[i,str[j;-1
void exchange(char* str
{
1,char* str2int temp[100765;
strcoppy(temp,str1;
strcpy(str2;1,str2;
strcpy(str2,temp;()

||l(len==LEN&&strcmp(str[j,str[i<0<0","#include<stdio.h>
#include<string.h>
void px(char str[][1005],int n)
{
    for(int i=0;i<n-1;i++){
        int LEN=strlen(str[i]);
        for(int j=i+1;j<n;j++){
            int len=strlen(str[j]);
            if((len<LEN)||(len==LEN&&strcmp(str[j],str[i])<0)){
                exchange(str[i],str[j]);
                LEN=len;
            }
        }
    }
    
}
void exchange(char* str1,char* str2)
{
    char temp[1005];
    strcpy(temp,str1);
    strcpy(str1,str2);
    strcpy(str2,temp);
}
int main()
{
    int n;
    while(scanf(""%d"",&n)!=EOF){
        char str[n][1005];
        for(int i=0;i<n;i++){
            scanf(""%s"",str[i]);
        }
        px(str,n);
        for(int i=0;i<n;i++){
            printf(""%s\n"",str[i]);
        }
    }
    return 0;
}",,"Control → c → p → x → Shift → ( → s → t → r → , → n → ;",,"Control → c → p → x → Shift → ( → s → t → r → , → n → ; → Enterx2",,"Control → c → p → x → Shift → ( → s → t → r → , → n → ; → Enterx2 → f → o → Shiftx3 → ( → i → n → t →   → i",
1429470,1328,CE,IDLE,pause_87s,610.6,479,"# <bits/stdc++.h>
using namespace std;

int main() {
int c;
while (c-- {
int n, m;
scanf(""%d, &c;
scanf(""%d %d, &n, &m;
vector<int> p(h.m, 0;c
v
vhbcCCC
for (in t i=0; i<nl;m; ++i {
scanfd*((""%d %d %Dd, &p, &m, &c;[oii[i[i

for (int i=0; i<n;m; ++ui {

vector<int> dp(n+1, 0;for (int j=0; j<cc[i; ++j {
for (int k=n; k>=p[i; --k {}{
dp[k = max(dp[k, dp[k-ccp[i + w[m[i;

printf(""%d\n, wm[dp[n;","#include <bits/stdc++.h>
using namespace std;

int main() {
    int C;
    scanf(""%d"", &C);
    while (C--) {
        int n, m;
        scanf(""%d %d"", &n, &m);
        vector<int> p(m, 0);
        vector<int> h(m, 0);
        vector<int> c(m, 0);
        for (int i=0; i<m; ++i) {
            scanf(""%d %d %d"", &p[i], &m[i], &c[i]);
        }
        
        vector<int> dp(n+1, 0);
        for (int i=0; i<m; ++i) {
            for (int j=0; j<c[i]; ++j) {
                for (int k=n; k>=p[i]; --k) {
                    dp[k] = max(dp[k], dp[k-p[i]] + m[i]);
                }
            }
        }
        
        printf(""%d\n"", dp[n]);
    }
    return 0;
}",,n → + → 1,,n → + → 1,,n → + → 1,
1134953,1683,PE,IDLE,pause_81s,1600.6,550,"#include<stdio.h>

int main({
return 0;
intint n;
while(acanfscanf(""%d,&,&n!=EofOF{
for(int ;int i=0;i<(n+2)/3;i++{
printf(1=""%02d,i;for(niint i=0;i<(n-4)/3;i++{
for(int j=(n-4/3;j>0;j--{
printf("" ;printf
printf(""\n;
int a[31*3+4;
for(int i=01;i<31*4+43=00;i++{
int a[for(int j=0;j<31*3+4;j++{
a[j=i;
int i=1;i++;(""int m=(n+2/3;%d,a[m;
m++;\nprintf(for(int i=(2*n-2)/3;i<=n;i++{
rprintf(%d""%d02,i;\printf(""\n;/2
02","#include<stdio.h>

int main(){
    int n;
    while(scanf(""%d"",&n)!=EOF){
        int m=(n+5)/3;
        for(int i=1;i<=(n+2)/3;i++){
            printf(""%02d"",i);
        }printf(""\n"");
        for(int i=0;i<(n-4)/3;i++){
            for(int j=(n-4)/3*2;j/2>i;j--){
                printf("" "");
            }printf(""%02d\n"",m);
            m++;
        }for(int i=(2*n-2)/3+1;i<=n;i++){
            printf(""%02d"",i);
        }printf(""\n"");
    }
    return 0;
}",,i → n → t →   → m → =,,i → n → t →   → m → =,,i → n → t →   → m → =,
1132867,2112,PE,DEBUG,bs_pause_2x,1401.2,835,"#include <stdio.hg>
int mianain(
{
int n;
whikele(sxcanfcamf(""%smm,%d"",&n !=EOF
{
)ifor(*int i=0;i<n;i++
{

int num[n;scanf(""%d0,nuimumm[i;
for(int i=0;i<2;i++
{
scanf(""%s,d %s   
int cmd1;
char smdcmsd2;smdcmd1;cmd2);
if(cmd2=='L00
{
fior(int i=0;i<n;i++
{
printf(""
if(icmd1%n(+1)-1%d ,num[i;
for(int i=0;i<cmd1%(n+1;i++
{
printf(""%d ,num[i;
printf(:\n""""';
else if(cmsd==2=='R00
{
v

reutrn turn 0;
printf(:""\n;;,&&nn--1-v><n-10vn0v=c&
int count=0;
count+_++;
count++;
if(count>1==12
printf(""\n;
v
int count=0;
v
count++;
count++;2","#include <stdio.h>
int main()
{
    int n;
    while(scanf(""%d"",&n) !=EOF)
    {
        int num[n];
        for(int i=0;i<n;i++)
        {
            scanf(""%d"",&num[i]);
        }
        int cmd1;
        char cmd2;
        scanf(""%d %c"",&cmd1,&cmd2);
        if(cmd2=='L')
        {
            int count=0;
            for(int i=cmd1%(n);i<n;i++)
            {
                printf(""%d "",num[i]);
                count++;
                if(count==12)
                printf(""\n"");
            }
            for(int i=0;i<cmd1%(n);i++)
            {
                printf(""%d "",num[i]);
                count++;
                 if(count==12)
                printf(""\n"");
            }
            if(count<=12)
            printf(""\n"");
        }
        else if(cmd2=='R')
        {
            int count=0;
            for(int i=n-cmd1%(n);i<n;i++)
            {
                printf(""%d "",num[i]);
                count++;
                 if(count==12)
                printf(""\n"");
            }
            for(int i=0;i<n-cmd1%(n);i++)
            {
                printf(""%d "",num[i]);
                count++;
                 if(count==12)
                printf(""\n"");
            }
            if(count<=12)
            printf(""\n"");
        }
        printf(""\n"");
    }
    return 0;
}",3 →   → 5 →   → Backspacex7,Backspacex2 →  ,2 → 8 →   → 1 → 3 →   → 5 →   → Backspacex7,Backspacex2 →  x2 → Backspacex2 → Control → v,Control → Insert → Backspacex2 → 2 → 8 →   → 1 → 3 →   → 5 →   → Backspacex7,Backspacex2 →  x2 → Backspacex2 → Control → v,
1121878,1551,AC,IDLE,pause_34s,615.3,467,"#include<stdio.h>
intmain(void 
int dihgit(int n,int k;
{
char[int lwnen=srtrleenlen(nl=;
if(k>len
{
return 0;
else
{
int am=n[len-nk;
returb m;n
{
int T,l,r,k;
scanf(""%d,&T;
sscawhile(i<T
int i=0;
{
scanf(""%d%d%d,&l,&r,&k;
for(innt j=0;j<ir;j++=
{

int sum=0;sum+=digit(l+j,k;
prinrtftf(""%d,sum;
return 0;\n
#uinclude<string.h>-'0
int ncaherhar str0[2100;
sprintf(str,""5d%,n;strstr
i++;","#include<stdio.h>
#include<string.h>
int digit(int n,int k)
{
    char str[20];
    sprintf(str,""%d"",n);
    int len=strlen(str);
    if(k>len)
    {
        return 0;
    }
    else
    {
        int m=str[len-k]-'0';
        return m;
    }
}
int main(void)
{
    int T,l,r,k;
    int i=0;
    scanf(""%d"",&T);
    while(i<T)
    {
        int sum=0;
        scanf(""%d%d%d"",&l,&r,&k);
        for(int j=l;j<=r;j++)
        {
            sum+=digit(j,k);
        }
        printf(""%d\n"",sum);
        i++;
    }
    return 0;
}",,l → j → Control → Insert,,l → j → Control → Insert,,l → j → Control → Insert,
1167793,0,CE,IDLE,pause_175s,1145.1,494,"#incl8ude<>stdio.h
int main()
{}
0; 
while(){}

int name,char name[]10;
int s1,s1s22.s33;k,,num,personscanfr()""%d,&perspmon!!=EOFfor()int i=1;i<perons=;i++{}
scanf()""%ds,&name[]ij;
int num[];0100
wscanf()""5%d.&s1;
scanf()""%d,,&s2;
scanf()""%d.&s3;,
num[][]100[]100][100","#include<stdio.h>
int main()
{
    char name[10][100];
    int s1[100],s2[100],s3[100],person;
    int num[100];
    while(scanf(""%d"",&person)!=EOF){
        for(int i=0;i<person;i++){
            scanf(""%s"",&name[i]);
            scanf(""%d"",&s1[i]);
            scanf(""%d"",&s2[i]);
            scanf(""%d"".&s3[i]);
            num[i]=s1[i]+s2[i]+s3[i];
            printf(""%s %d"",name[i],num[i]);
        }
        
    }
    return 0;
}",,[ → ] → i → [ → ] → i,,[ → ] → i → [ → ] → i → [ → ] → i → [ → ] → ix2,,[ → ] → i → [ → ] → i → [ → ] → i → [ → ] → ix2 → = → s → 1 → [ → ] → i → + → s → [ → ] → i,
1090065,1508,NoData,IDLE,pause_66s,1490.7,804,"#clude<srtdio.h>

int main({

long long n=0;

while(scanf*(""%dll,&n!=EOfF{


int is 6include6(intlong long n{
while(n!=0{
if(n%10==6{
return 1;
n=n/10;
break;
return 0;if(in(n==1||n%6==0{
ifor(int 

void(int arr[,long long 


for(int ui=1;i<

voidint isnclude6(long long n{
while(n=n%1000;
while(n!=0{
if(n%10==6{
return 1;
bbreak;
n=n/10;
reuturn 0;

void reserpreserve({
int nfor(int i=0;i<n;i++{

int long long arr[;long long long long i=arrif(
long long num=1;if(nunm%6==0||in(num==1{
arr[i=num;

i++;
num++;
pr(n;","#include <stdio.h>
#include <stdbool.h>

#define MAX_N 100000  // 题目要求的最大n

// 判断一个数是否是幸运数字
int  isLucky(int num) {
    // 条件1：能被6整除
    if (num % 6 == 0) {
        return 1;
    }
    // 条件2：后三位包含数字6
    int lastThree = num % 1000;  // 取后三位
    while (lastThree > 0) {
        if (lastThree % 10 == 6) {
            return 1;
        }
        lastThree /= 10;
    }
    return 0;
}

int main() {
    int luckyList[MAX_N];
    int count = 0;
    int num = 6;  

    
    while (count < MAX_N) {
        if (isLucky(num)==1) {
            luckyList[count++] = num;
        }
        num++;
    }

    int n;
    while (scanf(""%d"", &n) != EOF) {
        printf(""%d\n"", luckyList[n - 1]);  
    }

    return 0;
}",,"Enterx2 → p → r → i → n → t → f → Shiftx11 → ( → "" → %",,"Enterx2 → p → r → i → n → t → f → Shiftx11 → ( → "" → % → lx2 → d → , → a → rx2 → [ → n → - → 1",,"Enterx2 → p → r → i → n → t → f → Shiftx11 → ( → "" → % → lx2 → d → , → a → rx2 → [ → n → - → 1",
1336637,0,RE,IDLE,pause_90s,1479.5,468,"0 0 0cvvzccv 0 0 0 cvv
v
6 6**%d,addcvvv{}{}a
++{}a++;;{}{}a++;{}a++;{}a
++;{}a++;{}{}a++;{}a++;{}c","#include<stdio.h>
#define N 300000
void spiralOrder(int matrix[55][55], int m, int n) {
     int isprime[N+5]={0};
     int add=0;
    for(int i=0;i<=N;i++){
        isprime[i]=1;
    }
    for(int i=2;i<=N;i++){
        if(isprime[i]){
            for(int j=2*i;j<=N;j+=i){
                isprime[j]=0;
            }
        }
    }
    int su[30000]={0};
    int k=0;
    for(int i=2;i<=N;i++){
        if(isprime[i])
        su[k++]=i;
    }
    int p=0;
    int t=0,b=m-1,l=0,r=n-1;
    while(t<=b&&l<=r){
        for(int i=l;i<=r;i++){
            if(matrix[t][i]){
            printf(""%d "",matrix[t][i]);add++;}
        else if(!matrix[t][i]){
            printf(""%d "",su[p++]);add++;}
            if(add%m==0&&add!=0)
            printf(""*%d*\n"",add);
        }
        t++;
        for(int i=t;i<=b;i++){
            if(matrix[i][r]){
            printf(""%d "",matrix[i][r]);add++;}
         else if(!matrix[i][r]){
            printf(""%d "",su[p++]);add++;}
            if(add%m==0&&add!=0)
            printf(""**%d**\n"",add);
        }
        r--;
        if(t<=b){
            for(int i=r;i>=l;i--){
                if(matrix[b][i]){
            printf(""%d "",matrix[b][i]);add++;}
             else if(!matrix[b][i]){printf(""%d "",su[p++]);
            add++;}
                if(add%m==0&&add!=0)
            printf(""***%d***\n"",add);
            }
            b--;
        }
        if(l<=r){
            for(int i=b;i>=t;i--){
                if(matrix[i][l]){
            printf(""%d "",matrix[i][l]);add++;}
             else if(matrix[i][l]){
            printf(""%d "",su[p++]);add++;}
                if(add%m==0&&add!=0)
            printf(""****%d****\n"",add);
            }
            l++;
        }
    }
}
int main(){
    int m,n;
    while(scanf(""%d%d"",&m,&n)!=EOF){
        int num[55][55]={0};
        for(int i=0;i<m;i++){
            for(int j=0;j<n;j++){
                scanf(""%d"",&num[i][j]);
            }
        }
       spiralOrder(num,m,n);
       printf(""\n"");
    }
    return 0;
}",,=x2 → Shift → + → 1 → Shift → +,,=x2 → Shift → + → 1 → Shift → + → 1 → +,,=x2 → Shift → + → 1 → Shift → + → 1 → +,
1132867,2112,PE,DEBUG,bs_pause_2x,1401.2,835,"#include <stdio.hg>
int mianain(
{
int n;
whikele(sxcanfcamf(""%smm,%d"",&n !=EOF
{
)ifor(*int i=0;i<n;i++
{

int num[n;scanf(""%d0,nuimumm[i;
for(int i=0;i<2;i++
{
scanf(""%s,d %s   
int cmd1;
char smdcmsd2;smdcmd1;cmd2);
if(cmd2=='L00
{
fior(int i=0;i<n;i++
{
printf(""
if(icmd1%n(+1)-1%d ,num[i;
for(int i=0;i<cmd1%(n+1;i++
{
printf(""%d ,num[i;
printf(:\n""""';
else if(cmsd==2=='R00
{
v

reutrn turn 0;
printf(:""\n;;,&&nn--1-v><n-10vn0v=c&
int count=0;
count+_++;
count++;
if(count>1==12
printf(""\n;
v
int count=0;
v
count++;
count++ ","#include <stdio.h>
int main()
{
    int n;
    while(scanf(""%d"",&n) !=EOF)
    {
        int num[n];
        for(int i=0;i<n;i++)
        {
            scanf(""%d"",&num[i]);
        }
        int cmd1;
        char cmd2;
        scanf(""%d %c"",&cmd1,&cmd2);
        if(cmd2=='L')
        {
            int count=0;
            for(int i=cmd1%(n);i<n;i++)
            {
                printf(""%d "",num[i]);
                count++;
                if(count==12)
                printf(""\n"");
            }
            for(int i=0;i<cmd1%(n);i++)
            {
                printf(""%d "",num[i]);
                count++;
                 if(count==12)
                printf(""\n"");
            }
            if(count<=12)
            printf(""\n"");
        }
        else if(cmd2=='R')
        {
            int count=0;
            for(int i=n-cmd1%(n);i<n;i++)
            {
                printf(""%d "",num[i]);
                count++;
                 if(count==12)
                printf(""\n"");
            }
            for(int i=0;i<n-cmd1%(n);i++)
            {
                printf(""%d "",num[i]);
                count++;
                 if(count==12)
                printf(""\n"");
            }
            if(count<=12)
            printf(""\n"");
        }
        printf(""\n"");
    }
    return 0;
}",Backspace →  x2 → Backspace,Backspace → Control → v,5 →   → Backspacex9 →  x2 → Backspace,Backspace → Control → v,  → 1 → 3 →   → 5 →   → Backspacex9 →  x2 → Backspace,Backspace → Control → v → Control → Insert → /x2,
1096994,1462,AC,IDLE,pause_35s,584.2,326,"#incldude <sttdio.h>'
int maninin (
{







retruurn 0;while(
int n;int scanf*(""%d,&n != EOF
{
for(int i = 1; i < = n; i++
{

printf(
"" ;sfor(int ij = 1; j <= n ; j++
{
}


printf(""*;for(int i = 0; i <= n; ji=++
{
printf(""*;
printf(""\n;
printf(""\n;jjj","#include <stdio.h>
int main()
{
    int n;
    while(scanf(""%d"",&n) != EOF)
    {
        for(int j = 1; j <= n; j++)
        {
        for(int i = 1; i <= n + 1 - j; i++)
        {
            printf("" "");
        }
        printf(""*"");
        printf(""\n"");
        }
        for(int i = 0; i <= n; i++)
        {
            printf(""*"");
        }
        printf(""\n"");
        for(int j = 1; j <= n; j++)
        {
        for(int i = 1; i <= n - j; i++)
        {
            printf("" "");
        }
        printf(""*"");
        printf(""\n"");
        }
        printf(""\n"");
    }
    
    
    
    return 0;
}",,n → - →  x2 → j,,n → - →  x2 → j,,n → - →  x2 → j,
1019726,1218,WA,DEBUG,bs_pause_2x,531.2,188,"17 if(m=1000


","#include<stdio.h>

int main(){
    int a;
    int sz[4]={0};
    scanf(""%d"",&a);
    if(a%3==0){
        sz[0]=3;
    }
    if(a%5==0){
        sz[1]=5;
    }
    if(a%8==0){
        sz[2]=8;
    }
    if(a%11==0){
        sz[3]=11;
    }
    int x=0;
    if(sz[0]!=0||sz[1]!=0||sz[2]!=0||sz[3]!=0){
        printf(""Yes\n"");
        for(int i=0;i<4;i++){
            if(sz[i]!=0){
                if(x==0){
                    printf(""%d"",sz[i]);
                    x++;
                }else{
                    printf("" %d"",sz[i]);
                    x++;
                }
            }
        }
    }else{
        printf(""No"");
    }
    return 0;
}
// ",Enter,Backspacex4,Enterx3,Backspacex4,Enterx3,Backspacex4,
1023146,1007,AC,DEBUG,bs_pause_2x,514.9,498,"#include<stiodio.h>
int main({
int n;
while(scanf(""5%d,&n!=EOF{
intint fort(i=1;i<=n;'i++{
forint (intk k=1;0k<i;k++{
printtf(""A'aA+k'A+""%d,k;""A+%Dd\n
retu 0","#include<stdio.h>
int main(){
    int n;
    while(scanf(""%d"",&n)!=EOF){
        for(int i=1;i<=n;i++){
            char ch='A'+i-1;
            for(int k=0;k<i;k++){
                printf(""%c"",ch);
            }
            printf(""\n"");
        }
    }
    return 0;
}",Backspace,Backspacex2,Backspace,Backspacex2 → 'x2,Backspace,Backspacex2 → 'x2,
1208311,1518,AC,IDLE,pause_41s,860.9,491,"cccccccccccc#include <Ststdio.h>
int main({
whilesca(scanf(""%d
int n;, &n!=EOF{

in t flag=1;","#include <stdio.h>
int main(){
    int n;
    int flag=1;
    int k;
    while(scanf(""%d"", &n)!=EOF){
        flag=1;
        scanf(""%d"",&k);
        if(k%2==0){
            flag=0;
        }
        if(n%2==0){
            flag=0;
        }
        n--;
        while(n--){
            scanf(""%d"", &k);
        }
        if(k%2==0){
            flag=0;
        }
        //printf(""%d\n\n"",k);
        if(flag){
            printf(""Yes\n"");
        }
        else{
            printf(""No\n"");
        }
    }
}",,"s → c → a → n → f → Shift → ( → Shift → "" → Shiftx10 → % → d → , → Enter → i → n → t →   → k → ;",,"s → c → a → n → f → Shift → ( → Shift → "" → Shiftx10 → % → d → , → Enter → i → n → t →   → k → ; → Shift → & → k → ; → Enter → i → g → f → Shift → ( → k → Shiftx8 → %",,"s → c → a → n → f → Shift → ( → Shift → "" → Shiftx10 → % → d → , → Enter → i → n → t →   → k → ; → Shift → & → k → ; → Enter → i → g → f → Shift → ( → k → Shiftx8 → % → 2 → =x2 → 0 → Shiftx3 → { → Enter → f → l → a → g → = → 0 → ; → Shiftx2 → Enter",
1360912,2104,NoData,DEBUG,bs_pause_2x,1410.7,249,"ccccccvcvvcv
cc","

#include <stdio.h>
#include <stdlib.h>
#include <string.h>
#include <math.h>

#define MAX_SIZE 100
#define MAX_K 51

void sort_unique(int *arr, int *len) {
    int i, j, temp;
    int unique[MAX_SIZE] = {0};
    int u_len = 0;
    for (i = 0; i < *len; i++) {
        int flag = 1;
        for (j = 0; j < u_len; j++) if (arr[i] == unique[j]) flag = 0;
        if (flag) unique[u_len++] = arr[i];
    }
    for (i = 0; i < u_len - 1; i++)
        for (j = 0; j < u_len - 1 - i; j++)
            if (unique[j] > unique[j + 1]) {
                temp = unique[j];
                unique[j] = unique[j + 1];
                unique[j + 1] = temp;
            }
    memcpy(arr, unique, sizeof(int) * u_len);
    *len = u_len;
}

void union_set(int *A, int n, int *B, int m, int *U, int *u_len) {
    int temp[MAX_SIZE * 2] = {0};
    int t_len = 0;
    for (int i = 0; i < n; i++) temp[t_len++] = A[i];
    for (int i = 0; i < m; i++) temp[t_len++] = B[i];
    sort_unique(temp, &t_len);
    memcpy(U, temp, sizeof(int) * t_len);
    *u_len = t_len;
}

void intersect_set(int *A, int n, int *B, int m, int *I, int *i_len) {
    int temp[MAX_SIZE] = {0};
    int t_len = 0;
    for (int i = 0; i < n; i++)
        for (int j = 0; j < m; j++)
            if (A[i] == B[j]) { temp[t_len++] = A[i]; break; }
    sort_unique(temp, &t_len);
    memcpy(I, temp, sizeof(int) * t_len);
    *i_len = t_len;
}

void diff_set(int *A, int n, int *B, int m, int *D, int *d_len) {
    int temp[MAX_SIZE] = {0};
    int t_len = 0;
    for (int i = 0; i < n; i++) {
        int flag = 1;
        for (int j = 0; j < m; j++) if (A[i] == B[j]) flag = 0;
        if (flag) temp[t_len++] = A[i];
    }
    sort_unique(temp, &t_len);
    memcpy(D, temp, sizeof(int) * t_len);
    *d_len = t_len;
}

int get_min_k(int len1, int len2, int len3, int len4) {
    int k = 3;
    while (1) {
        if (k % 2 == 0 || k < 3 || k > MAX_K) { k++; continue; }
        int mid = k / 2;
        int area1 = mid * (mid + 1) / 2;
        int area2 = mid * (mid + 1) / 2;
        int area3 = mid * mid;
        int area4 = mid * mid;
        if (area1 >= len1 && area2 >= len2 && area3 >= len3 && area4 >= len4) break;
        k++;
    }
    return k;
}

char get_diag_char(int k, int row, int col) {
    int mid = k / 2;
    if (row != col && row + col != k - 1) return 0;
    int diff = abs(row - mid);
    if (diff == 0) return 'X';
    else if (diff == 1) return 'A';
    else if (diff == 2) return 'B';
    else return 'C';
}

int get_cycle_val(int *data, int len, int *idx) {
    int val = len == 0 ? 0 : data[(*idx) % len];
    (*idx)++;
    return val;
}

void fill_matrix(int k, int *U, int u_len, int *I, int i_len, int *D1, int d1_len, int *D2, int d2_len) {
    int mid = k / 2;
    int u_idx = 0, i_idx = 0, d1_idx = 0, d2_idx = 0;
    for (int row = 0; row < k; row++) {
        for (int col = 0; col < k; col++) {
            char c = get_diag_char(k, row, col);
            if (c != 0) { printf(""%5c"", c); continue; }
            int val;
            if (row + col < mid * 2) val = get_cycle_val(U, u_len, &u_idx);
            else if (row + col > mid * 2) val = get_cycle_val(I, i_len, &i_idx);
            else if (row > col) val = get_cycle_val(D1, d1_len, &d1_idx);
            else val = get_cycle_val(D2, d2_len, &d2_idx);
            printf(""%5d"", val);
        }
        printf(""\n"");
    }
}

int main() {
    int n, m, case_cnt = 0;
    while (scanf(""%d %d"", &n, &m) != EOF) {
        int A[MAX_SIZE], B[MAX_SIZE];
        int U[MAX_SIZE * 2], I[MAX_SIZE], D1[MAX_SIZE], D2[MAX_SIZE];
        int u_len, i_len, d1_len, d2_len;

        for (int i = 0; i < n; i++) scanf(""%d"", &A[i]);
        for (int i = 0; i < m; i++) scanf(""%d"", &B[i]);

        union_set(A, n, B, m, U, &u_len);
        intersect_set(A, n, B, m, I, &i_len);
        diff_set(A, n, B, m, D1, &d1_len);
        diff_set(B, m, A, n, D2, &d2_len);

        int k = get_min_k(u_len, i_len, d1_len, d2_len);
        if (case_cnt++ > 0) printf(""\n"");
        fill_matrix(k, U, u_len, I, i_len, D1, d1_len, D2, d2_len);
    }
    return 0;
}
",Control → Insert → Control → c → Backspacex2 → Control → Insert → Control → Insert → Control → c → Backspacex2,Backspace → Control → c,Control → Insert → Control → c → Backspacex2 → Control → Insert → Control → Insert → Control → c → Backspacex2,Backspace → Control → c,Control → Insert → Control → c → Backspacex2 → Control → Insert → Control → Insert → Control → c → Backspacex2,Backspace → Control → c,
1111461,2086,PE,IDLE,pause_34s,1519.2,1033,"VINT  mn;
whikeile(scanf(""%d\n,&n{




arr[n;intfotr(int i=0;i<n;i++{
scanf(""%d ,a&arr[i;v
v
cv(arr","#include<stdio.h>
void bubbleSort(int arr[], int n) {
    int i, j, temp;
    for (i = 0; i < n - 1; i++) {
        for (j = 0; j < n - i - 1; j++) {
            if (arr[j] > arr[j + 1]) {
                temp = arr[j];
                arr[j] = arr[j + 1];
                arr[j + 1] = temp;
            }
        }
    }
}


int main(){
    int n;
   
    while(scanf(""%d"",&n)!=EOF){
        int arr[n];
     for(int i=0;i<n;i++){
         scanf(""%d"",&arr[i]);
       
     }  
        bubbleSort(arr,n);
        for(int j=0;j<n;j++){
            if(arr[j]%2!=0){
                printf(""%d "",arr[j]);
            }
        }
        printf(""\n"");
        for(int r=0;r<n;r++){
            if(arr[r]%2==0){
                printf(""%d "",arr[r]);
            }
        }
        
        printf(""\n"");
    }
     
     
   
    
    
    
    
    return 0;
}",,", → n → ; → Enter",,", → n → ; → Enter",,", → n → ; → Enter",
1379358,2112,MLE,DEBUG,bs_pause_2x,766.5,896,"#Qinclude<.>stdio.h
int main(
{
int n;
    while(scanf('%d""%d,&n!=EOF{
int arr[n;
frpor(int i=0;i<n;i++{
scanf(""%d,&arr[i;
int k;
char order;
sscanfcanf(""%d %c&,&k,&order;
if(rooer=='LR{

void moeve(int arr[,itnt n
{
,int kk%=n;
int pre[k;
for(int i=0;i<k;;i++{
pre[i=arr[n-k+1;i
for(int i=n-k+-1;i>=0;i--{
arr[i+k=arr[i;
for(int i=0;i<k;i++{
arr[i=pere[i';move(arr,n,k;
innt t cntt=0=0;;

for(innt yt i==0=0;i<n;i++{
prinntftf)(""%%dd ,arr[i;
cnt++;
if(cnt====12{
cnt=0;
printf(""\bbn;else fif(or=='L{
move(arr,n,n-k;
cccc
return 0;
}
prinntf(tf(""|\n;
printf(""\ccccccccccccccccccccccccccccccc 13  ","#include<stdio.h>
void move(int arr[],int n,int k)
{
    k%=n;
    int pre[k];
    for(int i=0;i<k;i++){
        pre[i]=arr[n-k+i];
    }
    for(int i=n-k-1;i>=0;i--){
        arr[i+k]=arr[i];
    }
    for(int i=0;i<k;i++){
        arr[i]=pre[i];
    }
}
int main()
{
    int n;
    while(scanf(""%d"",&n)!=EOF){
        int arr[n];
        for(int i=0;i<n;i++){
            scanf(""%d"",&arr[i]);
        }
        int k;
        char order;
        scanf(""%d %c"",&k,&order);
        if(order=='R'){
            move(arr,n,k);
            int cnt=0;
            for(int i=0;i<n;i++){
                printf(""%d "",arr[i]);
                cnt++;
                if(cnt==12){
                    cnt=0;
                    printf(""\n"");
                }
            }
            if(cnt==0){
                printf(""\n"");
            }else{
            printf(""\n\n"");
            }
        }else if(order=='L'){
            move(arr,n,n-k);
                       int cnt=0;
            for(int i=0;i<n;i++){
                printf(""%d "",arr[i]);
                cnt++;
                if(cnt==12){
                    cnt=0;
                    printf(""\n"");
                }
            }
            if(cnt==0){
                printf(""\n"");
            }else{
            printf(""\n\n"");
            }
        }
    }
    return 0;
}",Backspacex2 → 2 → Backspacex6,Backspace,  → 7 → Backspacex2 → 2 → Backspacex6,Backspacex2 → ArrowDownx2 → ArrowRightx3 → Enter → Control → v,  → 7 → Backspacex2 → 2 → Backspacex6,Backspacex2 → ArrowDownx2 → ArrowRightx3 → Enter → Control → v,
1248377,1512,OLE,IDLE,pause_168s,799.0,440,"#include <stdio.h>
int main()
{











return 0;while(scanf(""%lld,&n
long long n;!=0
{
iintint a[10;9
for(int i=0;Ii<9;Ii++
{
n%16=a[i=n%16;
n/=16;c
v

{
if(a[i<=9

int sum=0;
sum+=a[i;
pri(""%d\n,sum;","#include <stdio.h>
int main()
{
    long long n;
  while(scanf(""%lld"",&n)!=0)  
  {
      int a[9];
      for(int i=0;n>0;i++)
      {
          a[i]=n%16;
          n/=16;
      }
      int sum=0;
      for(int i=0;i<9;i++)
  {
      if(a[i]<=9)
      sum+=a[i];
      
  }
  printf(""%d\n"",sum);
  }
    
    
    
    
    
    
    
    
    
    
    return 0;
}",,n → . → Shift → > → 0,,n → . → Shift → > → 0,,n → . → Shift → > → 0,
1360456,1748,AC,DEBUG,bs_pause_3x,1546.8,197,"#v)(
int n=0;
whielillie
while(acscannf(:""%s,str!=EOF{}len
int","#include<stdio.h>
#include<string.h>
#define MAX 1005
int main()
{
	char str[MAX];
	while(scanf(""%s"",str)!=EOF){
	    //printf(""%s\n"",str);
    	int len=strlen(str);
    	int cnt=0;
    	int sum=0;
    	for(int i=0;i<len;i++){
    		if(str[i]=='7')cnt++;
    		int tem=str[i]-'0';
    		sum+=tem;
    	}
    	int mid=len/2;
    	//printf(""%d %d\n"",cnt,mid);
    	if(cnt>mid||sum%7==0)printf(""Yes\n"");
    	else printf(""No\n"");
	}
	return 0;
}",Backspacex14,Backspacex14 → Enter → p → r → i → n,m → i → d → Backspacex14,"Backspacex14 → Enter → p → r → i → n → t → f → Shift → ( → "" → % → d →   → Shift → % → d → \ → n → , → c → n → t → ,",Enter → i → n → t →   → m → i → d → = → l → e → n → / → 2 → ; → m → i → d → Backspacex14,"Backspacex14 → Enter → p → r → i → n → t → f → Shift → ( → "" → % → d →   → Shift → % → d → \ → n → , → c → n → t → , → m → i → d → ;",
1437367,1848,OLE,IDLE,pause_55s,1418.6,990,",m,s,t;while(cin>>n>>m>>s>>t{
forIe(int i=0;i<m;i++{
int a,b,c;
cin>>a>>>
cin>>a>>b>>c;
g[a[b=c;

memfill(g,g+10000*10000;10000000000;,1000000000;
gp
gp
gp
g[b[a=c;

if(vere.ch;re.clear(;
if(dfs(==-1{
else{
for(int i=0;i<re.size(;i++{
cout<<re[i;
if(i!=re.soize(;ii!=re.size(-1{scoutzo-1cout<<"" ;cout<<""ccvccv<<endl;int dfs(int s,int t{
re[s=true;
s,tvisv[s=true;
re.push(
re.push_back(s;
for(int i=0;i<n;i++{
if(v[!vi!v[i&&g[s[i!=infconst int inf=xv;inf
mems
mems(svis,false,size(falsf,sizeof(v
memset(v,false,sizeof(vis;{
d(i,t;
if(s==treturn ;

bool dd=false;void{}s{]}dd=true;return ;x
vdd!dd.hcc","#include<bits/stdc++.h>
using namespace std;

const int MAXN = 1005;
int g[MAXN][MAXN];
bool vis[MAXN];
vector<int> re;
int n, m, s, t;
const int inf = 1e9;
bool dd = false;

void dfs(int s, int t) {
    vis[s] = true;
    re.push_back(s);
    if (s == t) {
        dd = true;
        return;
    }
    for (int i = 0; i < n; i++) {
        if (!vis[i] && g[s][i] != inf) {
            dfs(i, t);
            if (dd) return;   // 找到目标后立即返回
        }
    }
    // 注意：这里没有回溯，因为找到目标时已经逐层返回，未找到则 re 中可能残留无关节点，但输出时只会在 dd=true 时输出，此时 re 是正确的
}

int main() {
    while (cin >> n >> m >> s >> t) {
        // 将输入的节点编号从 1-based 转为 0-based
        s--; t--;
        // 初始化邻接矩阵
        for (int i = 0; i < n; i++) {
            for (int j = 0; j < n; j++) {
                g[i][j] = inf;
            }
        }
        memset(vis, false, sizeof(vis));
        dd = false;
        for (int i = 0; i < m; i++) {
            int a, b, c;
            cin >> a >> b >> c;
            a--; b--;           // 转换编号
            g[a][b] = c;
            g[b][a] = c;
        }
        re.clear();
        dfs(s, t);
        if (!dd) {
            cout << ""can't arrive"" << endl;
        } else {
            cout<<re.size()<<endl;
            for (size_t i = 0; i < re.size(); i++) {
                cout << re[i] + 1;   // 输出时转回 1-based
                if (i != re.size() - 1) cout << "" "";
            }
            cout << endl;
        }
    }
    return 0;
}",,Control → v,,Control → v,,Control → v,
1036863,1218,WA,DEBUG,bs_pause_2x,1510.3,287,"os,js
sz[310q/3!=0&&()o/8!=0&&cv/!&&cv||&&ccvv2!vq1=!=0&&0","#include<stdio.h>
#include<string.h>
int main(){
    char str[10001];
    scanf(""%s"",str);
    int len=strlen(str);
    int q=0;
    int sz[4]={0};
    int os=0;
    int js=0;
    for(int i=0;i<len;i++){
        q+=str[i]-'0';
        if((i+1)%2==0){
            os+=str[i]-'0';
        }else{
            js+=str[i]-'0';
        }
    }
    if(q>=3&&q%3==0){
        sz[0]=3;
    }
    if(q!=0&&((str[len-1]-'0')==5||(str[len-1]-'0')==0)){
        sz[1]=5;
    }
    int o=0;
    int j=1;
    if(len>=3){    
        for(int i=0;i<3;i++){
        o=o+(str[len-1-i]-'0')*j;
        j*=10;
    }
    if(o>=8&&o%8==0){
        sz[2]=8;
    }
    }else{
        for(int i=len-1;i>=0;i--){
        o=o+(str[i]-'0')*j;
        j*=10;
    }
    if(o>=8&&o%8==0){
        sz[2]=8;
    }
    }
    
    if(q!=0&&(os-js)%11==0){
        sz[3]=11;
    }
    int x=0;
    if(sz[0]!=0||sz[1]!=0||sz[2]!=0||sz[3]!=0){
        printf(""Yes\n"");
        for(int i=0;i<4;i++){
            if(sz[i]!=0){
                if(x==0){
                    printf(""%d"",sz[i]);
                    x++;
                }else{
                    printf("" %d"",sz[i]);
                    x++;
                }
            }
        }
    }else{
        printf(""No"");
    }
    return 0;
}",0,Backspace → 1 → 0 → 5 → Backspacex4,0,Backspace → 1 → 0 → 5 → Backspacex4,Shift → &x2 → 0,Backspace → 1 → 0 → 5 → Backspacex4 → q → 0,
1251278,1900,PE,IDLE,pause_67s,1254.2,424,"#incluede<stdio.h>
inrt main(
{
return 0;
int n;
swilehile9(scanf(""%d,&n!=EOF
{
if(n==1
printf(""*\n;
printf(""aAc'aA;
\ncc""A\n
printf(""*\n;c
{
c        if(nelse
{
""iffor(int ni=0;i<2n-1;i==++
printf(""*;
{
cprintf(""\n;
fosrr(int i=0;is<=n;i++
pr{
printf

char c='A;(""%c,c+i;
for(int j=0;
i<j<2*+*n-2;j++
{
printf("" ;
c\n

cc
c","#include<stdio.h>
int main()
{
    int n;
    while(scanf(""%d"",&n)!=EOF)
    {
        if(n==1)
        {
            printf(""*\n"");
            printf(""A\n"");
            printf(""*\n"");
        }
        else
        {
            //
            for(int i=1;i<2*n;i++)
            {
                printf(""*"");
            }
            printf(""\n"");
            //
            char c='A';
            for(int i=0;i<n;i++)
            {
                printf(""%c"",c+i);
                for(int j=1;j<2*n-2;j++)
                {
                    printf("" "");
                }
                printf(""%c\n"",c+i);
            }
            //
            for(int i=1;i<2*n;i++)
            {
                printf(""*"");
            }
            printf(""\n"");
            printf(""\n"");
        }
    }
    return 0;
}",,1,,1x3,,1x3,
1435338,1045,OLE,IDLE,pause_43s,1372.4,654,"#include<iostream>
using 
using namespace std;
int main(){
string 
#include<string.h>strchar sstr[15];
while(cin>>str{
if(str!=
while(cin>>str{

'""0
{=
break;
}
str
if(str==""0
{
continue;

strstr[0]
int booint dp[226][6[p6[][26];1
memset(dp,d0,dpsizeof(dp;[0]-'aint()dp[][
int len=strlen(str;int(str[len-1-'a';=1;
}

dfs(();
bool dfs)(){

int vis[26][26];2int x1if(){
cout<<""Yes<<endl;
else
{
cout<<""No<<endl;for(int i=0i<;i<26;i++
if(xx{
dfs(if(dfsdp[x][i]==1{
dfs(
vis([x][i]i=true;i;
vis[i]=false;%%&&vis[i]!","#include<iostream>
#include<string.h>
using namespace std;
int dp[26][26];
int vis[26];
bool dfs(int x) {
    if (x == 12)return true;
    bool ans = false;
    for (int i = 0;i < 26;i++) {
        if (dp[x][i] == 1 && !vis[i]) {
            vis[i] = true;
            ans = dfs(i);
            if (ans) {
                break;
            }
            vis[i] = false;
        }
    }
    return ans;
}
int main() {
    char str[15];
    while (1) {
        memset(dp, 0, sizeof(dp));
        while (cin >> str) {
            int len = strlen(str);
            if (len == 1)
                break;
            dp[int(str[0] - 'a')][int(str[len - 1] - 'a')] = 1;
        }
        if (dfs(1)) {
            cout << ""Yes"" << endl;
        }
        else {
            cout << ""No"" << endl;
        }
    }
}",,i → n → t → b → ox2 → l →   → a → n → s → = → d,,i → n → t → b → ox2 → l →   → a → n → s → = → d,,i → n → t → b → ox2 → l →   → a → n → s → = → d,
996215,2131,WA,IDLE,pause_33s,1607.0,1378,"ine MAIIN (a,b (a<(b?(a:(b)(int max=MAX(i,(MAX(j,nk;
int min=MIN(i<,(MIN(j,k;
int mid=i+j+k-max-min;
if(max==min{
arr[if(if(max!=1{
arr[i[j[k=max*10000;
else{
arr[i[j[k=(70000;
if(min==mid+1(mid====min+1)&&(mid==max-1;{
arr=[i[j[k=min*1000;if(minif(min==1{
arr[i[j[k=7000;
elase{
[i[j[k}]=min*1000;
if esselse else if(mid==min||(min==mind||min(min==max{
if(mid==1{
arr[i[j[k]=mid*100;
0;
if(mid!=1{
arr[i[ij[k=mid*100;
if(elseif(minmindd==min{
arr[i[j[k+=if(max==1{
arr[i[j[k+=7;
if{
arr[i[j[k+=max;
eif(mid==max{
if(min==1{
arr[i[j[k+=7;
eslles{
searr[i[j[k+=min;

else{
arr[i[j[k=i+j+k;
int main({
","#include<stdio.h>
#define MAX(a,b) ((a)>(b)?(a):(b))
#define MIN(a,b) ((a)<(b)?(a):(b))
int arr[7][7][7]={0};
void pre(){
    for(int i=1;i<7;i++){
        for(int j=1;j<7;j++){
            for(int k=1;k<7;k++){
                int max=MAX(i,(MAX(j,k)));
                int min=MIN(i,(MIN(j,k)));
                int mid=i+j+k-max-min;
                if(max==min){
                    if(max!=1){
                        arr[i][j][k]=max*10000;
                    }
                    else{
                        arr[i][j][k]=70000;
                    }
                }
                 else if((mid==min+1)&&(mid==max-1)){
                    if(min==1){
                        arr[i][j][k]=7000;
                    }
                    else{
                        arr[i][j][k]=min*1000;
                    }
                }
                else if((mid==min)||(min==max)){
                    if(mid==1){
                        arr[i][j][k]=700;
                    }
                  else{
                        arr[i][j][k]=mid*100;
                    }
                    if(mid==min){
                        if(max==1){
                            arr[i][j][k]+=7;
                        }
                        else{
                            arr[i][j][k]+=max;
                        }
                    }
                    if(mid==max){
                        if(min==1){
                            arr[i][j][k]+=7;
                        }
                        else{
                           arr[i][j][k]+=min; 
                        }
                    }
                }
                else{
                    arr[i][j][k]=i+j+k;
                }
            }
        }
    }
}
int main(){
    pre();
    int k;
    while(scanf(""%d"",&k)!=EOF){
        int n1,n2,n3,m1,m2,m3;
        int count1=0;
        int count2=0;
        for(int i=0;i<k;i++){
scanf(""%d%d%d%d%d%d"",&n1,&n2,&n3,&m1,&m2,&m3);
            if(arr[n1][n2][n3]>arr[m1][m2][m3]){
                printf(""1\n"");
                count1++;
            }
            else if(arr[n1][n2][n3]==arr[m1][m2][m3]){
                printf(""3\n"");
            }
            else{
                printf(""2\n"");
                count2++;
            }
        }
        printf(""%d %d\n"",count1,count2);
    }
    return 0;
}",,p → r → e → Shift → ( → ; → Enter,,p → r → e → Shift → ( → ; → Enter,,"p → r → e → Shift → ( → ; → Enter → i → n → t →   → k → ; → Enter → w → h → i → l → e → Shift → ( → s → c → a → n → f → Shift → ( → Shift → "" → Shift → % → d",
1213646,1662,CE,IDLE,pause_121s,1490.7,521,"#include<syytdio.h>
###include<stdbool.h>
bool ispreimre(#in<string.h>
bol is_prime(int no{
if(n<2 return false;
if(n==2 return true;
if(n%2==0 retyurn false;
for(int i=0;i<3=*i<=n;i+=2{
if(n%i==0 retrun false;
return true;
bool is_","#include<stdio.h>
#include<stdbool.h>
#include<string.h>
bool is_prime(int n){
    if(n<2) return false;
    if(n==2) return true;
    if(n%2==0) return false;
    for(int i=3;i*i<=n;i+=2){
        if(n%i==0) retrun false;
    }
    return true;
}
bool dight_prime(int n){
    if(n==0) return false;
    while(n>0){
        int dight=n%10;
        if(dight==2||dight==3||dight==5||dight==7){
            return true;
        }
        n/=10;
    }
    return false;
}
int dight_sum(int n){
    int sum=0;
    while(n>0){
        sum+=n%10;
        n/=10;
    }
}
int ",,i → s → Shift → _,,i → s → Shift → _ → d → i → g → h → t → Shift → _ → p → r → i,,i → s → Shift → _ → d → i → g → h → t → Shift → _ → p → r → i → m → e → Shift → ( → i → n → t →   → n → Shift → { → Enter,
1355810,1536,PE,IDLE,pause_54s,1663.8,918,"##include<.>stdio.h

int main({



return 0;int a,b;
int num_1[10000000000;
intt num_2[100;
whil((scanf""%d%d ,&a,&b!=EOF{


whil(a>0{
int temp;
tempx
v=_1=0n[t=a%10;
a/=10;
cv222=0000000={}00{}0","#include<stdio.h>

int max(int a,int b){
    if(a>b)return a;
    return b;
}

int main(){
    int a,b;
    while(scanf(""%d %d"",&a,&b)!=EOF){
    int num_1[1000]={0};
    int num_2[1000]={0};
    int num[1000]={0};
         int temp_1=0;
        while(a>0){
            num_1[temp_1]=a%10;
            temp_1++;
            a/=10;
        }
         int temp_2=0;
        while(b>0){
            num_2[temp_2]=b%10;
            temp_2++;
            b/=10;
        }
        for(int i=0;i<1000;i++){
            int m=num_2[i]+num_1[i];
            if(m>=10){
                m-=10;
            }
            num[i]=m;
        }
        int k=0;
        int op=1;
        for(int i=999;i>=0;i--){
            if(num[i]==0&&op==1){
                continue;
            }else{
                printf(""%d"",num[i]);
                op=0;
            }
        }
        if(op==1)printf(""%d\n"",k);
        printf(""\n"");
        
    }
    
    
    return 0;
}",,ArrowDown,,ArrowDown → ArrowUpx3 → ArrowRight,,ArrowDown → ArrowUpx3 → ArrowRight → Control → Insert → Control → Insert,
1368904,2108,WA,DEBUG,bs_pause_2x,1434.2,486,"3##include<stdio.h?>
int main({
while(1{
int n,m;
scanf(""%d %d,&n.,&m;
jif(n==0&&m==0{ btreakl;
int x=0;,y;
while(x<=n{
if($4*x+(4*x+224*
int ret=0;(n-x==m{
ret=1;
brealk;x++;
if(ret==1 printf(""%d %d\n,x,n-x;
else printf(""Error;\nreturn 0;(})||n==NULL42n-xint x=m-(m-2n/2;
if(m-2n%2!=0() 
int ret=0;1 ret=0;;
x=(m-2*n/2;1 4
00 )(&&m-)||m-","#include<stdio.h>
int main(){
    while(1){
        int n,m;
        scanf(""%d %d"",&n,&m);
        if(n==0&&m==0) break;
        int x;
        x=(m-2*n)/2;
        int ret=1;
        if(((m-2*n)%2!=0)||m-2*n<0) ret=0; 
        if(x<0) ret=0;
        if(ret==1) printf(""%d %d\n"",n-x,x);
        else printf(""Error\n"");
    }return 0;
}",Backspacex7,Backspacex10 → 0 →  ,Backspacex7,Backspacex10 → 0 →   → 4 → Enter → 0 →   → 0,Control → v → Backspacex7,Backspacex10 → 0 →   → 4 → Enter → 0 →   → 0 → Enter → i → f,
1132907,2112,PE,DEBUG,bs_pause_2x,1498.0,915,"#include <stdio.hg>
int mianain(
{
int n;
whikele(sxcanfcamf(""%smm,%d"",&n !=EOF
{
)ifor(*int i=0;i<n;i++
{

int num[n;scanf(""%d0,nuimumm[i;
for(int i=0;i<2;i++
{
scanf(""%s,d %s   
int cmd1;
char smdcmsd2;smdcmd1;cmd2);
if(cmd2=='L00
{
fior(int i=0;i<n;i++
{
printf(""
if(icmd1%n(+1)-1%d ,num[i;
for(int i=0;i<cmd1%(n+1;i++
{
printf(""%d ,num[i;
printf(:\n""""';
else if(cmsd==2=='R00
{
v

reutrn turn 0;
printf(:""\n;;,&&nn--1-v><n-10vn0v=c&
int count=0;
count+_++;
count++;
if(count>1==12
printf(""\n;
v
int count=0;
v
count++;
count++;2","#include <stdio.h>
int main()
{
    int n;
    while(scanf(""%d"",&n) !=EOF)
    {
        int num[n];
        for(int i=0;i<n;i++)
        {
            scanf(""%d"",&num[i]);
        }
        int cmd1;
        char cmd2;
        scanf(""%d %c"",&cmd1,&cmd2);
        if(cmd2=='L')
        {
            int count=0;
            for(int i=cmd1%(n);i<n;i++)
            {
                printf(""%d "",num[i]);
                count++;
                if(count==12)
                {
                    count-=12;
                    printf(""\n"");
                }
            }
            for(int i=0;i<cmd1%(n);i++)
            {
                printf(""%d "",num[i]);
                count++;
                 if(count==12)
                 {
                     count-=12;
                printf(""\n"");
                 }
            }
            if(count<12)
            printf(""\n"");
        }
        else if(cmd2=='R')
        {
            int count=0;
            for(int i=n-cmd1%(n);i<n;i++)
            {
                printf(""%d "",num[i]);
                count++;
                 if(count==12){
                     count-=12;
                printf(""\n"");}
            }
            for(int i=0;i<n-cmd1%(n);i++)
            {
                printf(""%d "",num[i]);
                count++;
                 if(count==12){count-=12;
                printf(""\n"");}
            }
            if(count<12)
            printf(""\n"");
        }
        printf(""\n"");
    }
    return 0;
}",3 →   → 5 →   → Backspacex7,Backspacex2 →  ,2 → 8 →   → 1 → 3 →   → 5 →   → Backspacex7,Backspacex2 →  x2 → Backspacex2 → Control → v,Control → Insert → Backspacex2 → 2 → 8 →   → 1 → 3 →   → 5 →   → Backspacex7,Backspacex2 →  x2 → Backspacex2 → Control → v,
1138564,2176,NoData,IDLE,pause_32s,1160.0,745,"#include<stdio.h>
int main({
int m,n;
while(scanf(""%d %d
char doact; %c!@=EOF{
fwwwint [arr[m[n;
forint  (int i=0;i<mm;i++{
for(int j=0;i<n;i++{
sancandff(""%d,&arr[,m[n;
","#include<stdio.h>
int main(){
    int m,n;
    char act;
    while(scanf(""%d %d %c"",&m,&n,&act)!=EOF){
        int arr[m][n];
        for(int i=0;i<m;i++){
            for(int j=0;i<n;i++){
                scanf(""%d"",&arr[m][n]);
            }
        }
        if(act=='L'){
            for(int i=0;i<n;i++){
                for(int j=m-1;j>=0;j--){
                    printf(""%d "",arr[i][j]);
                }
                printf(""\n"");
            }
        }
        if(act=='R'){
            for(int i=n-1;i>=0;i--){
                for(int j=0;j<m;j++){
                    printf(""%d "",arr[i][j]);
                }
                printf(""\n"");
            }
        }
    }
    return 0;
}",,f → o → r → Shift → ( → i → n → t →   → i → = → 0 → ;,,f → o → r → Shift → ( → i → n → t →   → i → = → 0 → ; → i → f,,"f → o → r → Shift → ( → i → n → t →   → i → = → 0 → ; → i → f → , → Shiftx2 → & → m → . → , → Shift → & → n",
1296491,1533,WA,DEBUG,bs_pause_2x,701.4,582,"#include<stdio.h>
int main({
ret 0;
int n;
while(Scan)()""%d,&n!=EOF{
for(int i=0;i<n;i++{
if(scanf(""%d,num;7&
itn oiint mnum;
,flag=01if(num%2==0
f=0;
int sum;=0
sum+=num;
if(sum%2==0
flag=0;
if(fl
pri(""YES\n;e
elp
p(""N)O\n10000
if(num>
A:1000000||n<-10000000
goto A;
if(n>100||n<1
goto A:1021000co","#include<stdio.h>
int main(){
    int n;
    while(scanf(""%d"",&n)!=EOF){
        if(n>100||n<1)
        continue;
        int num,flag=1;
        int sum=0;
        for(int i=0;i<n;i++){
            scanf(""%d"",&num);
            if(num>1000000||num<-1000000)
            goto A;
            if(num%2==0)
            flag=0;
            sum+=num;
        }
        if(sum%2==0)
        flag=0;
        if(flag)
        printf(""YES\n"");
        else
        printf(""NO\n"");
        A:
    }
    return 0;
}",z → Backspacex7,Backspace → 1 → 0 → 1 → Control → Insert →   → Backspacex10 → 1,Backspacex10 → Control → z → Backspacex7,Backspace → 1 → 0 → 1 → Control → Insert →   → Backspacex10 → 1 →   → 1 →   → 1 →   → 1 →   → 1 →   → 1 →   → 1 →   → 1 →   → 1 →   → 1 →   → 1 →   → 1 →   → 1 →   → 1 →   → 1 →   → 1 →   → 1 →   → 1 →   → 1 →   → 1 →   → 1 →  ,Backspace → 4 → 5 → 4 → 6 → 4 → 6 → 5 → 4 → 6 → 4 → 6 → 5 → 4 → 6 → Backspacex10 → Control → z → Backspacex7,Backspace → 1 → 0 → 1 → Control → Insert →   → Backspacex10 → 1 →   → 1 →   → 1 →   → 1 →   → 1 →   → 1 →   → 1 →   → 1 →   → 1 →   → 1 →   → 1 →   → 1 →   → 1 →   → 1 →   → 1 →   → 1 →   → 1 →   → 1 →   → 1 →   → 1 →   → 1 →  ,
1158328,1019,AC,IDLE,pause_38s,799.5,472,"#include<string,h.h>
$#include<std;lib.h>


struct noddede{
char clooloer[158;
int countl;typedef conode;
node arr[n;
int size=0;
for(it int i=0;i<n;i++
{
scafn)nf(""%ds,arr[i.color;
char s[18;s[
itn nt find=0;
for(it int j=0lij<finsizel;j++
{
if(strcmp(arrs,arr[i.colreor==0
{
;j","#include<stdio.h>
#include<string.h>
#include<stdlib.h>

typedef struct node{
    char color[18];
    int count;
}node;

int main()
{
    int n;
    while(scanf(""%d"",&n)!=EOF)
    {
        node arr[n];
        int size=0;
        for(int i=0;i<n;i++)
        {
            char s[18];
            scanf(""%s"",s);
            int find=0;
            for(int j=0;j<size;j++)
            {
                if(strcmp(s,arr[j].color)==0)
                {
                    arr[j].count++;
                    find=1;
                    break;
                }
            }
                if(!find)
                {
                    strcpy(arr[size].color,s);
                    arr[size].count=1;
                    size++;
                }
            
        }
        int maxIndex=0;
        for (int i = 1; i < size; i++) 
            {
                if (arr[i].count > arr[maxIndex].count) 
                {
                    maxIndex = i;
                }
            }
            printf(""%s\n"", arr[maxIndex].color);
    }
    return 0;
}",,a → rx2 → [ → j → . → c → o → u → n → t → Shift → +x2 → ; → Enter → \ → f → i → n → d → = → 1 → ; → Enter,,a → rx2 → [ → j → . → c → o → u → n → t → Shift → +x2 → ; → Enter → \ → f → i → n → d → = → 1 → ; → Enter → b → r → e → a → k → ;,,a → rx2 → [ → j → . → c → o → u → n → t → Shift → +x2 → ; → Enter → \ → f → i → n → d → = → 1 → ; → Enter → b → r → e → a → k → ;,
1431974,1848,OLE,IDLE,pause_66s,1168.9,1092,"s,t;
cwhile(cin>>n>>m>>s>>t
{
vector<vector<int>> edge(n,vector<int>(n;
const int MAX=INT_MAX?#/3;4
for(int i=0;i<m;i++ c
{
int a,b,c;
cin>>a>>b..>>C;c;
edge[a[b=c;
edge[b[a=c;+1+1


int dij(vector<int>vector<int>> e && edge
{
vecrottor<int> dist(n+1,MAX;
vector<bool> visited(n_+1,false;
dist[s=0;
for(int i=0;i<n;i++
{
int u=011--1;
int minminv=0;MAX;
for(int i=0;i<nj=0;j<n;j++
{
if(!visited[j*&&dist[j<minV
{

ivector<int<> oasspass;vector<int> pass;,vector<int> & passconst u=j;
minVVvv=dist[j;
if(u==-1 break;
if(\\||u==tpass.push_back(u;
visited[u=true;
for(int iv=0;iv<n;v++
{
if(!visited[v&&","#include<bits/stdc++.h>
using namespace std;
const int MAX=INT_MAX/4;
int n,m,s,t;
int dij(const vector<vector<int>>& edge,vector<int>& pass)
{
    vector<int> dist(n+1,MAX);
    vector<bool> visited(n+1,false);
    dist[s]=0;
    for(int i=0;i<n;i++)
    {
        int u=-1;
        int minv=MAX;
        for(int j=1;j<=n;j++)
        {
            if(!visited[j]&&dist[j]<minv)
            {
                u=j;
                minv=dist[j];
            }
        }
        if(u==-1) break;
        pass.push_back(u);
        if(u==t) break;
        visited[u]=true;
        for(int v=1;v<=n;v++)
        {
            if(!visited[v]&&dist[u]+edge[u][v]<dist[v])
                dist[v]=dist[u]+edge[u][v];
        }
    }
    if(dist[t]==MAX) return -1;
    else return dist[t];
}
int main()
{
    while(cin>>n>>m>>s>>t)
    {
        vector<vector<int>> edge(n+1,vector<int>(n+1,MAX));
        for(int i=0;i<m;i++)
        {
            int a,b,c;
            cin>>a>>b>>c;
            edge[a][b]=c;
            edge[b][a]=c;
        }
        vector<int> pass;
        int result=dij(edge,pass);
        if(result==-1) cout<<""can't arrive\n"";
        else
        {
            cout<<result<<endl;
            for(int i=0;i<pass.size();i++)
                cout<<pass[i]<<"" "";
        }
    }
}",,d → i → s → t → [ → u → Shift → + → d → ex2 → d → g → e → [,,d → i → s → t → [ → u → Shift → + → d → ex2 → d → g → e → [ → u → [ → v → Shift → < → d → i → s → t → [ → v → Enter → d → i → s → t → [ → v → =,,d → i → s → t → [ → u → Shift → + → d → ex2 → d → g → e → [ → u → [ → v → Shift → < → d → i → s → t → [ → v → Enter → d → i → s → t → [ → v → = → d → i → s → t → [ → u → Shift → + → e → d → g → e → [ → u → [ → v → ;,
1132855,2112,PE,DEBUG,bs_pause_2x,1327.5,802,"#include <stdio.hg>
int mianain(
{
int n;
whikele(sxcanfcamf(""%smm,%d"",&n !=EOF
{
)ifor(*int i=0;i<n;i++
{

int num[n;scanf(""%d0,nuimumm[i;
for(int i=0;i<2;i++
{
scanf(""%s,d %s   
int cmd1;
char smdcmsd2;smdcmd1;cmd2);
if(cmd2=='L00
{
fior(int i=0;i<n;i++
{
printf(""
if(icmd1%n(+1)-1%d ,num[i;
for(int i=0;i<cmd1%(n+1;i++
{
printf(""%d ,num[i;
printf(:\n""""';
else if(cmsd==2=='R00
{
v

reutrn turn 0;
printf(:""\n;;,&&nn--1-v><n-10vn0v=c&
int count=0;
count+_++;
count++;
if(count>1==12
printf(""\n;
v
int count=0;
v
count++;
count++ ","#include <stdio.h>
int main()
{
    int n;
    while(scanf(""%d"",&n) !=EOF)
    {
        int num[n];
        for(int i=0;i<n;i++)
        {
            scanf(""%d"",&num[i]);
        }
        int cmd1;
        char cmd2;
        scanf(""%d %c"",&cmd1,&cmd2);
        if(cmd2=='L')
        {
            int count=0;
            for(int i=cmd1%(n);i<n;i++)
            {
                printf(""%d "",num[i]);
                count++;
                if(count==12)
                printf(""\n"");
            }
            for(int i=0;i<cmd1%(n);i++)
            {
                printf(""%d "",num[i]);
                count++;
                 if(count==12)
                printf(""\n"");
            }
            //printf(""\n"");
        }
        else if(cmd2=='R')
        {
            int count=0;
            for(int i=n-cmd1%(n);i<n;i++)
            {
                printf(""%d "",num[i]);
                count++;
                 if(count==12)
                printf(""\n"");
            }
            for(int i=0;i<n-cmd1%(n);i++)
            {
                printf(""%d "",num[i]);
                count++;
                 if(count==12)
                printf(""\n"");
            }
            //printf(""\n"");
        }
        printf(""\n"");
    }
    return 0;
}",Backspace →  x2 → Backspace,Backspace → Control → v,5 →   → Backspacex9 →  x2 → Backspace,Backspace → Control → v,  → 1 → 3 →   → 5 →   → Backspacex9 →  x2 → Backspace,Backspace → Control → v → Control → Insert → /x2,
1334049,1666,AC,DEBUG,bs_pause_2x,1290.7,480,"#include <stdio.h>
#include <stdlib.h>
int cmp(const void*a,const void*b{
return cons*(int *a-*(in t *b;
main({
int n;
while(scanf(""%Dd,&n!=EOF{
itn nt a[n;
for(int i=0;i<n;i++{
scanf(""%d,&a[i;
qoesorsorer(a,n,sizeeof(int,cmp;
intt count=a[0;
for(int i=i=1;i<n;i++{
if(a[i<=count{
printf(""No\n;
break;
else{
count+=a[i;
if(i==n{
printf(""YEes\n;-1 0
if(i!=0","#include <stdio.h>
#include <stdlib.h>
int cmp(const void*a,const void*b){
    return *(int *)a-*(int *)b;
}
main(){
    int n;
    while(scanf(""%d"",&n)!=EOF){
        int a[n];
        for(int i=0;i<n;i++){
            scanf(""%d"",&a[i]);
        }
        if(n==1){
            printf(""Yes\n"");
            continue;
        }
        qsort(a,n,sizeof(int),cmp);
        int count=a[0];
        for(int i=1;i<n;i++){
            if(a[i]<=count){
                printf(""No\n"");
                break;
            }
            else{
                count+=a[i];
            }
            if(i==n-1){
                printf(""Yes\n"");
            }
        }
    }
}",Backspacex3,Backspace,Backspacex3,Backspace,Shiftx2 → { → Enter → Shift → } → Backspacex3,Backspace → 1,
1009211,2087,AC,DEBUG,bs_pause_2x,1066.6,553,"#<stdio,.h>
int main({
int n;m;,m;
int a[1000,b[;
long int b[1000;
while(scanf(""%d,&n!=EOF{
while(n--{
scanf(""%d,for(int i=0;i<n;i++{
scanf(""%d,a[&a[i;
scanf(""%d,&m;
for(int ;
int m;i=0;i><m;i++{
scanf(""%d,&b[i;

for(int j=0;
int b[i>a[j;j++{
cou3
1523 2834 9378
2
10293 21","#include<stdio.h>
int main(){
    int n;
    int a[1000];
    
    while(scanf(""%d"",&n)!=EOF){
        for(int i=0;i<n;i++){
            scanf(""%d"",&a[i]);
        }
        int m;
        long int b[1000];
        scanf(""%d"",&m);
        for(int i=0;i<m;i++){
            scanf(""%ld"",&b[i]);
            long long int count=0;
            int j;
            for(j=0;b[i]>count;j++){
                count+=a[j];
            }
            printf(""%d\n"",j);
        }
        
    }return 0;
}",,Backspacex49 → l → o → n,,Backspacex49 → l → o → n → g →  ,,Backspacex49 → l → o → n → g →  ,
1379358,2112,MLE,DEBUG,bs_pause_2x,766.5,896,"nclude<.>stdio.h
int main(
{
int n;
    while(scanf('%d""%d,&n!=EOF{
int arr[n;
frpor(int i=0;i<n;i++{
scanf(""%d,&arr[i;
int k;
char order;
sscanfcanf(""%d %c&,&k,&order;
if(rooer=='LR{

void moeve(int arr[,itnt n
{
,int kk%=n;
int pre[k;
for(int i=0;i<k;;i++{
pre[i=arr[n-k+1;i
for(int i=n-k+-1;i>=0;i--{
arr[i+k=arr[i;
for(int i=0;i<k;i++{
arr[i=pere[i';move(arr,n,k;
innt t cntt=0=0;;

for(innt yt i==0=0;i<n;i++{
prinntftf)(""%%dd ,arr[i;
cnt++;
if(cnt====12{
cnt=0;
printf(""\bbn;else fif(or=='L{
move(arr,n,n-k;
cccc
return 0;
}
prinntf(tf(""|\n;
printf(""\ccccccccccccccccccccccccccccccc 13  14cc  7","#include<stdio.h>
void move(int arr[],int n,int k)
{
    k%=n;
    int pre[k];
    for(int i=0;i<k;i++){
        pre[i]=arr[n-k+i];
    }
    for(int i=n-k-1;i>=0;i--){
        arr[i+k]=arr[i];
    }
    for(int i=0;i<k;i++){
        arr[i]=pre[i];
    }
}
int main()
{
    int n;
    while(scanf(""%d"",&n)!=EOF){
        int arr[n];
        for(int i=0;i<n;i++){
            scanf(""%d"",&arr[i]);
        }
        int k;
        char order;
        scanf(""%d %c"",&k,&order);
        if(order=='R'){
            move(arr,n,k);
            int cnt=0;
            for(int i=0;i<n;i++){
                printf(""%d "",arr[i]);
                cnt++;
                if(cnt==12){
                    cnt=0;
                    printf(""\n"");
                }
            }
            if(cnt==0){
                printf(""\n"");
            }else{
            printf(""\n\n"");
            }
        }else if(order=='L'){
            move(arr,n,n-k);
                       int cnt=0;
            for(int i=0;i<n;i++){
                printf(""%d "",arr[i]);
                cnt++;
                if(cnt==12){
                    cnt=0;
                    printf(""\n"");
                }
            }
            if(cnt==0){
                printf(""\n"");
            }else{
            printf(""\n\n"");
            }
        }
    }
    return 0;
}",  → 7,Backspacex2 → 2 → Backspacex7,  → 7,Backspacex2 → 2 → Backspacex8 → ArrowDownx2 → ArrowRightx3 → Enter,Backspacex2 →   → 7,Backspacex2 → 2 → Backspacex8 → ArrowDownx2 → ArrowRightx3 → Enter → Control → v,
1412213,1025,TLE,IDLE,pause_112s,574.2,326,"# <stdio.h>

int main( [

{
int t;
while(scanf(""%d,&t == 1{
intaa arr[t;
for(int i = 0 ; i  <  t; i++{
scanf(""%d,&arr[i;

int paterrntertner (int n{
forintt total  == 0;
for(int i = 0 ; i < n ; i++{
","#include <stdio.h>

int partner(int n){
    int total = 0;
    for(int i = 1 ; i <= n/2 ; i++){
        if(n % i == 0){
            total += i;
        }
    }
    return total;
}

int main() {
    int t;
    while(scanf(""%d"",&t) == 1){
        int arr[t];
        for(int i = 0 ; i < t ; i++){
            scanf(""%d"",&arr[i]);
            printf(""%d\n"",partner(arr[i]));
        }
    }
    return 0;
}",,Control → Insert → 1,,Control → Insert → 1 → i → f → Shift → ( → n →   → Shift → % →   → i →   → =x2 →   → 0 → Shift → { → Enter → t → o → t → a → l,,Control → Insert → 1 → i → f → Shift → ( → n →   → Shift → % →   → i →   → =x2 →   → 0 → Shift → { → Enter → t → o → t → a → l →   → Shift → + → = →   → i → ; → Enter → r → e → t → u → r → n →   → t → o → a → t,
1402656,0,RE,IDLE,pause_144s,875.6,906,"#INCLUDE<STDIO.H>#
Ik#include<stdo.h>
0iiint main ({


return 0-;int a,c,b,c,fgd;
sdcwhile(sacanf(""%d.%d.%d.%d,,,&a,&b,&c,&d!+EPOF-=-EOF){


f","#include<stdio.h>
int main(){
    int a,b,c,d;
    while(scanf(""%d.%d.%d.%d"",&a,&b,&c,&d)!=EOF){
        int p = 0;
        if(a>=0&&a<=255){
            if(b>=0&&b<=255){
               if(c>=0&&c<=255){
                   if(d>=0&&d<=255) p = 0;
                   else p = 1;
               }
               else p = 1;
            }
            else p = 1;
        }
        else p = 1;
        
        if(p = 0) printf(""Yes\n"");
        if(p = 1) printf(""No\n"");
        
    }
    
    return 0;
}",f,i → Shift → (,f,i → Shift → ( → Enter → i → n → t,f,i → Shift → ( → Enter → i → n → t →   → p →   → = →   → 0,
1167850,1515,NoData,DEBUG,bs_pause_2x,853.1,486,v,"#include <stdio.h>
#define MAX 15
struct S 
{
    char n[11];
    int c, m, e, t;
};
int main() 
{
    int k, n, i, j, first = 1;
    struct S s[MAX], tmp;
    while (scanf(""%d"", &n) != EOF) 
    {
        for (i = 0; i < n; i++) 
        {
            scanf(""%s %d %d %d"", s[i].n, &s[i].c, &s[i].m, &s[i].e);
            s[i].t = s[i].c + s[i].m + s[i].e;
        }
        if (!first) printf(""\n"");
        first = 0;
        for (i = 0; i < n - 1; i++) 
        {
            for (j = 0; j < n - i - 1; j++) 
            {
                if (s[j].t < s[j+1].t || 
                    (s[j].t == s[j+1].t && strcmp(s[j].n, s[j+1].n) > 0)) 
                    {
                    tmp = s[j];
                    s[j] = s[j+1];
                    s[j+1] = tmp;
                }
            }
        }
        for (k = 0; k < 3 && k < n; k++) 
        {
            printf(""%s %d\n"", s[k].n, s[k].t);
        }
        printf(""\n"");
        for (i = 0; i < n - 1; i++) 
        {
            for (j = 0; j < n - i - 1; j++) 
            {
                if (s[j].c < s[j+1].c || 
                    (s[j].c == s[j+1].c && strcmp(s[j].n, s[j+1].n) > 0)) 
                {
                    tmp = s[j];
                    s[j] = s[j+1];
                    s[j+1] = tmp;
                }
            }
        }
        for (k = 0; k < 3 && k < n; k++) 
        {
            printf(""%s %d\n"", s[k].n, s[k].c);
        }
        printf(""\n"");
        for (i = 0; i < n - 1; i++) 
        {
            for (j = 0; j < n - i - 1; j++) 
            {
                if (s[j].m < s[j+1].m || 
                    (s[j].m == s[j+1].m && strcmp(s[j].n, s[j+1].n) > 0)) 
                {
                    tmp = s[j];
                    s[j] = s[j+1];
                    s[j+1] = tmp;
                }
            }
        }
        for (k = 0; k < 3 && k < n; k++) 
        {
            printf(""%s %d\n"", s[k].n, s[k].m);
        }
        printf(""\n"");
        for (i = 0; i < n - 1; i++) 
        {
            for (j = 0; j < n - i - 1; j++) 
            {
                if (s[j].e < s[j+1].e || 
                    (s[j].e == s[j+1].e && strcmp(s[j].n, s[j+1].n) > 0)) 
                {
                    tmp = s[j];
                    s[j] = s[j+1];
                    s[j+1] = tmp;
                }
            }
        }
        for (k = 0; k < 3 && k < n; k++) 
        {
            printf(""%s %d\n"", s[k].n, s[k].e);
        }
    }
    return 0;
}",,Backspacex2 → Enter,,Backspacex2 → Enterx3,,Backspacex2 → Enterx6,
1248473,1514,WA,DEBUG,bs_pause_2x,1592.1,1129,"
if(n==2 return 1;
if(n%2==0 return 0;
for(int i=3;i<sq(n;i+=2{
if(n%i==10{
return 0;
return 1;
int maint ids_wei(int n;{
whint c=0;
while(n>0{
n/10=n/10;
c++
c++;1return c;
int main({
int n;
while(scanf(""%Dd,&n!+=EOF{
int num;
for(int i=0;i<n;i++{
scanf(""%d,&num;
int a=is(num;
if(n%a%3==0{
while(num>0{
num%=int b=num%1000;
if(
int is_su(int n{
(n%3==,int num0{
while(num>0{
int a=num%1000;
if(is(a{
return 1nu;num/=1000;else{
return 0;
return 1;
if(n%3==1{
num=int b=num%10;
if(!is(b return 0;
num=num/10;
cv
if(n%3==2{
int d=num%100;
ifcvbdd0 if(is(a,num{
printf(""YES\n;else{
printf(""NO\n;
return","#include<stdio.h>
int is_prime(int n){
    if(n<=1) return 0;
    if(n==2) return 1;
    if(n%2==0) return 0;
    for(int i=3;i<sqrt(n);i+=2){
        if(n%i==0){
            return 0;
        }
    }
    return 1;
}
int is_wei(int n){
    int c=0;
    while(n>0){
        n=n/10;
        c++;
    }
    return c;
}
int is_su(int n,int num){
    if(n%3==0){
        while(num>0){
            int a=num%1000;
            if(is_prime(a)){
                num/=1000;
            }else{
                return 0;
            }
        }
        return 1;
    }
    if(n%3==1){
        int b=num%10;
        if(!is_prime(b)) return 0;
        num=num/10;
        while(num>0){
            int a=num%1000;
            if(is_prime(a)){
                num/=1000;
            }else{
                return 0;
            }
        }
        return 1;
    }
    if(n%3==2){
        int d=num%100;
        if(!is_prime(d)) return 0;
        num=num/100;
        while(num>0){
            int a=num%1000;
            if(is_prime(a)){
                num/=1000;
            }else{
                return 0;
            }
        }
        return 1;
    }
}
int main(){
    int n;
    while(scanf(""%d"",&n)!=EOF){
        int a=is_wei(n);
        if(is_su(a,n)){
                printf(""YES\n"");
            }else{
                printf(""NO\n"");
            }
    }
    return 0;
}",Backspacex8,Backspacex3,Backspacex8,Backspacex4,Backspacex8,Backspacex4,
1129221,0,CE,IDLE,pause_54s,1718.4,861,"cttypedef ({
char id[4;
int n avg100; Player;

void sort_players(player[,int n{
P p{
for(int i=0;i<ni;i++{
for(int j=0;j<n-i;j++{
int swap=0;
if(p;[j.avg<p[j+1-1-1.avg{
swap=1;
e if(p[j.a==p[j+1.a&&pstrcmp(p[j,i.id,p[j+1.id{
>0s=1;
if(s{
Pla tmp=p[j;
p[j+1=p[j;
p[+1j+1=tmp;-12

int main({
        int n;
while(scangf(""%d,&dn!=EOF{
int ss[
int P\5;
Pl players[1001;
for(inti=  0;i<n5;i++{
=scanf(""%d,a[i;
for(int i=0;i<5;i++{
for(int j=0;j<5;j++{
if(44a[j<a[j+1{
int temp=a[j;
a[j=a[j+1;
a[j+1=tempt;
int sum=a[1+]+a[2+a[3;
avhgpl[
for(int k=0;k<n;k++{}
k.avg=(sum*1000+5/10;
sc(""%ws,p[k.id;

pla(p,n","#include <stdio.h>
#include <string.h>

typedef struct{
    char id[4];
    int avg100;
} Player;

void sort_players(Player p[],int n){
    for(int i=0;i<n-2;i++){
        for(int j=0;j<n-1;j++){
            int swap=0;
            if(p[j].avg100<p[j+1].avg100){
                swap=1;
            }
            else if(p[j].avg100==p[j+1].avg100&&strcmp(p[j].id,p[j+1].id)>0){
                swap=1;
            }
            if(swap){
                Player tmp=p[j];
                p[j]=p[j+1];
                p[j+1]=tmp;
            }
        }
    }    
}

int main(){
    int n;
    while(scanf(""%d"",&n)!=EOF){
        int a[5];
        Player player[1001];
        for(int k=0;k<n;k++){
            scanf(""%s"",player[k].id);
        for(int i=0;i<5;i++){
            scanf(""%d"",&a[i]);
        }
        for(int i=0;i<4;i++){
            for(int j=0;j<4;j++){
                if(a[j]<a[j+1]){
                    int temp=a[j];
                    a[j]=a[j+1];
                    a[j+1]=temp;
                }
            }
        }
        int sum=a[1]+a[2]+a[3];
        player[k].avg=(sum*1000+5)/10;
    }
    sort_players(player,n);
    for(int i=0;i<n;i++){
    printf(""%s %.2f"",player[i].id,player[i].avg100/100.00);
    }}
}#include <stdio.h>
#include <string.h>

typedef struct(){
    char id[4];
    int avg100;
} Player;

void sort_players(Player p[],int n){
    for(int i=0;i<n-2;i++){
        for(int j=0;j<n-1;j++){
            int swap=0;
            if(p[j].avg100<p[j+1].avg100){
                swap=1;
            }
            else if(p[j].avg100==p[j+1].avg100&&strcmp(p[j].id,p[j+1].id)>0){
                swap=1;
            }
            if(swap){
                Player tmp=p[j];
                p[j]=p[j+1];
                p[j+1]=tmp;
            }
        }
    }    
}

int main(){
    int n;
    while(scanf(""%d"",&n)!=EOF){
        int s[5];
        Player player[1001];
        for(int k=0;k<n;k++){
            scanf(""%s"",player[k].id);
        for(int i=0;i<5;i++){
            scanf(""%d"",a[i]);
        }
        for(int i=0;i<4;i++){
            for(int j=0;j<4;j++){
                if(a[j]<a[j+1]){
                    int temp=a[j];
                    a[j]=a[j+1];
                    a[j+1]=tempt;
                }
            }
        }
        int sum=a[1]+a[2]+a[3];
        player[k].avg=(sum*1000+5)/10;
    }
    sort_players(player,n);
    for(int i=0;i<n;i++){
    printf(""%s %.2f"",player[i].id,player[i].avg100/100.00);
    }}
}",,;,,"; → Enter → p → r → i → n → t → f → Shift → ( → Shift → "" → Shift → % →  ",,"; → Enter → p → r → i → n → t → f → Shift → ( → Shift → "" → Shift → % → s →   → Shift → %",
1368147,0,RE,IDLE,pause_46s,1393.0,704,"#include<stdio.h>
int amint pan(int n{

\(if(n==1
return o0;
if(n==2
return 1;
if(n%2==0;
return 0;
for(int i=3;i<*i<=n;i+=2
   if(n%i==0
return 0;{}{}

return 1;
int main({


 int a[1000=0
for(int i=0;i++<10;i<1000;;int np=-2p++{
if(pan(p
a(i{
}
[a[i=p;i++;
while(
int nl;while(scanf(""%d,&n!=EOF{

int sum=
forint sum=a[0+a[1+a[32;
for(int i=3;i<=1000;i++   {
sum+=+=[aa[i;
sum-=a[i-3;
int sum[998;[0]
[i-3][i-3] for(int i=0;i<998;i++{
iof(f((sum[i==n
printf(
int ss=0;

{
ss=1;
break[;if(ss
frintf(printf(""Yes\n;
else
cvNoretrurn 0;;122","#include<stdio.h>
int pan(int n){
    if(n==1)
    return 0;
    if(n==2)
    return 1;
    if(n%2==0)
    return 0;
    for(int i=3;i*i<=n;i+=2){
       if(n%i==0){
       return 0;}
       
    }
    return 1;
}
int main(){
     int a[1000]={0};int p=2;
     for(int i=0;i<1000;p++){
         if(pan(p)){
         a[i]=p;
         i++;
         }
     }
     int sum[998];
     int n; sum[0]=a[0]+a[1]+a[2];
     for(int i=3;i<1000;i++){
         sum[i-2]+=a[i];
         sum[i-2]-=a[i-3];
         
     }
       printf(""%d %d %d %d %d"",sum[0],sum[1],sum[2],sum[3],sum[4]);
     while(scanf(""%d"",&n)!=EOF){
         int ss=0;
          for(int i=0;i<998;i++){
          if(sum[i]==n){
              ss=1;
              break;
          }
          }
           if(ss)
           printf(""Yes\n"");
           else
           printf(""No\n"");
              
          
         
     }
    return 0;
    
}",,"p → r → i → n → t → f → Shift → ( → Shift → % → d → Shift → "" → Shift → % → d → ,",,"p → r → i → n → t → f → Shift → ( → Shift → % → d → Shift → "" → Shift → % → d → , → s → u → m → [ → 9x2",,"p → r → i → n → t → f → Shift → ( → Shift → % → d → Shift → "" → Shift → % → d → , → s → u → m → [ → 9x2 → a → [ → 9x3 → ;",
1225069,2260,AC,DEBUG,bs_pause_2x,1018.8,693,"

 hasdort1=0.has,hasd2=0;
for(in tt i=0;i<len`1;i++if(cmp1[i=='.{}{}hads=1;break;
cv222


if((len1-m>len2-||&&has==0&&h==0{
xof(if(v!=printf(""NO\n;{brealk;}continue



for(int i=0;i<MAX;i++-1{
if)(
int foundd=0;cm[i!=02oufound1=0;,||cmp2[i!+='0''{
f++;b;
if(fo==0;printf){
(""YES|n\n;
bcomtinuentinue;}{h=0;}{h=0;}&&h==100","#include<stdbool.h>
#include<stdio.h>
#include<ctype.h>
#include<string.h>
#define MAX 100
int main(){
    char cmp1[MAX],cmp2[MAX];
    memset(cmp1,'0',MAX);
    memset(cmp2,'0',MAX);
    while(scanf(""%s %s"",cmp1,cmp2)!=EOF){
        bool GameBigin1=true,GameBigin2=true;
        int len1=strlen(cmp1),len2=strlen(cmp2);
        int maxlen=(len1>len2)?len1:len2;
        int pivot1=0,pivot2=0;
        int maxzero1=0,maxzero2=0;
        int hasdot1=0,hasdot2=0;
        for(int i=0;i<len1;i++){if(cmp1[i]=='.'){hasdot1=1;break;}}
        for(int i=0;i<len2;i++){if(cmp2[i]=='.'){hasdot2=1;break;}}
        //cmp1
        for(int i=0;i<len1;i++){
            if(GameBigin1&&cmp1[i]=='0')maxzero1++;
            else if(cmp1[i]!='0'&&cmp1[i]!='-')GameBigin1=false;
        }
        if(cmp1[0]!='-'){
            for(int i=0;i<len1-maxzero1;i++){
                cmp1[i]=cmp1[i+maxzero1];
            }
            for(int i=len1-maxzero1;i<len1;i++)cmp1[i]='0';
        }
        else{
            for(int i=1;i<len1-maxzero1;i++){
                cmp1[i]=cmp1[i+maxzero1];
            }
            for(int i=len1-maxzero1;i<len1;i++)cmp1[i]='0';
        }
        
        //cmp2
        for(int i=0;i<len2;i++){
            if(GameBigin2&&cmp2[i]=='0')maxzero2++;
            else if(cmp2[i]!='0'&&cmp2[i]!='-')GameBigin2=false;
        }
        if(cmp2[0]!='-'){
            for(int i=0;i<len2-maxzero2;i++){
                cmp2[i]=cmp2[i+maxzero2];
            }
            for(int i=len2-maxzero2;i<len2;i++)cmp2[i]='0';
        }
        else{
            for(int i=1;i<len2-maxzero2;i++){
                cmp2[i]=cmp2[i+maxzero2];
            }
            for(int i=len2-maxzero2;i<len2;i++)cmp2[i]='0';
        }
        
        if(hasdot1==0&&hasdot2==0){
            if(isdigit(cmp1[0])&&isdigit(cmp2[0])){if(len1-maxzero1!=len2-maxzero2){printf(""NO\n"");continue;}}\
            else if(isdigit(cmp1[0])==0&&isdigit(cmp2[0])){if(len1-maxzero1-1!=len2-maxzero2){printf(""NO\n"");continue;}}
            else if(isdigit(cmp1[0])&&isdigit(cmp2[0])==0){if(len1-maxzero1!=len2-maxzero2-1){printf(""NO\n"");continue;}}
        }
        
        cmp1[len1]='0';cmp2[len2]='0';cmp1[MAX-1]='\0';cmp2[MAX-1]='\0';
        for(int i=len1+1;i<MAX-1;i++)cmp1[i]='0';
		 for(int i=len2+1;i<MAX-1;i++)cmp2[i]='0';
        if(cmp1[0]=='.'){
            int text=0;
            for(int i=1;i<len1;i++){
                if(!(cmp1[i]=='0')){text++;break;}
            }
            if(!text)cmp1[0]='0';
        }
        else if(cmp1[0]=='-'){
            int text=0;
            for(int i=1;i<len1;i++){
                if(!(cmp1[i]=='0'||cmp1[i]=='.')){text++;break;}
            }
            if(!text){cmp1[0]='0';cmp1[1]='0';}
        }
        
        if(cmp2[0]=='.'){
            int text=0;
            for(int i=1;i<len2;i++){
                if(!(cmp2[i]=='0')){text++;break;}
            }
            if(!text)cmp2[0]='0';
        }
        else if(cmp2[0]=='-'){
            int text=0;
            for(int i=1;i<len2;i++){
                if(!(cmp2[i]=='0'||cmp2[i]=='.')){text++;break;}
            }
            if(!text){cmp2[0]='0';cmp2[1]='0';}
        }
        int dot1=0,dot2=0;
        int text1=0,text2=0;
        for(int i=0;i<len1;i++){
            if(cmp1[i]=='.')dot1=i;
            else if(dot1!=0&&i>dot1){
                if(cmp1[i]!='0'){text1++;break;}
            }
        }
        if(dot1!=0&&text1==0){cmp1[dot1]='0';hasdot1=0;}
        
        for(int i=0;i<len2;i++){
            if(cmp2[i]=='.')dot2=i;
            else if(dot2!=0&&i>dot2){
                if(cmp2[i]!='0'){text2++;break;}
            }
        }
        if(dot2!=0&&text2==0){cmp2[dot2]='0';hasdot2=0;}
        if(cmp1[0]=='+'){
            for(int i=0;i<len1;i++){
                cmp1[i]=cmp1[i+1];
            }
        }
        if(cmp2[0]=='+'){
            for(int i=0;i<len2;i++){
                cmp2[i]=cmp2[i+1];
            }
        }
        
        int found=0;
        for(int i=0;i<MAX-1;i++){
            if(cmp1[i]!='0'||cmp2[i]!='0'){
                found++;break;
            }
        }
        if(found==0){
            printf(""YES\n"");
            continue;}
        
        
        //
        // printf(cmp1);printf(""\n"");printf(cmp2);printf(""\n"");
        int t=strcmp(cmp1,cmp2);
        if(t==0&&hasdot2==hasdot1)printf(""YES\n"");
        // else if((cmp1[0]=='.'&&cmp2[0]=='0')||(cmp1[0]=='0'&&cmp2[0]=='.')){
            // int text=0;
            // for(int i=1;i<maxlen;i++){
                // if(!(cmp1[i]=='0'&&cmp2[i]=='0')){text++;break;}
            // }
            // if(text)printf(""NO\n"");
            // else printf(""YES\n"");
        // }
        // else if((cmp1[0]=='-'&&cmp1[])||)
        
        else printf(""NO\n"");
    memset(cmp1,'0',MAX);
    memset(cmp2,'0',MAX);
    }
    return 0;
}




/********************
  作者：朱永康
  提交时间：2025-12-29 17:52:45
  内存：1236
  耗时：98
  结果：答案错误 60.00%
********************/",Backspacex3,Backspacex9 → 0x3 → 9x2 →   → 9x2 → = → Backspacex2,  → 1 → Enter → Backspacex3,Backspacex9 → 0x3 → 9x2 →   → 9x2 → = → Backspacex2,Backspace → 1 → 0x2 →   → 1 → Enter → Backspacex3,Backspacex9 → 0x3 → 9x2 →   → 9x2 → = → Backspacex2,
1219570,0,CE,IDLE,pause_109s,828.7,179,"v#include<>stadio.h
int maun(){}
i

int n;
long long x;
","#include<stdio.h>
int main(){
    int n=91;
    long long A[93];
    A[1]=1;
    A[2]=2;
    for(int i=;i<n;i++){
        
    }
    
    while (scanf(""%lld"",&x)!=EOF){
        
    }
    
    
}",,w → h → i → l → e →   → Shift → ( → ) → s → c → a → n → f → Shift,,"w → h → i → l → e →   → Shift → ( → ) → s → c → a → n → f → Shift → ( → ) → Shift → "" → Shift → """,,"w → h → i → l → e →   → Shift → ( → ) → s → c → a → n → f → Shift → ( → ) → Shift → "" → Shift → "" → Shift → % → d",
1077394,1009,WA,IDLE,pause_79s,741.0,306,"vchar astr[1000005;
sforscanf(""%s,str;
for(inint len =-=strlen(str;
for(int i=0l;i<len;i++{}
if(astr[i==str[i+1{}
str[i=0;
str[i+1=-0;
cvprintf(""%c,str[i;sc","#include <stdio.h>
#include<string.h>
int main(void){
    char str[100005];
    scanf(""%s"",str);
    int len=strlen(str);
    for(int i=0;i<len;i++){
        if(str[i]==str[i+1]){
            for(int j=i;j<len;j++){
                str[j]=str[j+2];
            }
        }
    }
    for(int i=0;i<len;i++){
        printf(""%c"",str[i]);
    }
    return 0;
}  ",,Controlx10 → c,,Controlx10 → c → Enter → Control → v,,Controlx10 → c → Enter → Control → v,
1114878,1661,AC,DEBUG,bs_pause_2x,1072.6,580,"#include<stdio.h>
int main({
cahr c[50;a
swhile(~scanf(""%s,&xc{
#includein5t len=strlen(c;
for(int i=0;i<len;i++{
,a[50,bp[50if(i%2==0{
a[i++[++cnt1
int cnt1,cnt2;,cnt1=-0,cnt2=0=c[i
int a[50,b[50;-'a+1;
else b[++cnt2=a[c[i-'a+1;
if(lneenii%2==0{
for(int i=1;i<=len-1;i+=12{
b[i--;
b[i-1=10-a[i;
printf(""0.;
for(int i=len-1;i>=0;i-- printf(""%d,a[b[i;
return","#include<stdio.h>
int main(){
    char c[50];
    int a[50]={0},b[50]={0};
    int cnt1,cnt2;
    while(~scanf(""%s"",&c)){
        int len=strlen(c),cnt1=0,cnt2=0;
        for(int i=0;i<len;i++){
            if(i%2==0){
                a[i]=c[i]-'a'+1;
            }
            else b[i]=c[i]-'a'+1;
        }
        if(len%2==0){
            for(int i=1;i<=len-1;i+=2){
                b[i]--;
                b[i-1]=10-a[i-1];
            }
            printf(""0."");
            for(int i=len-1;i>=0;i--) printf(""%d"",b[i]);
            printf(""\n"");
        }
        else {
            for(int i=2;i<=len-1;i+=2){
                a[i]--;
                a[i-1]=10-b[i-1];
            }
            printf(""-0."");
            for(int i=len-1;i>=0;i--) printf(""%d"",a[i]);
            printf(""\n"");
        }
    }
    return 0;
}",Enter → r → e → t → u → r → n →   → 0 → ; → Backspacex3,Backspacex2,", → a → [ → b → [ → i → ; → Enter → r → e → t → u → r → n →   → 0 → ; → Backspacex3",Backspacex2,"; → i → -x2 →   → p → r → i → n → t → f → Shift → ( → Shift → "" → Shift → % → d → , → a → [ → b → [ → i → ; → Enter → r → e → t → u → r → n →   → 0 → ; → Backspacex3",Backspacex2,
