window_id,solution_id,event_index,window_end_time,problem_id,judge,duration_s,total_keys,key_summary,code_replay,keys_5s,text_keys_5s,modifier_keys_5s,clipboard_ops_5s,activity_type_5s,pause_count_5s,pause_total_5s,pause_p90_5s,backspace_5s,enter_5s,control_5s,row_changes_5s,column_changes_5s,keys_10s,text_keys_10s,modifier_keys_10s,clipboard_ops_10s,activity_type_10s,pause_count_10s,pause_total_10s,pause_p90_10s,backspace_10s,enter_10s,control_10s,row_changes_10s,column_changes_10s,keys_30s,text_keys_30s,modifier_keys_30s,clipboard_ops_30s,activity_type_30s,pause_count_30s,pause_total_30s,pause_p90_30s,backspace_30s,enter_30s,control_30s,row_changes_30s,column_changes_30s,keys_60s,text_keys_60s,modifier_keys_60s,clipboard_ops_60s,activity_type_60s,pause_count_60s,pause_total_60s,pause_p90_60s,backspace_60s,enter_60s,control_60s,row_changes_60s,column_changes_60s,keys_120s,text_keys_120s,modifier_keys_120s,clipboard_ops_120s,activity_type_120s,pause_count_120s,pause_total_120s,pause_p90_120s,backspace_120s,enter_120s,control_120s,row_changes_120s,column_changes_120s,current_idle_s,submitted_code
1061476-w001,1061476,177,2025-12-15T23:01:45.010000,1059,WA,422.4,414,"Shift -> # -> i -> n -> c -> l -> u -> d -> e -> Shift -> < -> s -> t -> d -> i -> o -> . -> h -> Shift -> > -> Enter -> i -> n -> t ->   -> a -> i -> m -> n -> Shiftx24 -> ( -> Shift -> v -> o -> i -> d -> Shift -> { -> Enter -> i -> n -> t ->   -> n -> ; -> Enter -> f -> o -> r -> Shift -> ( -> i -> n -> t ->   -> i -> = -> 0 -> ; -> Enter -> i -> t ->   -> n -> c -> o -> u -> n -> t -> = -> 0 -> ; -> i -> Shift -> < -> n -> ; -> i -> Shift -> +x2 -> Shift -> { -> Enter -> s -> c -> a -> n -> f -> Shiftx28 -> ( -> Shiftx8 -> "" -> Shiftx2 -> % -> Shift -> d -> , -> Enter -> i -> n","#include<stdio.h>
int main(void {
    int n;
    int count=0;
    int a;      i<n;i++ {
        scanf(""%d ,
                   a ;
        if(a%22",9,5,4,0,持续输入,0,0.0,1.081,0,0,0,0,4,14,9,5,0,持续输入,0,0.0,1.709,0,1,0,1,8,66,22,44,0,修饰键占多数,4,11.767,0.992,0,2,0,4,22,109,61,48,0,持续输入,7,22.719,1.225,0,4,0,8,61,178,101,77,0,持续输入,9,28.176,1.062,0,7,0,11,101,0.586,
1061476-w002,1061476,261,2025-12-15T23:02:58.933500,1059,WA,422.4,414,"t -> d -> i -> o -> . -> h -> Shift -> > -> Enter -> i -> n -> t ->   -> a -> i -> m -> n -> Shiftx24 -> ( -> Shift -> v -> o -> i -> d -> Shift -> { -> Enter -> i -> n -> t ->   -> n -> ; -> Enter -> f -> o -> r -> Shift -> ( -> i -> n -> t ->   -> i -> = -> 0 -> ; -> Enter -> i -> t ->   -> n -> c -> o -> u -> n -> t -> = -> 0 -> ; -> i -> Shift -> < -> n -> ; -> i -> Shift -> +x2 -> Shift -> { -> Enter -> s -> c -> a -> n -> f -> Shiftx28 -> ( -> Shiftx8 -> "" -> Shiftx2 -> % -> Shift -> d -> , -> Enter -> i -> n -> t ->   -> a -> ; -> a -> ; -> Enter -> i -> f -> Shift -> ( -> a","#include<stdio.h>
int main(void {
    int n;
    int count=0;
    int a;      i<n;i++ {
    while(scanf(""%d ,&n !=EOF
                   a ;
        if(a%2==0 {
            count++;


    pr    (""%d ,cou   ;
    retur  0;",14,5,9,0,修饰键占多数,0,0.0,0.538,0,0,0,0,4,23,8,15,0,修饰键占多数,0,0.0,0.674,0,0,0,0,7,41,24,17,0,持续输入,0,0.0,1.08,0,1,0,1,23,68,44,24,0,持续输入,4,27.039,1.74,0,2,0,3,43,172,99,73,0,持续输入,12,53.574,1.8,0,7,0,12,100,1.069,
1061476-w003,1061476,287,2025-12-15T23:04:12.857000,1059,WA,422.4,414,"Shiftx15 -> ( -> Shift -> v -> o -> i -> d -> Shift -> { -> Enter -> i -> n -> t ->   -> n -> ; -> Enter -> f -> o -> r -> Shift -> ( -> i -> n -> t ->   -> i -> = -> 0 -> ; -> Enter -> i -> t ->   -> n -> c -> o -> u -> n -> t -> = -> 0 -> ; -> i -> Shift -> < -> n -> ; -> i -> Shift -> +x2 -> Shift -> { -> Enter -> s -> c -> a -> n -> f -> Shiftx28 -> ( -> Shiftx8 -> "" -> Shiftx2 -> % -> Shift -> d -> , -> Enter -> i -> n -> t ->   -> a -> ; -> a -> ; -> Enter -> i -> f -> Shift -> ( -> a -> Shiftx4 -> % -> 2x2 -> =x2 -> 0 -> Shift -> { -> Enter -> o -> c -> u -> n -> t -> Shift -> +x2 -> ; -> Enter","#include<stdio.h>
int main(void {
    int n;
    int count=0;
    int a[1000005<n;i++ {
    while(scanf(""%d ,&n !=EOF {
                   a ;
        if(a%2==0 { [i
            [i]nt++;


    pr    (""%d ,cou   ;
    }etur  0;
",6,6,0,0,持续输入,0,0.0,0.957,0,0,0,1,5,6,6,0,0,持续输入,0,0.0,0.957,0,0,0,1,5,12,12,0,0,持续输入,4,24.978,4.416,0,0,0,4,11,20,20,0,0,持续输入,7,50.902,7.591,0,1,0,5,19,77,58,19,0,持续输入,12,86.502,3.432,1,4,0,12,56,0.212,
1061476-w004,1061476,398,2025-12-15T23:05:26.780500,1059,WA,422.4,414,""" -> Shiftx2 -> % -> Shift -> d -> , -> Enter -> i -> n -> t ->   -> a -> ; -> a -> ; -> Enter -> i -> f -> Shift -> ( -> a -> Shiftx4 -> % -> 2x2 -> =x2 -> 0 -> Shift -> { -> Enter -> o -> c -> u -> n -> t -> Shift -> +x2 -> ; -> Enter -> p -> r -> Shiftx7 -> ( -> "" -> % -> d -> , -> c -> o -> u -> ; -> Enter -> r -> t -> e -> u -> r -> 0 ->   -> ; -> Enter -> w -> h -> i -> l -> e -> Shift -> ( -> s -> c -> a -> n -> f -> Shift -> ( -> "" -> % -> d -> , -> Shiftx6 -> & -> n -> Shiftx8 -> ! -> = -> Shift -> E -> O -> F -> Shift -> { -> Enter -> Shift -> } -> Backspace -> Enter -> [ -> 1 -> 0x5 -> 5 -> [","#include<stdio.h>
int main(void {
    int n;
    int count=0;
    int a[1000005<n;i++ {
    while(scanf(""%d ,&n !=EOF {
                   a ;
           a%2==0 { [i
        }   [i]nt++;
        for(int i=0;i<n;i++ {
            if(a[i %2==0 {
    pr    (""%d ,count++;
    }etur  0;

        pr    (""%d ,count ;
    }",6,5,1,0,持续输入,0,0.0,0.608,0,0,0,0,4,12,11,1,0,持续输入,2,5.075,2.003,0,0,0,1,10,29,26,3,0,持续输入,3,12.756,1.929,0,0,0,2,25,104,61,43,0,持续输入,5,19.932,1.28,0,2,0,4,59,130,86,44,0,持续输入,13,64.742,1.924,0,4,0,10,83,0.653,
1061476-w005,1061476,398,2025-12-15T23:06:40.704000,1059,WA,422.4,414,""" -> Shiftx2 -> % -> Shift -> d -> , -> Enter -> i -> n -> t ->   -> a -> ; -> a -> ; -> Enter -> i -> f -> Shift -> ( -> a -> Shiftx4 -> % -> 2x2 -> =x2 -> 0 -> Shift -> { -> Enter -> o -> c -> u -> n -> t -> Shift -> +x2 -> ; -> Enter -> p -> r -> Shiftx7 -> ( -> "" -> % -> d -> , -> c -> o -> u -> ; -> Enter -> r -> t -> e -> u -> r -> 0 ->   -> ; -> Enter -> w -> h -> i -> l -> e -> Shift -> ( -> s -> c -> a -> n -> f -> Shift -> ( -> "" -> % -> d -> , -> Shiftx6 -> & -> n -> Shiftx8 -> ! -> = -> Shift -> E -> O -> F -> Shift -> { -> Enter -> Shift -> } -> Backspace -> Enter -> [ -> 1 -> 0x5 -> 5 -> [","#include<stdio.h>
int main(void {
    int n;
    int count=0;
    int a[1000005<n;i++ {
    while(scanf(""%d ,&n !=EOF {
                   a ;
           a%2==0 { [i
        }   [i]nt++;
        for(int i=0;i<n;i++ {
            if(a[i %2==0 {
    pr    (""%d ,count++;
    }etur  0;

        pr    (""%d ,count ;
    }",0,0,0,0,低活动,0,0.0,0.0,0,0,0,0,0,0,0,0,0,低活动,0,0.0,0.0,0,0,0,0,0,0,0,0,0,低活动,0,0.0,0.0,0,0,0,0,0,0,0,0,0,低活动,0,0.0,0.0,0,0,0,0,0,77,39,38,0,持续输入,5,19.932,1.512,0,1,0,3,37,74.577,
1005008-w001,1005008,74,2025-12-08T18:57:38.946800,1746,TLE,368.7,261,"Shift -> # -> i -> n -> c -> l -> u -> d ->   -> e -> Shift -> < -> s -> d -> t -> i -> o -> . -> h -> Shift -> > -> Enter -> i -> t ->   -> n -> m -> a -> i -> n -> Shift -> ( -> { -> Enter -> Shift -> i -> n -> t ->   -> n -> ; -> Enter -> w -> h -> i -> l -> ; -> ex2 -> Shift -> ( -> s -> c -> a -> n -> f -> Shift -> ( -> Shift -> "" -> Shift -> % -> d -> , -> n -> Shift -> ! -> = -> Shift -> E -> F -> O -> Shift -> { -> Enter","#include <stdio.h>
int main( {
    int n;
    while(scanf(""%d ,n !=EOF {
",0,0,0,0,低活动,0,0.0,0.0,0,0,0,0,0,0,0,0,0,低活动,0,0.0,0.0,0,0,0,0,0,0,0,0,0,低活动,0,0.0,0.0,0,0,0,0,0,36,29,7,0,持续输入,3,8.191,1.53,0,2,0,1,28,75,63,12,0,持续输入,3,8.191,0.924,0,4,0,3,63,37.125,
1005008-w002,1005008,101,2025-12-08T18:58:43.468250,1746,TLE,368.7,261,"Shift -> # -> i -> n -> c -> l -> u -> d ->   -> e -> Shift -> < -> s -> d -> t -> i -> o -> . -> h -> Shift -> > -> Enter -> i -> t ->   -> n -> m -> a -> i -> n -> Shift -> ( -> { -> Enter -> Shift -> i -> n -> t ->   -> n -> ; -> Enter -> w -> h -> i -> l -> ; -> ex2 -> Shift -> ( -> s -> c -> a -> n -> f -> Shift -> ( -> Shift -> "" -> Shift -> % -> d -> , -> n -> Shift -> ! -> = -> Shift -> E -> F -> O -> Shift -> { -> Enter -> i -> n -> t ->   -> d -> o -> f -> o -> u -> n -> d -> 0 -> = -> ; -> 1 -> Enter -> i -> n -> t -> d ->   -> f -> = -> 0 -> 2 -> ;","#include <stdio.h>
int main( {
    int n;
    while(scanf(""%d ,n !=EOF {
        int found10;
        int f    2=0;
",0,0,0,0,低活动,0,0.0,0.0,0,0,0,0,0,0,0,0,0,低活动,0,0.0,0.0,0,0,0,0,0,5,5,0,0,持续输入,1,3.294,2.522,0,1,0,0,4,27,27,0,0,持续输入,3,18.865,1.979,0,2,0,1,26,54,47,7,0,持续输入,6,80.365,2.042,0,3,0,2,46,12.784,
1005008-w003,1005008,145,2025-12-08T18:59:47.989700,1746,TLE,368.7,261,"Shift -> # -> i -> n -> c -> l -> u -> d ->   -> e -> Shift -> < -> s -> d -> t -> i -> o -> . -> h -> Shift -> > -> Enter -> i -> t ->   -> n -> m -> a -> i -> n -> Shift -> ( -> { -> Enter -> Shift -> i -> n -> t ->   -> n -> ; -> Enter -> w -> h -> i -> l -> ; -> ex2 -> Shift -> ( -> s -> c -> a -> n -> f -> Shift -> ( -> Shift -> "" -> Shift -> % -> d -> , -> n -> Shift -> ! -> = -> Shift -> E -> F -> O -> Shift -> { -> Enter -> i -> n -> t ->   -> d -> o -> f -> o -> u -> n -> d -> 0 -> = -> ; -> 1 -> Enter -> i -> n -> t -> d ->   -> f -> = -> 0 -> 2 -> ;","#include <stdio.h>
int main( {
    int n;
    while(scanf(""%d ,n !=EOF {
        int found10;
        int f    2=0;
        if(n>2&&n%2==0 {
            f     =1;

        for(int a=1;a<n;",2,2,0,0,持续输入,0,0.0,1.119,0,0,0,0,1,6,5,1,0,持续输入,1,6.216,4.177,0,0,0,0,4,32,28,4,0,持续输入,3,10.571,1.905,0,2,0,3,28,44,37,7,0,持续输入,4,13.119,1.894,0,2,0,3,37,71,64,7,0,持续输入,8,71.904,2.08,0,4,0,5,64,0.716,
1005008-w004,1005008,200,2025-12-08T19:00:52.511150,1746,TLE,368.7,261,"Shift -> # -> i -> n -> c -> l -> u -> d ->   -> e -> Shift -> < -> s -> d -> t -> i -> o -> . -> h -> Shift -> > -> Enter -> i -> t ->   -> n -> m -> a -> i -> n -> Shift -> ( -> { -> Enter -> Shift -> i -> n -> t ->   -> n -> ; -> Enter -> w -> h -> i -> l -> ; -> ex2 -> Shift -> ( -> s -> c -> a -> n -> f -> Shift -> ( -> Shift -> "" -> Shift -> % -> d -> , -> n -> Shift -> ! -> = -> Shift -> E -> F -> O -> Shift -> { -> Enter -> i -> n -> t ->   -> d -> o -> f -> o -> u -> n -> d -> 0 -> = -> ; -> 1 -> Enter -> i -> n -> t -> d ->   -> f -> = -> 0 -> 2 -> ;","#include <stdio.h>
int main( {
    int n;
    while(scanf(""%d ,n !=EOF {
        int found10;
        int f    2=0;
        if(n>2&&n%2==0 {
            f     =1;

        for(int a=1;a<n;a+=2 {
            for(int b=1;b<=a;b+=2 {
                if((a+b ==n {
                    f",5,4,1,0,持续输入,0,0.0,1.241,0,1,0,1,3,12,10,2,0,持续输入,1,2.3,1.344,0,1,0,1,9,24,20,4,0,持续输入,3,15.695,2.202,0,2,0,2,19,51,44,7,0,持续输入,6,25.706,2.346,0,3,0,3,42,99,85,14,0,持续输入,11,45.954,2.149,0,5,0,6,84,1.37,
1005008-w005,1005008,258,2025-12-08T19:01:57.032600,1746,TLE,368.7,261,"e -> Shift -> < -> s -> d -> t -> i -> o -> . -> h -> Shift -> > -> Enter -> i -> t ->   -> n -> m -> a -> i -> n -> Shift -> ( -> { -> Enter -> Shift -> i -> n -> t ->   -> n -> ; -> Enter -> w -> h -> i -> l -> ; -> ex2 -> Shift -> ( -> s -> c -> a -> n -> f -> Shift -> ( -> Shift -> "" -> Shift -> % -> d -> , -> n -> Shift -> ! -> = -> Shift -> E -> F -> O -> Shift -> { -> Enter -> i -> n -> t ->   -> d -> o -> f -> o -> u -> n -> d -> 0 -> = -> ; -> 1 -> Enter -> i -> n -> t -> d ->   -> f -> = -> 0 -> 2 -> ; -> Enter -> i -> f -> Shift -> ( -> n -> Shift -> > -> 2","#include <stdio.h>
int main( {
    int n;
    while(scanf(""%d ,n !=EOF {
        int found10;
        int f    2=0;
        if(n>2&&n%2==0 {
            f     =1;

        for(int a=1;a<n;a+=2 {
            for(int b=1;b<=a;b+=2 {
                if((a+b ==n {
                    f     =1;



        if(f     &&f      {
            pri   (""Yes\n  ;
         el  {
            p     (""No\n  ;


    ret    0;",0,0,0,0,低活动,0,0.0,0.0,0,0,0,0,0,6,6,0,0,持续输入,0,0.0,0.976,0,0,0,0,5,27,23,4,0,持续输入,3,7.059,1.97,0,3,0,3,21,55,45,10,0,持续输入,6,17.341,2.097,0,5,0,6,43,108,91,17,0,持续输入,14,50.991,2.347,0,8,0,10,88,7.433,
1201971-w001,1201971,410,2025-12-29T19:06:22.095600,1749,AC,1683.0,1127,"( -> i -> n -> t ->   -> j -> = -> 0 -> ; -> j -> Shift -> < -> m -> ; -> j -> Shift -> +x2 -> s -> Enterx3 -> s -> c -> a -> n -> f -> Shift -> ( -> Shift -> "" -> Shift -> % -> d -> , -> s -> a -> [ -> s -> i -> [ -> j -> ax2 -> ; -> Enter -> s -> Enter -> Control -> c -> Enter -> Control -> v -> p -> r -> i -> n -> t ->   -> Enter -> Shift -> { -> Enter -> Shiftx2 -> } -> Enter -> Shift -> p -> r -> i -> n -> t -> f -> Shift -> ( -> Shift -> "" -> \ -> n -> s -> ; -> s -> Control -> c -> Controlx2 -> v -> Shift -> & -> Enter -> Shift -> # -> d -> e -> c -> f -> i -> n -> e ->   -> CapsLock -> M -> CapsLockx2 -> A -> X","#include<stdio.h>
#define MAX 51S
int a[MAX [MAX ,m[MAX [MAX ;
    int n,m;
    while(scanf(""%d%d ,&n,&m !=EOF
    {      ,k=0s
        int a[n [m ;
        cor(int i=0;i<n;i++s
            for(int j=0;j<m;j++s
                scanf(""%d ,&[i [jaa;
        v       s
        for(int i=0;i<n;i++s
        {   for(int j=0;j<m;j++s
            k=0;s
        }   while(k<ms[s;s
            {
        v       s",1,1,0,0,持续输入,0,0.0,0.0,0,0,0,0,0,1,1,0,0,持续输入,0,0.0,0.0,0,0,0,0,0,13,11,2,0,持续输入,3,21.006,4.078,0,2,0,3,9,18,16,2,0,持续输入,4,23.029,2.937,0,2,0,3,13,103,90,13,0,持续输入,11,86.431,1.938,0,9,0,13,85,4.564,
1201971-w002,1201971,523,2025-12-29T19:11:16.619375,1749,AC,1683.0,1127,"Shift -> CapsLock -> Shift -> i -> t ->   -> n -> a -> [ -> CapsLock -> M -> A -> X -> [ -> M -> A -> X -> CapsLock -> , -> M -> CapsLockx2 -> mx2 -> [ -> CapsLock -> M -> A -> X -> [ -> M -> A -> X -> ; -> Enter -> F -> O -> R -> Shift -> ( -> I -> N -> CapsLock -> o -> r -> Shift -> ( -> f -> i -> n -> t ->   -> i -> = -> 0 -> ; -> Shift -> < -> n -> i -> ; -> i -> Shift -> +x2 -> s -> Enter -> f -> o -> r -> Shift -> ( -> n -> t ->   -> i -> j -> = -> 0 -> ; -> Shift -> < -> j -> m -> j -> ; -> j -> Shift -> +x2 -> s -> Enter -> Shift -> { -> s -> Enterx2 -> Shift -> { -> Enter -> k -> , -> = -> 0 -> s","#include<stdio.h>
#define MAX 51S
int a[MAX [MAX ,m[MAX [MAX ;
    int n,m;
    while(scanf(""%d%d ,&n,&m !=EOF
    {      ,k,ts
        int a[n [m ;
        cor(int i=0;i<n;i++s
            for(int j=0;j<m;j++s
                scanf(""%d ,&[i [jaa;
        v       s
        for(int i=0;i<n;i++s
        {   for(int j=0;j<m;j++s
            k=0,s=0s
        }   t=k+1;s<ms[s;s
            {
        v       if(a[is[ks==a[is
                while(t<m&&a[is[kt==a[is[t  t+=1;w
                {
                    k+=1;s",0,0,0,0,低活动,0,0.0,0.0,0,0,0,0,0,0,0,0,0,低活动,0,0.0,0.0,0,0,0,0,0,0,0,0,0,低活动,0,0.0,0.0,0,0,0,0,0,6,5,1,0,持续输入,0,0.0,0.21,0,0,0,0,4,39,35,4,0,持续输入,2,4.816,1.284,0,1,0,0,31,59.19,
1201971-w003,1201971,739,2025-12-29T19:16:11.143150,1749,AC,1683.0,1127,"Shift -> ( -> t -> Shift -> < -> m -> &x2 -> Shift -> a -> [ -> i -> s -> [ -> s -> k -> =x2 -> a -> ] -> [ -> i -> s -> [ -> y -> t -> Enter -> t -> Shift -> + -> 1 -> = -> ; -> w -> , -> Shift -> l -> s -> Enter -> l ->   -> - -> = -> k -> t -> - -> s -> k -> s -> ; -> s -> Enter -> i -> f -> Shift -> ( -> l -> Shift -> > -> = -> 3 -> s -> Enter -> { -> Shift -> Enter -> s -> a -> [ -> s -> m -> a -> [ -> s -> [ -> s -> o -> r -> Shift -> ( -> f -> i -> n -> t -> i ->   -> j -> = -> s -> k -> ; -> j -> Shift -> < -> s -> t -> j -> Shift -> +x2 -> ; -> s -> Enter","#include<stdio.h>
#define MAX 51S
int a[MAX [MAX ,m[MAX [MAX =
    int n,m;
    while(scanf(""%d%d ,&n,&m !=EOF
    {      ,k,t,ls
        int a[n [m ;
        cor(int i=0;i<n;i++s
        c   for(int j=0;j<m;j++s
                scanf(""%d ,&[i [jaa;
        v       s
        for(int i=0;i<n;i++s
        {   for(int j=0;j<m;j++s
            k=0,s=0s
        }   t=k+1;s<ms[s;s
            {
        v       if(a[is[ks==a[is
                while(t<m&&a[is[kt==a[is[t  t+=1;w
                l =t-k;s
                if(l>=3s;s
                {
                    for(int j=k;j<t;j++s
                        mais[j =0;s

                k = t;s


        for(int i=0;i<m;i++s
        {
            k=0;hilnt
            while(k<n;s
            {rintf(""\ns ;s
                t = k+1;s
        v       while(t<n&&",17,14,3,0,持续输入,0,0.0,0.615,0,1,0,1,11,27,23,4,0,持续输入,0,0.0,0.707,0,1,0,1,19,77,67,10,0,持续输入,2,5.57,0.892,0,7,0,8,62,83,72,11,0,持续输入,2,5.57,0.897,0,8,0,9,67,123,104,19,4,持续输入,10,63.074,1.3,0,13,4,23,98,0.147,
1201971-w004,1201971,913,2025-12-29T19:21:05.666925,1749,AC,1683.0,1127,n -> t ->   -> i -> = -> 0 -> ; -> i -> Shift -> < -> m -> ; -> i -> Shift -> + -> s -> + -> Enter -> Shift -> { -> Enterx2 -> k -> = -> 0 -> w -> h -> i -> l -> ; -> Enter -> w -> i -> h -> l -> e -> Shift -> ( -> k -> Shift -> < -> n -> ; -> s -> Enter -> Shift -> { -> s -> Enter -> t ->   -> = ->   -> k -> Shift -> + -> 1 -> ; -> s -> Enter -> w -> h -> i -> l -> e -> Shift -> ( -> s -> t -> Shift -> < -> n -> ; -> Shift -> &x2 -> a -> [ -> s -> k -> [ -> i -> =x2 -> a -> [ -> t -> [ -> i -> s -> Enter -> Shift -> { -> Enter -> t -> + -> = -> 1 -> Shift -> ; -> s -> Enter -> s,"#include<stdio.h>
#define MAX 51S
int a[MAX [MAX ,m[MAX [MAX ={0s
    int n,m;
    while(scanf(""%d%d ,&n,&m !=EOF
    {      ,k,t,ls
        int a[n [m ;
        cor(int i=0;i<n;i++s
        c   for(int j=0;j<m;j++s
                scanf(""%d ,&[i [jaa;
        v       s
        for(int i=0;i<n;i++s
        {   for(int j=0;j<m;j++s
            k=0,s=0s
        }   t=k+1;s<ms[s;s
            {
        v       if(a[is[ks==a[is
                while(t<m&&a[is[kt==a[is[t  t+=1;w
                l =t-k;s
                if(l>=3s;s
                {
                    for(int j=k;j<t;j++s
                        mais[j =01s

                k = t;s


c       for(int i=0;i<m;i++s
        {
            k=0;hilnt
            while(k<n;s
            {rintf(""\ns ;s
                t = k+1;s
        v       while(t<n&&a[k [i ==a[t [is t+=1;s
                l = t-kss
                if(l>=3s
                {
                    for(int j=k;j<t;j++s
                        m[j [is=01s

                k = t;s

        }s
        for(int i=0;i<n;i++a


            {
                if(m[s
            }",2,2,0,0,持续输入,0,0.0,0.131,0,0,0,0,1,8,7,1,0,持续输入,2,4.672,2.286,0,0,0,2,4,27,22,5,0,持续输入,4,12.132,2.336,0,3,0,9,18,56,48,8,0,持续输入,8,35.395,2.893,0,4,0,14,43,67,57,10,1,持续输入,11,86.889,3.236,0,4,1,16,52,2.708,
1201971-w005,1201971,1060,2025-12-29T19:26:00.190700,1749,AC,1683.0,1127,k -> ; -> j -> Shift -> s -> ; -> j -> Shift -> ; -> j -> Shift -> +x2 -> s -> Enter -> a -> [ -> s -> j -> [ -> i -> s -> = -> 0 -> ; -> s -> Enter -> s -> Enter -> k ->   -> = ->   -> t -> ; -> s -> Control -> c -> - -> Shift -> t ->   -> t -> - -> k -> s -> k -> t -> mx2 -> Enter -> f -> o -> Shift -> ( -> i -> n -> t -> r ->   -> i -> = -> 0 -> ; -> i -> < -> s -> Shift -> b -> n -> ; -> i -> Shift -> +x2 -> a -> Shift -> s -> } -> Enter -> { -> Shift -> Enter -> } -> Shift -> Enter -> i -> f -> Shift -> ( -> sx2 -> m -> [ -> s -> 1x2 -> = -> Shift -> { -> } -> 0 -> s -> i -> [,"#include<stdio.h>
#include<string.h>s
int a[MAX [MAX ,m[MAX [MAX ={zsz
v   int n,m;
    while(scanf(""%d%d ,&n,&m !=EOF
    {      ,k,t,ls
        int a[n [m ;
        cor(int i=0;i<n;i++s
        c   for(int j=0;j<m;j++s
        v       scanf(""%d ,&[i [jaa;
        v       s
        for(int i=0;i<n;i++s
        {   for(int j=0;j<m;j++s
            k=0,s=0s
        }   t=k+1;s<ms[s;s
            {
        v       if(a[is[ks==a[is
                while(t<m&&a[is[kt==a[is[t  t+=1;w
                l =t-k;s
                if(l>=3s;s
                {
                    for(int j=k;j<t;j++s
                        aais[j =zzs

                k = t;s


c       for(int i=0;i<m;i++s
        {
            k=0;hilnt
            while(k<n;s
            {rintf(""\ns ;s
                t = k+1;s
        v       while(t<n&&a[k [i ==a[t [is t+=1;s
                l = t-kss
                if(l>=3s
                {
                    for(int j=k;j<t;j++s
                        a[j [is=zzs

                k = t;s

        }s
        for(int i=0;i<n;i++a


            {z
                if(msz zzsz1 zzzszzsz0;zz
            }
                if(m[i([js printf(""0   ;







 c",0,0,0,0,低活动,0,0.0,0.0,0,0,0,0,0,0,0,0,0,低活动,0,0.0,0.0,0,0,0,0,0,8,4,4,3,修饰键占多数,2,10.689,5.253,0,0,4,3,3,51,41,10,3,持续输入,4,20.138,1.832,0,1,5,6,40,79,65,14,4,持续输入,6,67.24,1.216,0,3,6,10,63,17.994,
1154790-w001,1154790,16,2025-12-25T16:15:06.193600,1323,WA,1274.4,188,2 ->   -> 1x2 -> Backspacex5 -> Enter ->   -> m -> = -> y -> / -> 6 -> ;,"
















        m=y/6;


        1",0,0,0,0,低活动,0,0.0,0.0,0,0,0,0,0,0,0,0,0,低活动,0,0.0,0.0,0,0,0,0,0,4,4,0,0,持续输入,0,0.0,1.387,0,0,0,0,3,8,8,0,0,持续输入,3,32.037,11.745,0,1,0,1,7,8,8,0,0,持续输入,3,32.037,11.745,0,1,0,1,7,22.039,
1154790-w002,1154790,60,2025-12-25T16:18:49.208000,1323,WA,1274.4,188,2 ->   -> 1x2 -> Backspacex5 -> Enter ->   -> m -> = -> y -> / -> 6 -> ; -> m -> Enter -> i -> n -> y -> t ->   -> n -> = -> y -> Shift -> % -> 6 -> ; -> 6 -> Shiftx7 -> * -> m -> Shift -> + -> 1 -> Shiftx6 -> + -> 2 -> Shift -> * -> m -> 1 ->   -> 1 -> 0 -> bx2,"











          b
                       b


    int n=y%6;m
        m=y/6; 6*+1


        1

                       +2*m 0",0,0,0,0,低活动,0,0.0,0.0,0,0,0,0,0,0,0,0,0,低活动,0,0.0,0.0,0,0,0,0,0,1,1,0,0,持续输入,0,0.0,0.0,0,0,0,0,0,2,2,0,0,持续输入,1,21.628,21.628,0,0,0,1,1,17,10,7,0,持续输入,4,93.687,13.067,0,0,0,2,6,17.774,
1154790-w003,1154790,65,2025-12-25T16:22:32.222400,1323,WA,1274.4,188,2 ->   -> 1x2 -> Backspacex5 -> Enter ->   -> m -> = -> y -> / -> 6 -> ; -> m -> Enter -> i -> n -> y -> t ->   -> n -> = -> y -> Shift -> % -> 6 -> ; -> 6 -> Shiftx7 -> * -> m -> Shift -> + -> 1 -> Shiftx6 -> + -> 2 -> Shift -> * -> m -> 1 ->   -> 1 -> 0 -> bx2 -> 0x3 -> Control -> c,"











          b   0
                       b


    int n=y%6;m
        m=y/6; 6*+1


 c      1

                       +2*m 0",0,0,0,0,低活动,0,0.0,0.0,0,0,0,0,0,0,0,0,0,低活动,0,0.0,0.0,0,0,0,0,0,0,0,0,0,低活动,0,0.0,0.0,0,0,0,0,0,0,0,0,0,低活动,0,0.0,0.0,0,0,0,0,0,1,1,0,0,持续输入,0,0.0,0.0,0,0,0,0,0,119.65,
1154790-w004,1154790,135,2025-12-25T16:26:15.236800,1323,WA,1274.4,188,2 ->   -> 1x2 -> Backspacex5 -> Enter ->   -> m -> = -> y -> / -> 6 -> ; -> m -> Enter -> i -> n -> y -> t ->   -> n -> = -> y -> Shift -> % -> 6 -> ; -> 6 -> Shiftx7 -> * -> m -> Shift -> + -> 1 -> Shiftx6 -> + -> 2 -> Shift -> * -> m -> 1 ->   -> 1 -> 0 -> bx2 -> 0x3 -> Control -> c -> Enterx2 -> Control -> c -> Control -> v -> Enter -> a -> n -> a -> i -> n -> t ->   -> l -> e -> a -> e -> x -> t -> r -> a -> = -> 0 -> ; -> x -> e -> t -> r -> a -> - -> e -> x -> t -> r -> a -> - -> 2 -> Shiftx12 -> * -> n -> = -> + -> 1 -> Shift -> Backspacex10 -> 7 ->   -> 1 -> 3,"











          b   0
                       b


    int n=y%6;m
     c  m=y/6; 6*+1
    int extra=0;
    v     a
 c      1      n      a

           extra       +2*m 0


    3
                           -extra-2*n+1",0,0,0,0,低活动,0,0.0,0.0,0,0,0,0,0,0,0,0,0,低活动,0,0.0,0.0,0,0,0,0,0,0,0,0,0,低活动,0,0.0,0.0,0,0,0,0,0,14,14,0,0,持续输入,1,2.815,0.502,10,0,0,0,0,40,27,13,0,持续输入,4,45.934,2.073,10,0,0,1,13,45.703,
1154790-w005,1154790,140,2025-12-25T16:29:58.251200,1323,WA,1274.4,188,2 ->   -> 1x2 -> Backspacex5 -> Enter ->   -> m -> = -> y -> / -> 6 -> ; -> m -> Enter -> i -> n -> y -> t ->   -> n -> = -> y -> Shift -> % -> 6 -> ; -> 6 -> Shiftx7 -> * -> m -> Shift -> + -> 1 -> Shiftx6 -> + -> 2 -> Shift -> * -> m -> 1 ->   -> 1 -> 0 -> bx2 -> 0x3 -> Control -> c -> Enterx2 -> Control -> c -> Control -> v -> Enter -> a -> n -> a -> i -> n -> t ->   -> l -> e -> a -> e -> x -> t -> r -> a -> = -> 0 -> ; -> x -> e -> t -> r -> a -> - -> e -> x -> t -> r -> a -> - -> 2 -> Shiftx12 -> * -> n -> = -> + -> 1 -> Shift -> Backspacex10 -> 7 ->   -> 1 -> 3 -> Control -> c -> = -> -,"











          b   0
                       b


    int n=y%6;m
     c  m=y/6; 6*+1
    int extra=0;
    v     a-1
 c      1      n     =a

           extra       +2*m 0


    3
                           -extra-2*n+1

 c",2,2,0,0,持续输入,0,0.0,0.18,0,0,0,0,1,2,2,0,0,持续输入,0,0.0,0.18,0,0,0,0,1,3,3,0,0,持续输入,1,19.81,17.847,0,0,0,1,2,3,3,0,0,持续输入,1,19.81,17.847,0,0,0,1,2,3,3,0,0,持续输入,1,19.81,17.847,0,0,0,1,2,0.491,
1138163-w001,1138163,199,2025-12-24T11:30:06.082400,1516,AC,443.2,336,Shift -> Unidentified -> I -> N -> Unidentifiedx2 -> Shift -> n -> c -> l -> u -> e -> d -> Shift -> Unidentified -> Shift -> Unidentified -> s -> t -> d -> i -> o -> Unidentified -> h -> Enter -> Shift -> Unidentified -> i -> n -> c -> l -> u -> d -> e -> Shift -> Unidentifiedx2 -> s -> r -> i -> t -> n -> g -> Unidentified -> h -> Enter -> Unidentified -> Shift -> i -> n -> c -> l -> u -> d -> e -> Shiftx3 -> Unidentifiedx2 -> m -> a -> t -> h -> Unidentified -> h -> Enter -> Shift -> Unidentified -> i -> n -> c -> l -> i -> u -> d -> e -> Shift -> Unidentifiedx2 -> s -> t -> d -> l -> i -> b -> Unidentified -> h -> Enterx2 -> i -> t -> Unidentified -> n -> m -> a -> i -> n -> Unidentified -> Shiftx2 -> Unidentified -> Enterx2 -> r -> e -> u -> r -> n," Include stdio h
 include string h
 include math h
 include stdlib h

int main
    int nl
    whilenscanf   d   n  EOF
        fo int i   i nn i
",12,5,2,0,持续输入,0,0.0,0.909,0,1,0,0,7,27,12,4,0,持续输入,0,0.0,0.722,0,1,0,0,20,68,19,30,0,持续输入,2,8.031,0.884,0,2,0,1,37,135,68,35,0,持续输入,4,12.474,1.018,0,8,0,8,94,200,109,45,0,持续输入,6,17.754,0.991,0,10,0,10,145,0.203,
1138163-w002,1138163,244,2025-12-24T11:31:23.635749999,1516,AC,443.2,336,Shift -> Unidentified -> I -> N -> Unidentifiedx2 -> Shift -> n -> c -> l -> u -> e -> d -> Shift -> Unidentified -> Shift -> Unidentified -> s -> t -> d -> i -> o -> Unidentified -> h -> Enter -> Shift -> Unidentified -> i -> n -> c -> l -> u -> d -> e -> Shift -> Unidentifiedx2 -> s -> r -> i -> t -> n -> g -> Unidentified -> h -> Enter -> Unidentified -> Shift -> i -> n -> c -> l -> u -> d -> e -> Shiftx3 -> Unidentifiedx2 -> m -> a -> t -> h -> Unidentified -> h -> Enter -> Shift -> Unidentified -> i -> n -> c -> l -> i -> u -> d -> e -> Shift -> Unidentifiedx2 -> s -> t -> d -> l -> i -> b -> Unidentified -> h -> Enterx2 -> i -> t -> Unidentified -> n -> m -> a -> i -> n -> Unidentified -> Shiftx2 -> Unidentified -> Enterx2 -> r -> e -> u -> r -> n," Include stdio h
 include string h
 include math h
 include stdlib h

int main
    int nl
    whilenscanf   d   n  EOF
        forint i   i nn i
            for int j i   j  n j

",0,0,0,0,低活动,0,0.0,0.0,0,0,0,0,0,0,0,0,0,低活动,0,0.0,0.0,0,0,0,0,0,0,0,0,0,低活动,0,0.0,0.0,0,0,0,0,0,10,4,3,0,持续输入,1,2.289,1.719,0,2,0,1,5,142,56,49,0,持续输入,5,20.674,0.939,0,6,0,6,90,53.681,
1138163-w003,1138163,244,2025-12-24T11:32:41.189100,1516,AC,443.2,336,Shift -> Unidentified -> I -> N -> Unidentifiedx2 -> Shift -> n -> c -> l -> u -> e -> d -> Shift -> Unidentified -> Shift -> Unidentified -> s -> t -> d -> i -> o -> Unidentified -> h -> Enter -> Shift -> Unidentified -> i -> n -> c -> l -> u -> d -> e -> Shift -> Unidentifiedx2 -> s -> r -> i -> t -> n -> g -> Unidentified -> h -> Enter -> Unidentified -> Shift -> i -> n -> c -> l -> u -> d -> e -> Shiftx3 -> Unidentifiedx2 -> m -> a -> t -> h -> Unidentified -> h -> Enter -> Shift -> Unidentified -> i -> n -> c -> l -> i -> u -> d -> e -> Shift -> Unidentifiedx2 -> s -> t -> d -> l -> i -> b -> Unidentified -> h -> Enterx2 -> i -> t -> Unidentified -> n -> m -> a -> i -> n -> Unidentified -> Shiftx2 -> Unidentified -> Enterx2 -> r -> e -> u -> r -> n," Include stdio h
 include string h
 include math h
 include stdlib h

int main
    int nl
    whilenscanf   d   n  EOF
        forint i   i nn i
            for int j i   j  n j

",0,0,0,0,低活动,0,0.0,0.0,0,0,0,0,0,0,0,0,0,低活动,0,0.0,0.0,0,0,0,0,0,0,0,0,0,低活动,0,0.0,0.0,0,0,0,0,0,0,0,0,0,低活动,0,0.0,0.0,0,0,0,0,0,0,0,0,0,低活动,0,0.0,0.0,0,0,0,0,0,131.234,
1138163-w004,1138163,244,2025-12-24T11:33:58.742450,1516,AC,443.2,336,Shift -> Unidentified -> I -> N -> Unidentifiedx2 -> Shift -> n -> c -> l -> u -> e -> d -> Shift -> Unidentified -> Shift -> Unidentified -> s -> t -> d -> i -> o -> Unidentified -> h -> Enter -> Shift -> Unidentified -> i -> n -> c -> l -> u -> d -> e -> Shift -> Unidentifiedx2 -> s -> r -> i -> t -> n -> g -> Unidentified -> h -> Enter -> Unidentified -> Shift -> i -> n -> c -> l -> u -> d -> e -> Shiftx3 -> Unidentifiedx2 -> m -> a -> t -> h -> Unidentified -> h -> Enter -> Shift -> Unidentified -> i -> n -> c -> l -> i -> u -> d -> e -> Shift -> Unidentifiedx2 -> s -> t -> d -> l -> i -> b -> Unidentified -> h -> Enterx2 -> i -> t -> Unidentified -> n -> m -> a -> i -> n -> Unidentified -> Shiftx2 -> Unidentified -> Enterx2 -> r -> e -> u -> r -> n," Include stdio h
 include string h
 include math h
 include stdlib h

int main
    int nl
    whilenscanf   d   n  EOF
        forint i   i nn i
            for int j i   j  n j

",0,0,0,0,低活动,0,0.0,0.0,0,0,0,0,0,0,0,0,0,低活动,0,0.0,0.0,0,0,0,0,0,0,0,0,0,低活动,0,0.0,0.0,0,0,0,0,0,0,0,0,0,低活动,0,0.0,0.0,0,0,0,0,0,0,0,0,0,低活动,0,0.0,0.0,0,0,0,0,0,208.787,
1138163-w005,1138163,310,2025-12-24T11:35:16.295800,1516,AC,443.2,336,a -> t -> h -> Unidentified -> h -> Enter -> Shift -> Unidentified -> i -> n -> c -> l -> i -> u -> d -> e -> Shift -> Unidentifiedx2 -> s -> t -> d -> l -> i -> b -> Unidentified -> h -> Enterx2 -> i -> t -> Unidentified -> n -> m -> a -> i -> n -> Unidentified -> Shiftx2 -> Unidentified -> Enterx2 -> r -> e -> u -> r -> n -> Unidentified -> t -> Unidentifiedx2 -> n -> t -> Unidentified -> i -> n -> l -> Unidentified -> Enter -> w -> h -> i -> l -> e -> Shift -> Unidentified -> c -> a -> s -> n -> Shiftx3 -> f -> Unidentified -> Shift -> Unidentified -> Shift -> Unidentified -> d -> Unidentified -> Shift -> Unidentified -> n -> Shiftx4 -> Unidentified -> Shift -> E -> O -> F -> Shiftx14 -> Unidentified -> Shift -> Unidentified -> Enter -> f -> o -> Shift -> Unidentified -> i -> n -> t -> Unidentified -> i -> Unidentifiedx3 -> i," Include stdio h
 include string h
 include math h
 include stdlib h

int main
    int nl
    whilenscanf   d   n  EOF
        intisumi   i nn i
            for int j i   j  n j

 f              if i j  i j
                    sum",7,3,1,0,持续输入,0,0.0,0.234,0,0,0,0,5,16,5,4,0,持续输入,0,0.0,1.014,0,1,0,1,11,35,10,14,0,持续输入,2,14.705,1.077,0,1,0,1,20,66,19,15,0,持续输入,4,20.757,1.04,0,2,0,3,50,66,19,15,0,持续输入,4,20.757,1.04,0,2,0,3,50,3.372,
1080234-w001,1080234,157,2025-12-18T13:58:37.941800,1598,WA,1490.6,551,"Shiftx2 -> # -> n -> i -> c -> l -> u -> d -> e -> Shift -> < -> s -> t -> d -> i -> o -> . -> h -> Shift -> > -> Enterx2 -> i -> n -> t -> m ->   -> a -> n -> Shift -> i -> ( -> Shift -> { -> Enter -> i -> n -> t ->   -> y -> , -> m -> ; -> Enter -> w -> h -> i -> l -> e -> Shift -> ( -> s -> c -> a -> n -> f -> Shift -> ( -> "" -> % -> y -> d -> / -> Shift -> % -> d -> , -> Shift -> & -> y -> , -> Shift -> & -> m -> Shiftx6 -> ! -> Shiftx2 -> = -> Shift -> E -> O -> F -> Shift -> { -> Enter -> i -> n -> t ->   -> i -> s -> _ -> Shift -> l -> e -> a -> p -> Shiftx2 -> _ -> y -> e","#include<stdio.h>
int is_leap_year(int year {
int return(year%4==0&&year%400!=0
    int y,m;
    while(scanf(""%d/%d ,&y,&m !=EOF {
",4,3,1,0,持续输入,0,0.0,1.06,0,0,0,0,2,11,9,2,0,持续输入,0,0.0,1.409,0,0,0,0,8,32,27,5,0,持续输入,4,9.128,2.013,0,0,0,0,26,66,56,10,0,持续输入,7,18.222,1.989,0,1,0,1,55,66,56,10,0,持续输入,7,18.222,1.989,0,1,0,1,55,2.813,
1080234-w002,1080234,390,2025-12-18T14:02:58.794000,1598,WA,1490.6,551,"0 -> Shift -> &x2 -> y -> e -> a -> r -> Shift -> % -> 4 -> 0x2 -> Shift -> ! -> = -> 0 -> |x2 -> Shiftx2 -> ( -> y -> e -> a -> r -> Shift -> % -> 4 -> 0x3 -> =x2 -> ; -> Enterx2 -> i -> n -> t ->   -> m -> o -> t -> n -> h -> d -> a -> y -> s -> Shiftx4 -> + -> Shiftx2 -> _ -> [ -> 1 -> 2 -> Shiftx29 -> + -> Shiftx2 -> = -> Shift -> { -> 3 -> 1 -> , -> 2 -> 8 -> , -> 3 -> 1 -> , -> 3 -> 0 -> , -> 3 -> 1 -> , -> 3 -> 0 -> , -> 3 -> 1 -> , -> 3 -> 1 -> , -> 3 -> 0 -> , -> 1 -> , -> 3x2 -> 0 -> , -> 1 -> 3 -> Shiftx29 -> } -> Shiftx3 -> ; -> Enter -> i -> n -> t ->   -> t -> o","#include<stdio.h>
int is_leap_year(int year {
int return(year%4==0&&year%400!=0 ||(year%400==  ;
    int y,m;
    while(scanf(""%d/%d ,&y,&m !=EOF {


    int month_ays [12 ={31,28,31,30,31,30,31,31,30,31,30,31};
    int total_days=0;

        total     =mo        [m-1 ;
        if(m=2&&is          (y  {
            t         ++;

        printf(""%d\n ,to         ;

    return 0;",0,0,0,0,低活动,0,0.0,0.0,0,0,0,0,0,9,9,0,0,持续输入,0,0.0,0.581,0,0,0,0,8,19,19,0,0,持续输入,4,14.238,3.682,0,1,0,2,18,40,36,4,0,持续输入,9,31.699,3.643,0,3,0,5,34,66,60,6,0,持续输入,17,67.049,4.308,0,4,0,6,58,6.403,
1080234-w003,1080234,456,2025-12-18T14:07:19.646200,1598,WA,1490.6,551,"Shiftx24 -> + -> Shiftx2 -> = -> Shift -> { -> 3 -> 1 -> , -> 2 -> 8 -> , -> 3 -> 1 -> , -> 3 -> 0 -> , -> 3 -> 1 -> , -> 3 -> 0 -> , -> 3 -> 1 -> , -> 3 -> 1 -> , -> 3 -> 0 -> , -> 1 -> , -> 3x2 -> 0 -> , -> 1 -> 3 -> Shiftx29 -> } -> Shiftx3 -> ; -> Enter -> i -> n -> t ->   -> t -> o -> a -> l -> t -> Shift -> _ -> d -> a -> y -> s -> = -> 0 -> ; -> t -> o -> t -> a -> l -> = -> m -> o -> [ -> m -> - -> 1 -> ; -> Enter -> i -> f -> Shift -> ( -> m -> = -> 2 -> Shift -> &x2 -> i -> s -> 9 -> Shift -> ( -> y -> Shift -> { -> Enter -> t -> Shift -> +x2 -> ; -> Enter","#include<stdio.h>
int is_leap_year(int year {
int return(year%4==0&&year%400!=0 ||(year%400==  ;
    int y,m;
    while(scanf(""%d/%d ,&y,&m !=EOF {


    int month_ays [12 ={31,28,31,30,31,30,31,31,30,31,30,31};
    int total_days=0;

        votal     =mo        [m-1 ;
        if(m=2&&is          (y  {
            break;    ++;

        if(m<0||m>12||y<0 {      ;
            printf(""-1\n  ;
    return 0;",0,0,0,0,低活动,0,0.0,0.0,0,0,0,0,0,0,0,0,0,低活动,0,0.0,0.0,0,0,0,0,0,0,0,0,0,低活动,0,0.0,0.0,0,0,0,0,0,6,6,0,0,持续输入,0,0.0,1.306,0,0,0,0,5,10,9,1,1,持续输入,3,8.28,2.812,0,2,1,3,8,53.878,
1080234-w004,1080234,518,2025-12-18T14:11:40.498400,1598,WA,1490.6,551,", -> 1 -> 3 -> Shiftx29 -> } -> Shiftx3 -> ; -> Enter -> i -> n -> t ->   -> t -> o -> a -> l -> t -> Shift -> _ -> d -> a -> y -> s -> = -> 0 -> ; -> t -> o -> t -> a -> l -> = -> m -> o -> [ -> m -> - -> 1 -> ; -> Enter -> i -> f -> Shift -> ( -> m -> = -> 2 -> Shift -> &x2 -> i -> s -> 9 -> Shift -> ( -> y -> Shift -> { -> Enter -> t -> Shift -> +x2 -> ; -> Enter -> p -> r -> i -> n -> t -> f -> Shift -> ( -> "" -> % -> d -> \ -> n -> , -> t -> o -> ; -> Enter -> r -> e -> t -> u -> r -> n ->   -> 0 -> ; -> Enter -> f -> i -> Shift -> ( -> m -> Shiftx4 -> < -> 0 -> Shift","#include<stdio.h>
int is_leap_year(int year {
int return(year%4==0&&year%400!=0 ||(year%400==  ;
    int y,m;
    while(scanf(""%d/%d ,&y,&m !=EOF {


    int month_ays [12 ={31,28,31,30,31,30,31,31,30,31,30,31};
    int total_days=0;

        votal     =mo        [m-1 ;
        if(m=2&&is          (y  {
            break;    ++;

        if(m<0||m>12||y<0 {      ;
        else rintf(""-1\n  ;
    return 0printf(""29\n
            break;
         else{

                      v
        }",5,5,0,0,持续输入,0,0.0,0.658,0,0,0,0,4,5,5,0,0,持续输入,0,0.0,0.658,0,0,0,0,4,7,6,1,1,持续输入,1,18.476,9.569,0,0,1,1,5,7,6,1,1,持续输入,1,18.476,9.569,0,0,1,1,5,13,12,1,1,持续输入,2,79.555,16.749,0,0,1,2,11,2.818,
1080234-w005,1080234,547,2025-12-18T14:16:01.350600,1598,WA,1490.6,551,"Shiftx3 -> } -> Shiftx3 -> ; -> Enter -> i -> n -> t ->   -> t -> o -> a -> l -> t -> Shift -> _ -> d -> a -> y -> s -> = -> 0 -> ; -> t -> o -> t -> a -> l -> = -> m -> o -> [ -> m -> - -> 1 -> ; -> Enter -> i -> f -> Shift -> ( -> m -> = -> 2 -> Shift -> &x2 -> i -> s -> 9 -> Shift -> ( -> y -> Shift -> { -> Enter -> t -> Shift -> +x2 -> ; -> Enter -> p -> r -> i -> n -> t -> f -> Shift -> ( -> "" -> % -> d -> \ -> n -> , -> t -> o -> ; -> Enter -> r -> e -> t -> u -> r -> n ->   -> 0 -> ; -> Enter -> f -> i -> Shift -> ( -> m -> Shiftx4 -> < -> 0 -> Shift -> |x2 -> m -> Shift","#include<stdio.h>
int is_leap_year(int year {
int return(year%4==0&&year%400!=0 ||(year%400==  ;
    int y,m;
    while(scanf(""%d/%d ,&y,&m !=EOF {


    int month_ays [12 ={31,28,31,30,31,30,31,31,30,31,30,31};
    int total_days=0;

        votal     =mo        [m-1 ;
        if(m=2&&is          (y  {
            break;    ++;

        else 0||m>12||y<0 {      ;
        else rintf(""-1\n  ;
    return 0break;(""29\n
         else{eak;
            e{

        }             v
        }",0,0,0,0,低活动,0,0.0,0.0,0,0,0,0,0,0,0,0,0,低活动,0,0.0,0.0,0,0,0,0,0,0,0,0,0,低活动,0,0.0,0.0,0,0,0,0,0,0,0,0,0,低活动,0,0.0,0.0,0,0,0,0,0,13,11,2,0,持续输入,2,6.342,2.703,0,0,0,2,10,76.142,
1055866-w001,1055866,5,2025-12-15T19:40:54.985000,2179,WA,139.7,35,Control -> Insert -> Control -> Insert -> Control -> Insert,,0,0,0,0,低活动,0,0.0,0.0,0,0,0,0,0,0,0,0,0,低活动,0,0.0,0.0,0,0,0,0,0,6,0,6,0,修饰键占多数,0,0.0,0.423,0,0,3,0,0,6,0,6,0,修饰键占多数,0,0.0,0.423,0,0,3,0,0,6,0,6,0,修饰键占多数,0,0.0,0.423,0,0,3,0,0,29.157,
1055866-w002,1055866,5,2025-12-15T19:41:18.908500,2179,WA,139.7,35,Control -> Insert -> Control -> Insert -> Control -> Insert,,0,0,0,0,低活动,0,0.0,0.0,0,0,0,0,0,0,0,0,0,低活动,0,0.0,0.0,0,0,0,0,0,0,0,0,0,低活动,0,0.0,0.0,0,0,0,0,0,6,0,6,0,修饰键占多数,0,0.0,0.423,0,0,3,0,0,6,0,6,0,修饰键占多数,0,0.0,0.423,0,0,3,0,0,53.081,
1055866-w003,1055866,7,2025-12-15T19:41:42.832000,2179,WA,139.7,35,Control -> Insert -> Control -> Insert -> Control -> Insert -> Control -> Insert,,0,0,0,0,低活动,0,0.0,0.0,0,0,0,0,0,2,0,2,0,修饰键占多数,0,0.0,0.001,0,0,1,0,0,2,0,2,0,修饰键占多数,0,0.0,0.001,0,0,1,0,0,2,0,2,0,修饰键占多数,0,0.0,0.001,0,0,1,0,0,8,0,8,0,修饰键占多数,1,71.952,36.19,0,0,4,1,1,5.051,
1055866-w004,1055866,7,2025-12-15T19:42:06.755500,2179,WA,139.7,35,Control -> Insert -> Control -> Insert -> Control -> Insert -> Control -> Insert,,0,0,0,0,低活动,0,0.0,0.0,0,0,0,0,0,0,0,0,0,低活动,0,0.0,0.0,0,0,0,0,0,2,0,2,0,修饰键占多数,0,0.0,0.001,0,0,1,0,0,2,0,2,0,修饰键占多数,0,0.0,0.001,0,0,1,0,0,8,0,8,0,修饰键占多数,1,71.952,36.19,0,0,4,1,1,28.974,
1055866-w005,1055866,22,2025-12-15T19:42:30.679000,2179,WA,139.7,35,Control -> Insert -> Control -> Insert -> Control -> Insert -> Control -> Insert -> Control -> Insert -> Control -> Insert -> Control -> Insert -> Enter -> i -> f -> Shift -> ( -> j -> Shift -> * -> j,"

























                if(j*j",8,6,2,0,持续输入,0,0.0,0.859,0,0,0,0,5,9,7,2,0,持续输入,1,5.815,2.37,0,1,0,1,6,15,7,8,0,修饰键占多数,2,14.817,4.488,0,1,3,3,7,17,7,10,0,修饰键占多数,3,46.573,7.409,0,1,4,4,8,17,7,10,0,修饰键占多数,3,46.573,7.409,0,1,4,4,8,0.291,
1387653-w001,1387653,419,2026-01-10T00:41:24.607200,1666,WA,1533.8,728,"* -> ( -> "" -> % -> d -> Shift -> < -> , -> Shiftx37 -> & -> n -> Shift -> ! -> = -> Shift -> E -> O -> F -> Shiftx10 -> { -> Enter -> Shiftx12 -> ) -> f -> o -> r -> Shift -> ( -> i -> n -> t ->   -> i -> = -> 0 -> ; -> Shift -> i -> < -> n -> ; -> i -> Shift -> + -> Shift -> + -> Shift -> { -> Enter -> s -> Shift -> [ -> i -> s -> c -> a -> n -> f -> Shiftx10 -> ( -> "" -> % -> d -> , -> Shift -> & -> s -> [ -> i -> ; -> Enterx2 -> i -> f -> Shift -> ( -> n -> =x2 -> 2 -> Shift -> { -> Enter -> p -> r -> Shift -> ( -> "" -> Y -> e -> s -> \ -> n -> ; -> Enter -> c -> o -> n -> t -> ; -> 1 -> Enter","#   lude<stdio.h>
int compare(const void *a,c     void *b {
    ret n;(*(int* a-*(int* b ;


    int s[100001 ;

    while(scanf(""%d ,&n !=EOF){
        if(n==1 {=0;i<n;i++ {
            pranf((""Yes\n[i; ;
            cont    ;




        int len=strlen(s ;
        qso  (s,len,sizeof(int ,com",5,5,0,0,持续输入,0,0.0,1.105,0,0,0,0,3,17,16,1,0,持续输入,1,2.78,1.081,0,0,0,0,14,56,40,16,0,持续输入,2,7.729,1.206,0,1,0,1,38,85,54,31,0,持续输入,6,26.88,1.386,0,2,0,3,52,139,94,45,0,持续输入,14,73.753,1.776,0,6,0,8,92,0.889,
1387653-w002,1387653,579,2026-01-10T00:45:53.025000,1666,WA,1533.8,728,"c -> o -> n -> t -> ; -> 1 -> Enter -> q -> s -> o -> r -> Shiftx12 -> 9 -> Shift -> s -> Shiftx2 -> ( -> s -> i -> n -> t ->   -> l -> n -> e -> = -> s -> t -> r -> l -> e -> n -> Shiftx3 -> ( -> s -> ; -> Enter -> q -> s -> o -> Shiftx12 -> ( -> s -> , -> l -> e -> n -> , -> s -> i -> z -> e -> o -> f -> ( -> Shift -> i -> n -> t ->   -> , -> c -> o -> [ -> m -> ; -> Enter -> i -> n -> t ->   -> s -> u -> m -> = -> l -> 0x2 -> ; -> w -> Enter -> f -> o -> r -> Shift -> ( -> i -> n -> t -> i ->   -> = -> 0 -> ; -> i -> Shift -> > -> l -> e -> n -> ;","#   lude<stdio.h>
int compare(const void *a,c     void *b {
    ret n;(*(int* a-*(int* b ;


    int s[100001 ;

    while(scanf(""%d ,&n !=EOF){
        int pd=0;=0;i<n;i++ {
            pranf((""Yes\n[i; ;
            cont    ;




        int len=strlen(s ;
        qso  (s,len,sizeof(int ,com     ;
        int sum=0;
        for(int i=0;i>len;i++ {
            sum+=s[i ;
            if(sum<=s[i+1  {
                pr    (""No\n  ;
                pd=1;   ;


        if(pd=0 {
            pr    (""Yes\n  ;
         elss{
            pr    (""No\n  ;",10,9,1,0,持续输入,0,0.0,0.913,0,0,0,0,8,30,16,14,0,持续输入,0,0.0,0.981,0,1,0,1,15,60,43,17,0,持续输入,1,3.331,1.129,0,3,0,7,40,70,53,17,0,持续输入,2,10.365,1.264,0,4,0,9,49,106,84,22,0,持续输入,6,68.531,1.554,0,6,0,12,80,0.296,
1387653-w003,1387653,601,2026-01-10T00:50:21.442800,1666,WA,1533.8,728,"Shift -> 9 -> Shift -> s -> Shiftx2 -> ( -> s -> i -> n -> t ->   -> l -> n -> e -> = -> s -> t -> r -> l -> e -> n -> Shiftx3 -> ( -> s -> ; -> Enter -> q -> s -> o -> Shiftx12 -> ( -> s -> , -> l -> e -> n -> , -> s -> i -> z -> e -> o -> f -> ( -> Shift -> i -> n -> t ->   -> , -> c -> o -> [ -> m -> ; -> Enter -> i -> n -> t ->   -> s -> u -> m -> = -> l -> 0x2 -> ; -> w -> Enter -> f -> o -> r -> Shift -> ( -> i -> n -> t -> i ->   -> = -> 0 -> ; -> i -> Shift -> > -> l -> e -> n -> ; -> i -> Shift -> +x2 -> Shift -> { -> Enter -> s -> u -> m -> Shift -> +","c   lude<stdio.h>
int compare(const void *a,c     void *b {
    ret n;(*(int* a-*(int* b ;


    int s[100001 ;

    while(scanf(""%d ,&n !=EOF){
        int pd=0;=0;i<n;i++ {
            pranf((""Yes\n[i; ;
            cont    ;




        int len=strlen(s ;
        qso  (s,len,sizeof(int ,com     ;
        int sum=0;
        for(int=s[0;i>len;i++ {
            sum+=s1i <   -1
            if(sum<=s[i+1  {
                pr    (""No\n  ;
                pd=1;   ;


        if(pd== {
            pr    (""Yes\n  ;
         elss{
            pr    (""No\n  ;


    ret    0;",0,0,0,0,低活动,0,0.0,0.0,0,0,0,0,0,0,0,0,0,低活动,0,0.0,0.0,0,0,0,0,0,0,0,0,0,低活动,0,0.0,0.0,0,0,0,0,0,8,7,1,0,持续输入,2,5.034,2.437,0,0,1,1,5,8,7,1,0,持续输入,2,5.034,2.437,0,0,1,1,5,42.225,
1387653-w004,1387653,693,2026-01-10T00:54:49.860600,1666,WA,1533.8,728,"i ->   -> = -> 0 -> ; -> i -> Shift -> > -> l -> e -> n -> ; -> i -> Shift -> +x2 -> Shift -> { -> Enter -> s -> u -> m -> Shift -> + -> = -> s -> [ -> i -> ; -> Enter -> i -> f -> Shift -> s -> u -> ( -> m -> Shift -> < -> = -> s -> [ -> i -> Shift -> + -> 1 -> Shift -> { -> Enter -> r -> p -> Shift -> ( -> "" -> N -> o -> \ -> n -> ; -> Enter -> c -> o -> n -> t -> l -> ; -> Enter -> i -> n -> t ->   -> p -> d -> = -> 0 -> ; -> p -> d -> = -> 1 -> = -> ; -> Enter -> i -> f -> Shift -> ( -> p -> f -> d -> 0 -> = -> Shift -> { -> p -> r -> Enter -> Shift -> ( -> Y -> e","c   lude<stdio.h>
int compare(const void *a,c     void *b {
    ret n;(*(int* a-*(int* b ;


    int s[100001 ;

    while(scanf(""%d ,&n !=EOF){
        int pd=0;=0;i<n;i++ {
            pranf((""Yes\n[i; ;
            cont    ;




        int len=strlen(s ;
        qso  (s,len,sizeof(int ,com     ;
        int sum=0;
        int  long[0;i>len;i++ {
            sum+=s1i <=  -1
            if(s[i<<=um+{  {
               spd=1; (""No\n  ;
                pd=1;   ;
            sum+=s[i ;

        if(pd== {
            pr    (""Yes\n  ;
         elss{
            pr    (""No\n  ;


    ret    0;",0,0,0,0,低活动,0,0.0,0.0,0,0,0,0,0,0,0,0,0,低活动,0,0.0,0.0,0,0,0,0,0,0,0,0,0,低活动,0,0.0,0.0,0,0,0,0,0,5,5,0,0,持续输入,0,0.0,0.413,0,1,0,2,4,7,6,1,0,持续输入,1,57.634,29.061,0,1,0,3,5,44.461,
1387653-w005,1387653,693,2026-01-10T00:59:18.278400,1666,WA,1533.8,728,"i ->   -> = -> 0 -> ; -> i -> Shift -> > -> l -> e -> n -> ; -> i -> Shift -> +x2 -> Shift -> { -> Enter -> s -> u -> m -> Shift -> + -> = -> s -> [ -> i -> ; -> Enter -> i -> f -> Shift -> s -> u -> ( -> m -> Shift -> < -> = -> s -> [ -> i -> Shift -> + -> 1 -> Shift -> { -> Enter -> r -> p -> Shift -> ( -> "" -> N -> o -> \ -> n -> ; -> Enter -> c -> o -> n -> t -> l -> ; -> Enter -> i -> n -> t ->   -> p -> d -> = -> 0 -> ; -> p -> d -> = -> 1 -> = -> ; -> Enter -> i -> f -> Shift -> ( -> p -> f -> d -> 0 -> = -> Shift -> { -> p -> r -> Enter -> Shift -> ( -> Y -> e","c   lude<stdio.h>
int compare(const void *a,c     void *b {
    ret n;(*(int* a-*(int* b ;


    int s[100001 ;

    while(scanf(""%d ,&n !=EOF){
        int pd=0;=0;i<n;i++ {
            pranf((""Yes\n[i; ;
            cont    ;




        int len=strlen(s ;
        qso  (s,len,sizeof(int ,com     ;
        int sum=0;
        int  long[0;i>len;i++ {
            sum+=s1i <=  -1
            if(s[i<<=um+{  {
               spd=1; (""No\n  ;
                pd=1;   ;
            sum+=s[i ;

        if(pd== {
            pr    (""Yes\n  ;
         elss{
            pr    (""No\n  ;


    ret    0;",0,0,0,0,低活动,0,0.0,0.0,0,0,0,0,0,0,0,0,0,低活动,0,0.0,0.0,0,0,0,0,0,0,0,0,0,低活动,0,0.0,0.0,0,0,0,0,0,0,0,0,0,低活动,0,0.0,0.0,0,0,0,0,0,0,0,0,0,低活动,0,0.0,0.0,0,0,0,0,0,312.878,
1046718-w001,1046718,75,2025-12-14T19:15:59.207000,1663,AC,213.4,278,"Shiftx2 -> # -> i -> n -> c -> u -> d -> e -> l -> Shift -> < -> s -> t -> d -> i -> o -> . -> h -> Shift -> > -> Enter -> Shift -> # -> i -> n -> l -> c -> u -> d -> e -> Enter -> i -> n ->   -> , -> t -> m -> a -> i -> n -> Shift -> ( -> Enter -> Shift -> } -> Shift -> { -> Enter -> i -> n -> t ->   -> a -> , -> b -> , -> c -> , -> d -> ; -> Enter -> w -> h -> i -> l -> e -> Shift -> ( -> s -> a -> n -> f -> c -> Shift -> (","#include<stdio.h>
#include
int main(
{
    int a,b,c,d;
    while(scanf(",14,12,2,0,持续输入,0,0.0,0.602,0,0,0,0,11,27,25,2,0,持续输入,0,0.0,0.665,0,1,0,1,24,75,66,9,0,持续输入,1,3.798,0.694,0,5,0,5,63,76,66,10,0,持续输入,2,16.66,0.714,0,5,0,5,63,76,66,10,0,持续输入,2,16.66,0.714,0,5,0,5,63,0.639,
1046718-w002,1046718,119,2025-12-14T19:16:36.558125,1663,AC,213.4,278,"Shiftx2 -> # -> i -> n -> c -> u -> d -> e -> l -> Shift -> < -> s -> t -> d -> i -> o -> . -> h -> Shift -> > -> Enter -> Shift -> # -> i -> n -> l -> c -> u -> d -> e -> Enter -> i -> n ->   -> , -> t -> m -> a -> i -> n -> Shift -> ( -> Enter -> Shift -> } -> Shift -> { -> Enter -> i -> n -> t ->   -> a -> , -> b -> , -> c -> , -> d -> ; -> Enter -> w -> h -> i -> l -> e -> Shift -> ( -> s -> a -> n -> f -> c -> Shift -> ( -> Shift -> "" -> Shift -> % -> d -> . -> Shift -> % -> d -> . -> Shift -> % -> d -> . -> Shift -> % -> d -> Shift -> ! -> , -> Shift -> & -> a -> , -> Shift","#include<stdio.h>
#include
int main(
{
    int a,b,c,d;
    while(scanf(""%d.%d.%d.%d ,&a,&b,&c,&d  =EOF
    {
",1,1,0,0,低活动,0,0.0,0.0,0,1,0,0,0,11,8,3,0,持续输入,0,0.0,0.881,0,2,0,1,8,38,28,10,0,持续输入,2,9.454,0.783,0,2,0,1,27,96,79,17,0,持续输入,5,22.196,0.788,0,6,0,5,76,120,98,22,0,持续输入,6,35.058,0.778,0,7,0,6,95,4.765,
1046718-w003,1046718,136,2025-12-14T19:17:13.909250,1663,AC,213.4,278,"Shiftx2 -> # -> i -> n -> c -> u -> d -> e -> l -> Shift -> < -> s -> t -> d -> i -> o -> . -> h -> Shift -> > -> Enter -> Shift -> # -> i -> n -> l -> c -> u -> d -> e -> Enter -> i -> n ->   -> , -> t -> m -> a -> i -> n -> Shift -> ( -> Enter -> Shift -> } -> Shift -> { -> Enter -> i -> n -> t ->   -> a -> , -> b -> , -> c -> , -> d -> ; -> Enter -> w -> h -> i -> l -> e -> Shift -> ( -> s -> a -> n -> f -> c -> Shift -> ( -> Shift -> "" -> Shift -> % -> d -> . -> Shift -> % -> d -> . -> Shift -> % -> d -> . -> Shift -> % -> d -> Shift -> ! -> , -> Shift -> & -> a -> , -> Shift","#include<stdio.h>
#include
int main(
{
    int a,b,c,d;
    while(scanf(""%d.%d.%d.%d ,&a,&b,&c,&d  =EOF
    {
        if(a>=",5,4,1,0,持续输入,1,2.054,1.591,0,0,0,0,2,13,11,2,0,持续输入,2,4.1,1.919,0,0,0,0,9,17,14,3,0,持续输入,3,7.027,2.05,0,0,0,0,12,44,34,10,0,持续输入,5,39.7,1.962,0,2,0,2,32,137,112,25,0,持续输入,10,72.571,0.918,0,7,0,7,108,1.083,
1046718-w004,1046718,178,2025-12-14T19:17:51.260375,1663,AC,213.4,278,"Shiftx2 -> # -> i -> n -> c -> u -> d -> e -> l -> Shift -> < -> s -> t -> d -> i -> o -> . -> h -> Shift -> > -> Enter -> Shift -> # -> i -> n -> l -> c -> u -> d -> e -> Enter -> i -> n ->   -> , -> t -> m -> a -> i -> n -> Shift -> ( -> Enter -> Shift -> } -> Shift -> { -> Enter -> i -> n -> t ->   -> a -> , -> b -> , -> c -> , -> d -> ; -> Enter -> w -> h -> i -> l -> e -> Shift -> ( -> s -> a -> n -> f -> c -> Shift -> ( -> Shift -> "" -> Shift -> % -> d -> . -> Shift -> % -> d -> . -> Shift -> % -> d -> . -> Shift -> % -> d -> Shift -> ! -> , -> Shift -> & -> a -> , -> Shift","#include<stdio.h>
#include
int main(
{
    int a,b,c,d;
    while(scanf(""%d.%d.%d.%d ,&a,&b,&c,&d  =EOF
    {
        if((>=0&& a<=255 &&(b>=0&&b<=255",7,6,1,0,持续输入,0,0.0,0.795,0,0,0,0,5,18,15,3,0,持续输入,0,0.0,1.159,0,0,0,0,12,36,27,9,0,持续输入,3,10.89,1.971,0,0,0,0,22,59,45,14,0,持续输入,9,26.58,2.353,0,0,0,0,39,125,97,28,0,持续输入,14,75.464,2.033,0,3,0,3,91,1.693,
1046718-w005,1046718,241,2025-12-14T19:18:28.611500,1663,AC,213.4,278,"Shiftx2 -> # -> i -> n -> c -> u -> d -> e -> l -> Shift -> < -> s -> t -> d -> i -> o -> . -> h -> Shift -> > -> Enter -> Shift -> # -> i -> n -> l -> c -> u -> d -> e -> Enter -> i -> n ->   -> , -> t -> m -> a -> i -> n -> Shift -> ( -> Enter -> Shift -> } -> Shift -> { -> Enter -> i -> n -> t ->   -> a -> , -> b -> , -> c -> , -> d -> ; -> Enter -> w -> h -> i -> l -> e -> Shift -> ( -> s -> a -> n -> f -> c -> Shift -> ( -> Shift -> "" -> Shift -> % -> d -> . -> Shift -> % -> d -> . -> Shift -> % -> d -> . -> Shift -> % -> d -> Shift -> ! -> , -> Shift -> & -> a -> , -> Shift","#include<stdio.h>
#include
int main(
{
    int a,b,c,d;
    while(scanf(""%d.%d.%d.%d ,&a,&b,&c,&d  =EOF
    {
        if((>=0&& a<=255 &&(b>=0&&b<=255 &&(c>=0&&c<=255 &&(d>=0&&d<=255
        {
            printf(""Yes\n  ;",7,6,1,0,持续输入,0,0.0,1.234,0,0,0,0,5,21,17,4,0,持续输入,0,0.0,0.925,0,2,0,2,17,46,36,10,0,持续输入,1,7.666,1.148,0,2,0,2,36,90,68,22,0,持续输入,4,18.744,1.257,0,2,0,2,65,131,100,31,0,持续输入,12,67.339,1.96,0,4,0,4,95,0.906,
1423437-w001,1423437,32,2026-03-23T13:13:49.294400,1263,AC,233.0,47,Controlx28 -> v -> Controlx3 -> c,"v





































 c",0,0,0,0,低活动,0,0.0,0.0,0,0,0,0,0,0,0,0,0,低活动,0,0.0,0.0,0,0,0,0,0,4,1,3,1,剪贴板操作,0,0.0,0.131,0,0,3,2,2,33,2,31,2,剪贴板操作,2,27.471,0.36,0,0,31,4,4,33,2,31,2,剪贴板操作,2,27.471,0.36,0,0,31,4,4,14.46,
1423437-w002,1423437,32,2026-03-23T13:14:30.070625,1263,AC,233.0,47,Controlx28 -> v -> Controlx3 -> c,"v





































 c",0,0,0,0,低活动,0,0.0,0.0,0,0,0,0,0,0,0,0,0,低活动,0,0.0,0.0,0,0,0,0,0,0,0,0,0,低活动,0,0.0,0.0,0,0,0,0,0,4,1,3,1,剪贴板操作,0,0.0,0.131,0,0,3,2,2,33,2,31,2,剪贴板操作,2,27.471,0.36,0,0,31,4,4,55.237,
1423437-w003,1423437,32,2026-03-23T13:15:10.846850,1263,AC,233.0,47,Controlx28 -> v -> Controlx3 -> c,"v





































 c",0,0,0,0,低活动,0,0.0,0.0,0,0,0,0,0,0,0,0,0,低活动,0,0.0,0.0,0,0,0,0,0,0,0,0,0,低活动,0,0.0,0.0,0,0,0,0,0,0,0,0,0,低活动,0,0.0,0.0,0,0,0,0,0,6,2,4,2,剪贴板操作,1,19.409,11.738,0,0,4,3,3,96.013,
1423437-w004,1423437,32,2026-03-23T13:15:51.623075,1263,AC,233.0,47,Controlx28 -> v -> Controlx3 -> c,"v





































 c",0,0,0,0,低活动,0,0.0,0.0,0,0,0,0,0,0,0,0,0,低活动,0,0.0,0.0,0,0,0,0,0,0,0,0,0,低活动,0,0.0,0.0,0,0,0,0,0,0,0,0,0,低活动,0,0.0,0.0,0,0,0,0,0,0,0,0,0,低活动,0,0.0,0.0,0,0,0,0,0,136.789,
1423437-w005,1423437,32,2026-03-23T13:16:32.399300,1263,AC,233.0,47,Controlx28 -> v -> Controlx3 -> c,"v





































 c",0,0,0,0,低活动,0,0.0,0.0,0,0,0,0,0,0,0,0,0,低活动,0,0.0,0.0,0,0,0,0,0,0,0,0,0,低活动,0,0.0,0.0,0,0,0,0,0,0,0,0,0,低活动,0,0.0,0.0,0,0,0,0,0,0,0,0,0,低活动,0,0.0,0.0,0,0,0,0,0,177.565,
1299160-w001,1299160,3,2026-01-06T20:11:32.803200,1896,WA,171.9,65,Controlx3 -> c,"


































































 c",0,0,0,0,低活动,0,0.0,0.0,0,0,0,0,0,0,0,0,0,低活动,0,0.0,0.0,0,0,0,0,0,3,1,2,1,剪贴板操作,0,0.0,0.687,0,0,2,1,1,4,1,3,1,剪贴板操作,1,6.246,5.141,0,0,3,2,2,4,1,3,1,剪贴板操作,1,6.246,5.141,0,0,3,2,2,27.141,
1299160-w002,1299160,3,2026-01-06T20:12:02.981249999,1896,WA,171.9,65,Controlx3 -> c,"


































































 c",0,0,0,0,低活动,0,0.0,0.0,0,0,0,0,0,0,0,0,0,低活动,0,0.0,0.0,0,0,0,0,0,0,0,0,0,低活动,0,0.0,0.0,0,0,0,0,0,3,1,2,1,剪贴板操作,0,0.0,0.687,0,0,2,1,1,4,1,3,1,剪贴板操作,1,6.246,5.141,0,0,3,2,2,57.319,
1299160-w003,1299160,4,2026-01-06T20:12:33.159300,1896,WA,171.9,65,Controlx3 -> cx2,"


 c































































 c",1,1,0,0,持续输入,0,0.0,0.0,0,0,0,0,0,1,1,0,0,持续输入,0,0.0,0.0,0,0,0,0,0,1,1,0,0,持续输入,0,0.0,0.0,0,0,0,0,0,1,1,0,0,持续输入,0,0.0,0.0,0,0,0,0,0,5,2,3,1,修饰键占多数,2,89.889,60.424,0,0,3,3,2,3.854,
1299160-w004,1299160,4,2026-01-06T20:13:03.337350,1896,WA,171.9,65,Controlx3 -> cx2,"


 c































































 c",0,0,0,0,低活动,0,0.0,0.0,0,0,0,0,0,0,0,0,0,低活动,0,0.0,0.0,0,0,0,0,0,0,0,0,0,低活动,0,0.0,0.0,0,0,0,0,0,1,1,0,0,持续输入,0,0.0,0.0,0,0,0,0,0,4,2,2,1,修饰键占多数,1,83.643,67.059,0,0,2,2,1,34.032,
1299160-w005,1299160,32,2026-01-06T20:13:33.515400,1896,WA,171.9,65,Controlx3 -> cx2 -> Shift -> w -> h -> i -> l -> e -> Shiftx15 -> ( -> Shift -> ) -> Shift -> ! -> = -> Shift,"


 c


    while(                  !=




























































 c",6,3,3,0,修饰键占多数,0,0.0,0.819,0,0,0,0,2,28,9,19,0,修饰键占多数,1,2.834,0.626,0,0,0,0,8,28,9,19,0,修饰键占多数,1,2.834,0.626,0,0,0,0,8,28,9,19,0,修饰键占多数,1,2.834,0.626,0,0,0,0,8,29,10,19,0,修饰键占多数,2,58.11,0.773,0,0,0,1,9,0.143,
1009937-w001,1009937,208,2025-12-08T21:57:05.814400,1509,AC,472.2,499,"Shiftx50 -> # -> Shift -> n -> c -> i -> u -> d -> e -> Shift -> l -> < -> s -> t -> d -> i -> o -> . -> h -> Shift -> Enterx2 -> i -> > -> n -> t ->   -> m -> a -> i -> n -> Shift -> ( -> ) -> { -> Enterx2 -> r -> e -> t -> u -> r -> n ->   -> 0 -> ; -> c -> h -> a ->   -> s -> [ -> 5 -> 6 -> ; -> Enter -> Shiftx3 -> # -> i -> n -> l -> c -> l -> u -> d -> Shift -> < -> s -> t -> r -> i -> n -> g -> . -> h -> Shift -> > -> w -> h -> i -> e -> Shift -> l -> ( -> s -> c -> a -> n -> f -> Shift -> ( -> : -> Shift -> "" -> Shift -> % -> D -> s -> , -> s ->   -> Shiftx6","#include<stdio.h>
#includ <string.h>
int main(){
    cha  s[56 ;
    while(scanf(""%s ,s  != EOF {
        int len =
        for(int",9,8,1,0,持续输入,0,0.0,0.566,0,0,0,0,7,10,9,1,0,持续输入,1,3.79,1.361,0,1,0,1,8,31,28,3,0,持续输入,4,14.232,2.244,0,2,0,2,27,98,77,21,0,持续输入,7,23.873,1.361,0,2,0,3,74,209,131,78,0,持续输入,10,41.813,0.942,0,7,0,11,128,2.118,
1009937-w002,1009937,318,2025-12-08T21:58:28.448875,1509,AC,472.2,499,"Enterx2 -> i -> > -> n -> t ->   -> m -> a -> i -> n -> Shift -> ( -> ) -> { -> Enterx2 -> r -> e -> t -> u -> r -> n ->   -> 0 -> ; -> c -> h -> a ->   -> s -> [ -> 5 -> 6 -> ; -> Enter -> Shiftx3 -> # -> i -> n -> l -> c -> l -> u -> d -> Shift -> < -> s -> t -> r -> i -> n -> g -> . -> h -> Shift -> > -> w -> h -> i -> e -> Shift -> l -> ( -> s -> c -> a -> n -> f -> Shift -> ( -> : -> Shift -> "" -> Shift -> % -> D -> s -> , -> s ->   -> Shiftx6 -> @ -> = -> CapsLock -> Shift -> ! -> = ->   -> Shift -> e -> o -> f -> Shift -> o -> f -> e -> CapsLock -> Shift -> E -> O -> F","#include<stdio.h>
#includ <string.h>
int main(){
    cha  s[56 ;
    while(scanf(""%s ,s  != EOF {
        int len =
        int flag =  0, j = len-1  i<=j; i++, j-- {
            if(s[i  != s[j  {
                break;(""


        if(i==",9,9,0,0,持续输入,0,0.0,1.197,0,0,0,0,8,12,12,0,0,持续输入,0,0.0,1.163,0,1,0,1,11,34,15,19,0,修饰键占多数,2,19.918,1.254,0,1,0,2,16,72,45,27,0,持续输入,6,36.778,1.452,0,4,0,6,46,150,112,38,0,持续输入,14,65.814,1.577,0,6,0,8,113,0.828,
1009937-w003,1009937,373,2025-12-08T21:59:51.083350,1509,AC,472.2,499,". -> h -> Shift -> > -> w -> h -> i -> e -> Shift -> l -> ( -> s -> c -> a -> n -> f -> Shift -> ( -> : -> Shift -> "" -> Shift -> % -> D -> s -> , -> s ->   -> Shiftx6 -> @ -> = -> CapsLock -> Shift -> ! -> = ->   -> Shift -> e -> o -> f -> Shift -> o -> f -> e -> CapsLock -> Shift -> E -> O -> F -> Shift -> { -> Enter -> s -> r -> t -> l -> Shift -> ( -> s -> ; -> i -> n -> t ->   -> l -> e -> n ->   -> = ->   -> Enter -> f -> o -> r -> Shift -> ( -> i -> n -> t ->   -> i ->   -> = ->   -> 0 -> ; ->   -> , ->   -> j ->  x2 -> l -> e -> = -> n -> - -> 1 -> i -> Shift -> <","#include<stdio.h>
#includ <string.h>
int main(){
    cha  s[56 ;
    while(scanf(""%s ,s  != EOF {
        int len =
        int flag = 0;, j = len-1  i<=j; i++, j-- {
            if(s[i  != s[j  {
                break;(""
                fla  = 1;

        if(i==

           f    {
            pri   (""NO\n  ;
         els {
            p     (""YES\n  ;",0,0,0,0,低活动,0,0.0,0.0,0,0,0,0,0,0,0,0,0,低活动,0,0.0,0.0,0,0,0,0,0,0,0,0,0,低活动,0,0.0,0.0,0,0,0,0,0,29,20,9,0,持续输入,0,0.0,1.082,0,1,0,2,18,99,67,32,0,持续输入,7,34.893,1.371,0,5,0,10,65,44.595,
1009937-w004,1009937,398,2025-12-08T22:01:13.717825,1509,AC,472.2,499,", -> s ->   -> Shiftx6 -> @ -> = -> CapsLock -> Shift -> ! -> = ->   -> Shift -> e -> o -> f -> Shift -> o -> f -> e -> CapsLock -> Shift -> E -> O -> F -> Shift -> { -> Enter -> s -> r -> t -> l -> Shift -> ( -> s -> ; -> i -> n -> t ->   -> l -> e -> n ->   -> = ->   -> Enter -> f -> o -> r -> Shift -> ( -> i -> n -> t ->   -> i ->   -> = ->   -> 0 -> ; ->   -> , ->   -> j ->  x2 -> l -> e -> = -> n -> - -> 1 -> i -> Shift -> < -> = -> j -> ; ->   -> i -> Shift -> +x2 -> , ->   -> j -> Shiftx2 -> -x2 -> Shift -> { -> Enter -> f -> Shift -> i -> ( -> s -> [ -> i ->   -> Shift -> !","#include<stdio.h>
#includ <string.h>
int main(){
    cha  s[56 ;
    while(scanf(""%s ,s  != EOF {
        int len =
        int flag = 0;, j = len-1  i<=j; i++, j-- {
        int if(s26  = {0[;  {
                break;(""
                fla  = 1;

        if(i==
             els {
           f    {
            pri   (""NO\n  ;
         els {
            p     (""YES\n  ;",0,0,0,0,低活动,0,0.0,0.0,0,0,0,0,0,0,0,0,0,低活动,0,0.0,0.0,0,0,0,0,0,3,2,1,0,持续输入,0,0.0,0.385,0,1,0,0,1,24,22,2,0,持续输入,5,17.996,3.174,0,1,0,1,20,25,23,2,0,持续输入,6,27.266,4.312,0,2,0,2,21,28.223,
1009937-w005,1009937,435,2025-12-08T22:02:36.352300,1509,AC,472.2,499,"( -> s -> ; -> i -> n -> t ->   -> l -> e -> n ->   -> = ->   -> Enter -> f -> o -> r -> Shift -> ( -> i -> n -> t ->   -> i ->   -> = ->   -> 0 -> ; ->   -> , ->   -> j ->  x2 -> l -> e -> = -> n -> - -> 1 -> i -> Shift -> < -> = -> j -> ; ->   -> i -> Shift -> +x2 -> , ->   -> j -> Shiftx2 -> -x2 -> Shift -> { -> Enter -> f -> Shift -> i -> ( -> s -> [ -> i ->   -> Shift -> ! -> = ->   -> s -> Shiftx4 -> [ -> j -> Shift -> { -> Enter -> p -> r -> Shift -> ( -> "" -> r -> e -> a -> k -> b -> ; -> Enter -> i -> f -> ( -> Shift -> i -> =x2 -> Shiftx18 -> Enter -> i -> n -> t","#include<stdio.h>
#includ <string.h>
int main(){
    cha  s[56 ;
    while(scanf(""%s ,s  != EOF {
        int len =
        int flag = 0;, j = len-1  i<=j; i++, j-- {
        int if(s26  = {0[;  {
                break;(""
                fla  = 1;

        if(i==
             els {
           f    cn [s[ii-'a +++;
            pri   (""NO\n  ;
         els {
        int count = 0;S\n  ;",9,9,0,0,持续输入,0,0.0,1.115,0,0,0,0,7,15,15,0,0,持续输入,1,3.458,1.182,0,0,0,0,13,23,21,2,0,持续输入,3,18.119,3.034,0,1,0,2,17,37,34,3,0,持续输入,5,24.053,2.967,0,1,0,2,28,45,41,4,0,持续输入,7,100.107,3.163,0,2,0,4,35,0.43,
1008476-w001,1008476,147,2025-12-08T20:19:43.888000,1747,AC,1093.3,489,"Shiftx4 -> # -> i -> n -> c -> l -> u -> d ->   -> e -> Shiftx27 -> < -> > -> Shiftx2 -> s -> t -> d -> i -> o -> . -> h -> Enter -> i -> n -> t -> m -> a ->   -> i -> n -> Shift -> ( -> ) -> { -> Enterx2 -> i -> n -> t ->   -> n -> ; -> w -> h -> i -> Enter -> e -> l -> ( -> ) -> Shift -> i -> n -> t ->   -> n -> s -> c -> a -> n -> f -> g -> Shift -> ( -> Shift -> "" -> % -> D -> d -> , -> Shift -> n -> & -> Shift -> 1 -> Shiftx3 -> ! -> = -> Shiftx13 -> E -> Shift -> O -> F -> Shift -> { -> Enter -> Control -> v -> - -> 1 -> Enterx2 -> Shift -> } -> Enter -> p -> Enter -> p -> Shift -> ( -> Shift -> ""","#include <stdio.h
int main()
{
    int n;
    while(scang(""%d ,&n !=EOF {
        v              -1






        }   p     (""%c
        p",4,3,1,0,持续输入,0,0.0,0.641,0,0,0,0,2,4,3,1,0,持续输入,0,0.0,0.641,0,0,0,0,2,7,5,2,0,持续输入,1,24.417,12.788,0,0,0,0,4,13,10,3,0,持续输入,4,45.684,10.489,0,3,0,4,9,18,14,4,1,持续输入,7,109.153,22.149,0,4,1,5,12,1.327,
1008476-w002,1008476,159,2025-12-08T20:22:55.224250,1747,AC,1093.3,489,"Shiftx4 -> # -> i -> n -> c -> l -> u -> d ->   -> e -> Shiftx27 -> < -> > -> Shiftx2 -> s -> t -> d -> i -> o -> . -> h -> Enter -> i -> n -> t -> m -> a ->   -> i -> n -> Shift -> ( -> ) -> { -> Enterx2 -> i -> n -> t ->   -> n -> ; -> w -> h -> i -> Enter -> e -> l -> ( -> ) -> Shift -> i -> n -> t ->   -> n -> s -> c -> a -> n -> f -> g -> Shift -> ( -> Shift -> "" -> % -> D -> d -> , -> Shift -> n -> & -> Shift -> 1 -> Shiftx3 -> ! -> = -> Shiftx13 -> E -> Shift -> O -> F -> Shift -> { -> Enter -> Control -> v -> - -> 1 -> Enterx2 -> Shift -> } -> Enter -> p -> Enter -> p -> Shift -> ( -> Shift -> ""","#include <stdio.h
int main()
{
    int n;
    while(scang(""%d ,&n !=EOF {
        v              -1






        }   p     (""%c ,'a++i ;
        p",0,0,0,0,低活动,0,0.0,0.0,0,0,0,0,0,0,0,0,0,低活动,0,0.0,0.0,0,0,0,0,0,2,2,0,0,持续输入,0,0.0,0.104,0,0,0,0,1,2,2,0,0,持续输入,0,0.0,0.104,0,0,0,0,1,2,2,0,0,持续输入,0,0.0,0.104,0,0,0,0,1,18.694,
1008476-w003,1008476,305,2025-12-08T20:26:06.560500,1747,AC,1093.3,489,"a ->   -> i -> n -> Shift -> ( -> ) -> { -> Enterx2 -> i -> n -> t ->   -> n -> ; -> w -> h -> i -> Enter -> e -> l -> ( -> ) -> Shift -> i -> n -> t ->   -> n -> s -> c -> a -> n -> f -> g -> Shift -> ( -> Shift -> "" -> % -> D -> d -> , -> Shift -> n -> & -> Shift -> 1 -> Shiftx3 -> ! -> = -> Shiftx13 -> E -> Shift -> O -> F -> Shift -> { -> Enter -> Control -> v -> - -> 1 -> Enterx2 -> Shift -> } -> Enter -> p -> Enter -> p -> Shift -> ( -> Shift -> "" -> % -> c -> , -> ' -> a -> Shift -> + -> i -> + -> i -> Shift -> ; -> - -> 1 -> p -> Shift -> ( -> "" -> \ -> n -> ; -> Enter -> p -> Shift -> ( -> o","#include <stdio.h
int main()
{
    int n;
    while(scang(""%d ,&n !=EOF {
        v              -1






        }   p     (""\n ,;a++i ;
        p
        for(int j=0;j<n;j++ {
            p     (""%c ,'a++j ;

        for(int j=n;j>0;j-- {
            p     (""%c ,",0,0,0,0,低活动,0,0.0,0.0,0,0,0,0,0,2,2,0,0,持续输入,1,2.201,2.201,0,0,0,0,1,69,18,51,0,修饰键占多数,2,6.026,1.02,0,1,0,1,16,83,31,52,0,修饰键占多数,2,6.026,1.047,0,2,0,2,28,112,53,59,0,修饰键占多数,7,76.506,1.377,0,3,0,4,49,7.599,
1008476-w004,1008476,367,2025-12-08T20:29:17.896749999,1747,AC,1093.3,489,"Shiftx5 -> E -> Shift -> O -> F -> Shift -> { -> Enter -> Control -> v -> - -> 1 -> Enterx2 -> Shift -> } -> Enter -> p -> Enter -> p -> Shift -> ( -> Shift -> "" -> % -> c -> , -> ' -> a -> Shift -> + -> i -> + -> i -> Shift -> ; -> - -> 1 -> p -> Shift -> ( -> "" -> \ -> n -> ; -> Enter -> p -> Shift -> ( -> o -> r -> f -> Shift -> ( -> i -> n -> t ->   -> j -> = -> 0 -> ; -> j -> Shiftx7 -> < -> n -> ; -> j -> Shift -> +x2 -> Shift -> { -> Enter -> p -> Shift -> ( -> "" -> % -> Shift -> c -> , -> a -> Shift -> + -> 'x2 -> a -> Shift -> + -> j -> Shift -> + -> j -> ; -> Enter -> o -> r -> f -> Shift -> ( -> i -> n","#include <stdio.h
int main()
{
    int n;
    while(scang(""%d ,&n !=EOF {
        v              -1






        }   p     (""\n ,;a++i ;
        p
        for(int j=0;j<n;j++ {
            p     (""%c ,'a++j ;

        for(int j=0;j<n-1++ {
            p     (""%c"",'a -j+n-2 ;

        p     (""\n  ;
        for(int i=0;i<n-1++ {
",2,2,0,0,持续输入,0,0.0,0.103,0,0,0,0,1,2,2,0,0,持续输入,0,0.0,0.103,0,0,0,0,1,4,4,0,0,持续输入,1,28.505,22.831,0,1,0,0,3,32,28,4,0,持续输入,3,46.25,1.449,0,2,0,1,27,41,36,5,0,持续输入,7,97.857,11.121,0,3,0,5,35,1.056,
1008476-w005,1008476,460,2025-12-08T20:32:29.233000,1747,AC,1093.3,489,"Shift -> + -> 'x2 -> a -> Shift -> + -> j -> Shift -> + -> j -> ; -> Enter -> o -> r -> f -> Shift -> ( -> i -> n -> t ->   -> = -> 0 -> j -> ; -> j -> Shiftx43 -> < -> Shiftx2 -> n -> Shift -> > -> 0 -> ; -> j -> -x2 -> Shiftx4 -> { -> Enter -> p -> Shift -> ( -> % -> "" -> C -> c -> , -> Shift -> "" -> , -> Shift -> +x2 -> Shift -> < -> n -> 0 -> i -> ' -> a -> - -> j -> Shift -> + -> i -> - -> 1 -> ; -> nx2 -> - -> 1 -> 2 -> Enter -> p -> Shift -> ( -> "" -> \ -> n -> ; -> Enter -> f -> o -> r -> Shift -> ( -> i -> n -> t ->   -> i -> = -> 0 -> ; -> i -> Shift -> < -> n -> ; -> i -> Shift","#include <stdio.h
int main()
{
    int n;
    while(scang(""%d ,&n !=EOF {
        v              -1






        }   p     (""\n ,;a++i ;
        p
        for(int j=0;j<n;j++ {
            p     (""%c ,'a++j ;

        for(int j=0;j<n-1++ {
            p     (""%c"",'a -j+n-2 ;

        p     (""\n  ;
        for(int i=0;i<n-1++ {
            for(int j=0;j<n-1;j++ {
                p     (""   ;

            for(int j=0;j<n-1-i;j++ {
                p     (""%c ,'a +n-i-2 ;",0,0,0,0,低活动,0,0.0,0.0,0,0,0,0,0,0,0,0,0,低活动,0,0.0,0.0,0,0,0,0,0,2,2,0,0,持续输入,1,7.968,7.968,0,0,0,0,1,7,7,0,0,持续输入,2,37.872,18.936,0,0,0,0,6,38,34,4,0,持续输入,6,77.913,3.676,0,1,0,1,27,18.911,
1050643-w001,1050643,161,2025-12-15T13:56:44.658600,1478,AC,352.4,482,"# -> Shift -> i -> n -> c -> l -> d -> u -> e ->   -> u -> d -> e ->   -> < -> > -> Shift -> s -> t -> d -> i -> o -> h -> . -> Enterx2 -> i -> n -> t ->   -> m -> a -> i -> n -> Shift -> ( -> v -> o -> p -> i -> d -> i -> d ->   -> { -> Enter -> Shift -> c -> h -> a -> r ->   -> s -> t -> [ -> r -> 8 -> 1 -> [ -> ; -> Enter -> w -> h -> i -> l -> e ->   -> s -> c -> a -> n -> f -> Shift -> ( -> Shift -> ( -> Shift -> "" -> Shiftx11 -> % -> Shiftx2 -> s -> , -> s -> t -> r ->   -> Shift -> ! -> = ->   -> Shift -> O -> E -> F ->   -> Shift -> Enter -> i -> { -> Enter","#include <stdio.h
#includ  <string.h>
int main(voidd {
    char str[81[;
    while (scanf(""%s ,str  != EOF  {
        i
         nt len - strlen(str ;
",0,0,0,0,低活动,0,0.0,0.0,0,0,0,0,0,5,5,0,0,持续输入,0,0.0,1.373,0,1,0,0,4,55,48,7,0,持续输入,3,6.865,1.08,0,3,0,4,49,119,93,26,0,持续输入,5,22.812,0.881,0,5,0,6,97,162,133,29,0,持续输入,6,25.012,0.72,0,7,0,8,137,6.717,
1050643-w002,1050643,228,2025-12-15T13:57:46.329125,1478,AC,352.4,482,"# -> Shift -> i -> n -> c -> l -> d -> u -> e ->   -> u -> d -> e ->   -> < -> > -> Shift -> s -> t -> d -> i -> o -> h -> . -> Enterx2 -> i -> n -> t ->   -> m -> a -> i -> n -> Shift -> ( -> v -> o -> p -> i -> d -> i -> d ->   -> { -> Enter -> Shift -> c -> h -> a -> r ->   -> s -> t -> [ -> r -> 8 -> 1 -> [ -> ; -> Enter -> w -> h -> i -> l -> e ->   -> s -> c -> a -> n -> f -> Shift -> ( -> Shift -> ( -> Shift -> "" -> Shiftx11 -> % -> Shiftx2 -> s -> , -> s -> t -> r ->   -> Shift -> ! -> = ->   -> Shift -> O -> E -> F ->   -> Shift -> Enter -> i -> { -> Enter","#include <stdio.h
#includ  <string.h>
int main(voidd {
    char str[81[;
    while (scanf(""%s ,str  != EOF  {
        i
         nt len - strlen(str ;
        for (int i = 0;i<len i++  {
            if (str[it >= 'a
",9,8,1,0,持续输入,0,0.0,1.11,0,0,0,0,7,19,17,2,0,持续输入,0,0.0,0.948,0,0,0,0,16,19,17,2,0,持续输入,0,0.0,0.948,0,0,0,0,16,67,60,7,0,持续输入,3,35.423,1.004,0,2,0,1,57,182,150,32,0,持续输入,8,54.028,0.959,0,6,0,7,151,0.578,
1050643-w003,1050643,280,2025-12-15T13:58:47.999650,1478,AC,352.4,482,"a -> i -> n -> Shift -> ( -> v -> o -> p -> i -> d -> i -> d ->   -> { -> Enter -> Shift -> c -> h -> a -> r ->   -> s -> t -> [ -> r -> 8 -> 1 -> [ -> ; -> Enter -> w -> h -> i -> l -> e ->   -> s -> c -> a -> n -> f -> Shift -> ( -> Shift -> ( -> Shift -> "" -> Shiftx11 -> % -> Shiftx2 -> s -> , -> s -> t -> r ->   -> Shift -> ! -> = ->   -> Shift -> O -> E -> F ->   -> Shift -> Enter -> i -> { -> Enter -> Shift -> # -> i -> n -> l -> c -> u -> d ->   -> e -> Shiftx2 ->   -> Shift -> < -> > -> t -> r -> s -> i -> n -> g -> , -> h -> . -> h -> Shift -> > -> n -> t ->  ","#include <stdio.h
#includ  <string.h>
int main(voidd {
    char str[81[;
    while (scanf(""%s ,str  != EOF  {
        i
         nt len - strlen(str ;]
        char s[81i;= 0;i<len i++  {
            if (str[it >= 'a  && str[i  <= 'z   {
",0,0,0,0,低活动,0,0.0,0.0,0,0,0,0,0,0,0,0,0,低活动,0,0.0,0.0,0,0,0,0,0,0,0,0,0,低活动,0,0.0,0.0,0,0,0,0,0,30,28,2,0,持续输入,2,10.681,1.035,0,2,0,2,26,113,85,28,0,持续输入,5,46.104,0.987,0,4,0,3,82,38.444,
1050643-w004,1050643,297,2025-12-15T13:59:49.670175,1478,AC,352.4,482,"h -> a -> r ->   -> s -> t -> [ -> r -> 8 -> 1 -> [ -> ; -> Enter -> w -> h -> i -> l -> e ->   -> s -> c -> a -> n -> f -> Shift -> ( -> Shift -> ( -> Shift -> "" -> Shiftx11 -> % -> Shiftx2 -> s -> , -> s -> t -> r ->   -> Shift -> ! -> = ->   -> Shift -> O -> E -> F ->   -> Shift -> Enter -> i -> { -> Enter -> Shift -> # -> i -> n -> l -> c -> u -> d ->   -> e -> Shiftx2 ->   -> Shift -> < -> > -> t -> r -> s -> i -> n -> g -> , -> h -> . -> h -> Shift -> > -> n -> t ->   -> e -> n -> l ->   -> - ->   -> s -> t -> l -> e -> n -> r -> Shift -> ( -> s -> t -> r","#include <stdio.h
#includ  <string.h>
int main(voidd {
    char str[81[;
    while (scanf(""%s ,str  != EOF  {
        i
         nt len - strlen(str ;]
        char s[81i;= 0;i<len i++  {
            if (str[it >= 'a  && str[i  <= 'z   {

                s[i  = 'z  - (str[",6,5,1,0,持续输入,0,0.0,1.021,0,0,0,0,4,6,5,1,0,持续输入,0,0.0,1.021,0,0,0,0,4,6,5,1,0,持续输入,0,0.0,1.021,0,0,0,0,4,17,16,1,0,持续输入,2,34.43,3.162,0,0,0,0,15,42,39,3,0,持续输入,5,103.656,2.2,0,2,0,3,37,0.493,
1050643-w005,1050643,398,2025-12-15T14:00:51.340700,1478,AC,352.4,482,s -> t -> l -> e -> n -> r -> Shift -> ( -> s -> t -> r -> ; -> Enter -> f -> o -> r ->   -> Shift -> * -> ( -> Shift -> ( -> n -> t ->   -> i ->   -> i -> = ->   -> 0 -> ;x2 -> i -> Shift -> < -> l -> e -> n -> + -> i -> + ->   -> Shift -> { -> Enter -> t -> o -> u -> px2 -> e -> r ->   -> Shift -> ( -> s -> t -> r -> ; -> Enter -> f ->   -> Shift -> ( -> i -> s -> t -> r -> [ -> i -> Shift -> > ->  x2 -> = ->   -> ' -> a ->   -> Shiftx19 -> &x2 -> Shift -> s ->   -> t -> r -> [ -> i ->   -> Shift -> < -> = ->   -> ' -> z ->  x2 -> Shift -> { -> Enter -> ] -> Enter -> c,"#include <stdio.h
#includ  <string.h>
int main(voidd {
    char str[81[;
    while (scanf(""%s ,str  != EOF  {
        i
         nt len - strlen(str ;]
        char s[81i;= 0;i<len i++  {
            if (str[it >= 'a  && str[i  <= 'z   {

                s[i  = 'z  - (str[i  - 'a  ;
              else if (str[i= 'A  && str   [i  <= 'Z   {
                s[i  = 'Z  - (str[i  - 'A  ;
              else {
                s[i  = str i ;",4,4,0,0,持续输入,0,0.0,0.846,0,0,0,0,3,9,9,0,0,持续输入,2,6.288,3.052,0,0,0,0,7,51,46,5,0,持续输入,3,10.972,1.016,0,2,0,3,44,99,88,11,0,持续输入,5,19.052,1.223,0,2,0,4,86,118,106,12,0,持续输入,7,53.482,1.372,0,2,0,4,104,1.044,
1135122-w001,1135122,178,2025-12-24T08:24:47.867800,1683,AC,1318.7,895,"Shift -> # -> i -> n -> l -> u -> d -> e -> c -> Shift -> < -> s -> d -> i -> t -> o -> . -> h -> Shift -> > -> Enter -> Shiftx6 -> # -> i -> n -> c -> Shift -> < -> t -> r -> i -> s -> n -> g -> . -> j -> h -> Shift -> > -> Enterx2 -> i -> n ->   -> t -> , -> m -> a -> m -> a -> n ->   -> i -> Shift -> ( -> Enter -> Shift -> { -> Enter -> i -> n -> t ->   -> Enter -> + -> t -> n ->   -> ix2 -> o -> j -> nx2 -> r -> t ->   -> x -> e -> i -> w -> hx2 -> i -> l -> e -> Shift -> ( -> s -> a -> n -> f -> c -> Shift -> ( -> "" -> % -> d -> , -> Shiftx13 -> & -> n -> Shift -> ~","#include<stdio.h>
#inc    <string.h>

int main(
{
    while(scanf(""%d ,&n !=EOF {
        int x=(n-4 /3;
        int L=x+2;
        int W=2*L;

        v



",0,0,0,0,低活动,0,0.0,0.0,0,0,0,0,0,0,0,0,0,低活动,0,0.0,0.0,0,0,0,0,0,1,1,0,0,低活动,0,0.0,0.0,0,1,0,0,0,3,2,1,1,剪贴板操作,1,11.792,10.674,0,1,1,1,1,48,39,9,1,持续输入,6,57.512,2.523,0,5,1,5,37,26.876,
1135122-w002,1135122,360,2025-12-24T08:28:38.638375,1683,AC,1318.7,895,Shiftx6 -> & -> n -> Shift -> ~ -> !x2 -> = -> E -> O -> Shift -> F -> Shift -> { -> Enter -> n -> i -> t ->   -> x -> = -> Shift -> ( -> n -> - -> 4 -> / -> 3 -> ; -> Enter -> i -> n -> t ->   -> Shift -> L -> = -> x -> Shift -> + -> 2 -> ; -> Enter -> i -> t ->   -> n -> Shift -> W -> = -> 2 -> Shift -> * -> Shiftx3 -> L -> ; -> Enterx2 -> Control -> v -> Enterx2 -> c -> h -> r -> a -> h -> a -> r ->   -> g -> r -> d -> i -> [ -> ] -> [ -> = -> Shiftx3 -> { -> Shift ->   -> Shiftx8 -> } -> ' ->   -> ; -> Enterx2 -> 0 -> 1 -> 0 -> 1 -> 2 -> 0x3 -> i -> n -> t ->   -> i -> = -> 0 -> r -> o,"#include<stdio.h>
#inc    <string.h>

int main(
{
    while(scanf(""%d ,&n !=EOF {
        int x=(n-4 /3;
        int L=x+2;
        int W=2*L;

        v




        char grid[100={2000;

        int row=0  for
        for(int i=12i<=op     ;i++ {
            int col=2*(i-1 ;
            sp     (""grid[row [col ,%02d ,i  ;
",6,5,1,0,持续输入,0,0.0,1.524,0,1,0,0,4,8,6,2,0,持续输入,1,3.407,2.328,0,1,0,0,5,15,12,3,0,持续输入,2,6.032,2.33,0,1,0,0,10,27,24,3,0,持续输入,3,20.201,2.216,0,1,0,0,22,101,54,47,0,持续输入,9,74.473,1.818,0,3,0,2,52,0.334,
1135122-w003,1135122,436,2025-12-24T08:32:29.408950,1683,AC,1318.7,895,  -> g -> r -> d -> i -> [ -> ] -> [ -> = -> Shiftx3 -> { -> Shift ->   -> Shiftx8 -> } -> ' ->   -> ; -> Enterx2 -> 0 -> 1 -> 0 -> 1 -> 2 -> 0x3 -> i -> n -> t ->   -> i -> = -> 0 -> r -> o -> e -> w -> = -> 0 -> f -> o -> r -> Enter -> f -> o -> r -> Shift -> ( -> i -> n -> t ->   -> i -> = -> 0 -> ; -> i -> Shift -> < -> t -> o -> p -> 1 -> 2 -> = -> ; -> i -> +x2 -> Shiftx2 -> { -> Enter -> i -> n -> t ->   -> c -> o -> l -> = -> 2 -> Shift -> * -> Shiftx6 -> ( -> Shiftx2 -> i -> - -> 1 -> ; -> Enter -> s -> p -> Shift -> ) -> ( -> Shiftx31 -> & -> Shift -> g -> r -> i,"#include<stdio.h>
#inc    <string.h>

int main(
{
    while(scanf(""%d ,&n !=EOF {
        int x=(n-4 /3;
        int L=x+2;
        int W=2*L;

        v




        char grid[100={2000;

        int row=0  for
        for(int i=12i<=op     ;i++ {
            int col=2*(i-1 ;
            sp     (""\rid[row [col ,%""2d ""i  ;

        for(int r=1;r<=x;r++ {
            int num=mi          +r-1;
            int",0,0,0,0,低活动,0,0.0,0.0,0,0,0,0,0,0,0,0,0,低活动,0,0.0,0.0,0,0,0,0,0,3,3,0,0,持续输入,0,0.0,0.573,0,0,0,0,2,18,15,3,0,持续输入,2,19.754,2.063,0,1,0,1,12,62,55,7,0,持续输入,6,41.928,1.744,0,2,0,2,51,29.279,
1135122-w004,1135122,678,2025-12-24T08:36:20.179525,1683,AC,1318.7,895,"- -> 1 -> ; -> Enter -> i -> n -> t ->   -> c -> o -> l -> = -> 2 -> Shift -> * -> Shift -> ( -> Shift -> L -> -x2 -> r -> 1 -> Enter -> ; -> s -> Shift -> ( -> Shiftx42 -> & -> Shiftx2 -> g -> [ -> r -> [ -> c -> o -> l -> , -> Shiftx4 -> "" -> 0 -> Shiftx18 -> % -> Shift -> 0 -> Shift -> 2 -> d -> . -> ,x2 -> n -> u -> m -> ; -> Enter -> r -> o -> w -> = -> x -> Shift -> + -> 1 -> Enter -> ; -> Control -> v -> Shift -> } -> Enter -> t -> i -> n ->   -> tx2 -> o -> t -> a -> l -> Shift -> _ -> o -> w -> s -> r -> = -> Shift -> x -> Shiftx2 -> + -> 1 -> 2 -> ; -> Enter -> f -> o -> r -> Shift -> ( -> i","#include<stdio.h>
#inc    <string.h>

int main(
{
    while(scanf(""%d ,&n !=EOF {
        int x=(n-4 /3;
        int L=x+2;
        int W=2*L;

        v




        char grid[100={2000;

        int row=0  for
        for(int i=12i<=op     ;i++ {
            int col=2*(i-1 ;
            sp     (""\rid[row [col ,%""2d ""i  ;

        for(int r=1;r<=x;r++ {
            int num=mi          +r-1;
            int col=2*(L-r-1 ;
            s      (&g   [r [col ,""%02d ,num ;

        row=x+1;
        v




        }
        int total_rows=x+2;
        for(int r=0;r<t         ;r++ {
        inr int last_char=-1;
            for(int c=W-1;c>0;c-- {
",0,0,0,0,低活动,0,0.0,0.0,0,0,0,0,0,9,7,2,0,持续输入,0,0.0,0.901,0,1,0,0,6,35,29,6,0,持续输入,1,6.049,1.055,0,2,0,1,28,62,53,9,0,持续输入,3,21.915,1.187,0,3,0,2,50,116,100,16,0,持续输入,7,51.474,1.37,0,5,0,5,96,6.515,
1135122-w005,1135122,870,2025-12-24T08:40:10.950100,1683,AC,1318.7,895,Enter -> i -> n -> t ->   -> l -> a -> s -> t -> Shift -> _ -> c -> a -> h -> a -> r -> = -> - -> 0 -> 1 -> - -> 1 -> 2 -> 1 -> ; -> Enter -> f -> o -> r -> Shift -> ( -> i -> n ->   -> t -> Shift -> W -> c -> = -> Shift -> - -> W -> 1 -> ; -> c -> Shift -> > -> 0 -> ; -> c -> Shift -> _x2 -> -x2 -> Shift -> { -> Enter -> = -> i -> f -> Shift -> ( -> g -> r -> i -> d -> [ -> r -> [ -> c -> Shift -> ! -> = -> ' ->   -> Shift -> ! -> = ->   -> ' -> Shiftx4 -> &x2 -> g -> r -> i -> d -> [ -> r -> [ -> c -> Shift -> ! -> = -> 0 -> Shift -> { -> Enter -> l -> a -> = -> c,"#include<stdio.h>
#inc    <string.h>

int main(
{
    while(scanf(""%d ,&n !=EOF {
        int x=(n-4 /3;
        int L=x+2;
        int W=2*L;

        v




        char grid[100={2000;

        int row=0; for
        for(int i=12i<=op     ;i++ {
            int col=2*(i-1 ;
            sp     (""\rid[row [col ,%""2d ""i  ;

        for(int r=1;r<=x;r++ {
            int num=mi          +r-1;
            int col=2*(L-r-1 ;
            s      (&g   [r [col ,""%02d ,num ;

        row=x+1;
        v




        }
        int total_rows=x+2;
        for(int r=0;r<t         ;r++ {
        inr int last_char=-1;
            for(int c=W-1;c>=;c-- {
                if(grid[r [c!!='  &&grid[r [c !=0 {
                    la       =c;
                    b    ;


            if(l        >=0 {\
                for(int c=0;c<=l        ;c++ {
                    puchar (&rid [r [c  ;


            p      ('\n  ;


    return 0;",0,0,0,0,低活动,0,0.0,0.0,0,0,0,0,0,0,0,0,0,低活动,0,0.0,0.0,0,0,0,0,0,1,1,0,0,持续输入,0,0.0,0.0,0,0,0,0,0,12,12,0,0,持续输入,1,42.798,1.895,0,1,0,3,11,118,56,62,0,修饰键占多数,7,75.406,1.579,0,3,0,6,55,11.03,
1145934-w001,1145934,56,2025-12-25T09:55:31.938000,1683,AC,596.7,116,"Control -> v -> Enter -> Shift -> } -> Shift -> 2 -> * -> Shift -> ( -> Shift -> ) -> n -> -x2 -> y -> x -> y -> Shift -> + -> x -> Shift -> + -> 1 -> ; -> y -> Shift -> < -> = -> n -> ; -> y -> Shiftx2 -> +x2 -> Shift -> { -> Enter -> p -> i -> r -> t -> m -> n -> t -> f -> Shift -> ( -> Shift -> "" -> Shift -> % -> . -> 2 -> d -> ,","v











                          2*(   )




                  y+x+1;y<=n;y++ {
            printf(""%.2d ,

    }",1,1,0,0,持续输入,0,0.0,0.0,0,0,0,0,0,7,6,1,0,持续输入,1,2.414,1.814,0,0,0,0,5,40,31,9,0,持续输入,1,2.414,1.049,0,1,0,1,29,45,36,9,0,持续输入,2,31.897,1.19,0,1,0,1,34,57,43,14,1,持续输入,4,85.262,1.625,0,2,1,5,41,3.996,
1145934-w002,1145934,72,2025-12-25T09:57:16.362250,1683,AC,596.7,116,"Control -> v -> Enter -> Shift -> } -> Shift -> 2 -> * -> Shift -> ( -> Shift -> ) -> n -> -x2 -> y -> x -> y -> Shift -> + -> x -> Shift -> + -> 1 -> ; -> y -> Shift -> < -> = -> n -> ; -> y -> Shiftx2 -> +x2 -> Shift -> { -> Enter -> p -> i -> r -> t -> m -> n -> t -> f -> Shift -> ( -> Shift -> "" -> Shift -> % -> . -> 2 -> d -> , -> i -> ; -> Enter -> p -> r -> n -> t -> f -> i -> Shift -> ( -> Shift -> "" -> \ -> n -> ;","v











                          2*(   )




                  y+x+1;y<=n;y++ {
            printf(""%.2d ,i ;

    }   printf(""\n  ;",0,0,0,0,低活动,0,0.0,0.0,0,0,0,0,0,0,0,0,0,低活动,0,0.0,0.0,0,0,0,0,0,0,0,0,0,低活动,0,0.0,0.0,0,0,0,0,0,0,0,0,0,低活动,0,0.0,0.0,0,0,0,0,0,34,29,5,0,持续输入,2,19.211,1.377,0,1,0,2,26,84.086,
1145934-w003,1145934,72,2025-12-25T09:59:00.786500,1683,AC,596.7,116,"Control -> v -> Enter -> Shift -> } -> Shift -> 2 -> * -> Shift -> ( -> Shift -> ) -> n -> -x2 -> y -> x -> y -> Shift -> + -> x -> Shift -> + -> 1 -> ; -> y -> Shift -> < -> = -> n -> ; -> y -> Shiftx2 -> +x2 -> Shift -> { -> Enter -> p -> i -> r -> t -> m -> n -> t -> f -> Shift -> ( -> Shift -> "" -> Shift -> % -> . -> 2 -> d -> , -> i -> ; -> Enter -> p -> r -> n -> t -> f -> i -> Shift -> ( -> Shift -> "" -> \ -> n -> ;","v











                          2*(   )




                  y+x+1;y<=n;y++ {
            printf(""%.2d ,i ;

    }   printf(""\n  ;",0,0,0,0,低活动,0,0.0,0.0,0,0,0,0,0,0,0,0,0,低活动,0,0.0,0.0,0,0,0,0,0,0,0,0,0,低活动,0,0.0,0.0,0,0,0,0,0,0,0,0,0,低活动,0,0.0,0.0,0,0,0,0,0,0,0,0,0,低活动,0,0.0,0.0,0,0,0,0,0,188.511,
1145934-w004,1145934,91,2025-12-25T10:00:45.210750,1683,AC,596.7,116,"Control -> v -> Enter -> Shift -> } -> Shift -> 2 -> * -> Shift -> ( -> Shift -> ) -> n -> -x2 -> y -> x -> y -> Shift -> + -> x -> Shift -> + -> 1 -> ; -> y -> Shift -> < -> = -> n -> ; -> y -> Shiftx2 -> +x2 -> Shift -> { -> Enter -> p -> i -> r -> t -> m -> n -> t -> f -> Shift -> ( -> Shift -> "" -> Shift -> % -> . -> 2 -> d -> , -> i -> ; -> Enter -> p -> r -> n -> t -> f -> i -> Shift -> ( -> Shift -> "" -> \ -> n -> ; -> Enter -> p -> r -> i -> n -> t -> f -> Shift -> ( -> Shift -> "" -> \ -> n -> ; -> / -> * -> Enter -> * -> /","v









        printf(""\n  ;
        /*
                          2*(   )




                  y+x+1;y<=n;y++ {
            printf(""%.2d ,i ;

    }   */intf(""\n  ;",0,0,0,0,低活动,0,0.0,0.0,0,0,0,0,0,0,0,0,0,低活动,0,0.0,0.0,0,0,0,0,0,6,6,0,0,持续输入,2,9.409,4.951,0,1,0,3,4,19,17,2,0,持续输入,2,9.409,2.023,0,2,0,4,15,19,17,2,0,持续输入,2,9.409,2.023,0,2,0,4,15,17.671,
1145934-w005,1145934,100,2025-12-25T10:02:29.635000,1683,AC,596.7,116,"Control -> v -> Enter -> Shift -> } -> Shift -> 2 -> * -> Shift -> ( -> Shift -> ) -> n -> -x2 -> y -> x -> y -> Shift -> + -> x -> Shift -> + -> 1 -> ; -> y -> Shift -> < -> = -> n -> ; -> y -> Shiftx2 -> +x2 -> Shift -> { -> Enter -> p -> i -> r -> t -> m -> n -> t -> f -> Shift -> ( -> Shift -> "" -> Shift -> % -> . -> 2 -> d -> , -> i -> ; -> Enter -> p -> r -> n -> t -> f -> i -> Shift -> ( -> Shift -> "" -> \ -> n -> ; -> Enter -> p -> r -> i -> n -> t -> f -> Shift -> ( -> Shift -> "" -> \ -> n -> ; -> / -> * -> Enter -> * -> / -> Enter -> / -> * -> Enter -> Shift -> } -> Enter -> / -> *","v









        printf(""\n  ;
        /*
                          2*(   )


            }*

        /*        y+x+1;y<=n;y++ {
            printf(""%.2d ,i ;

    }   */intf(""\n  ;",0,0,0,0,低活动,0,0.0,0.0,0,0,0,0,0,3,3,0,0,持续输入,0,0.0,0.602,0,1,0,1,2,3,3,0,0,持续输入,0,0.0,0.602,0,1,0,1,2,6,5,1,0,持续输入,1,37.698,22.869,0,2,0,3,4,9,8,1,0,持续输入,2,74.423,37.017,0,3,0,5,6,6.429,
1359598-w001,1359598,230,2026-01-09T08:59:02.728800,2253,CE,1669.2,1554,"Shift -> i -> # -> c -> l -> n -> u -> d -> e -> Shift -> < -> s -> t -> d -> i -> o -> . -> h -> Shift -> > -> Enter -> Shift -> i -> t -> n ->   -> n -> t ->   -> m -> a -> i -> n -> Shift -> ( -> Shiftx4 -> Enter -> { -> Enter -> c -> a -> r -> h ->   -> a -> [ -> 4 -> 1 -> ; -> Enter -> w -> h -> i -> l -> e -> Shift -> ( -> s -> c -> a -> n -> f -> Shift -> ( -> Shift -> "" -> Shiftx8 -> % -> s -> , -> a -> Shift -> ! -> = -> e -> CapsLock -> O -> E -> F -> CapsLock -> Shiftx2 -> { -> Enterx2 -> Shiftx10 -> # -> Shift -> i -> n -> c -> l -> u -> d -> e -> Shift -> < -> s -> t -> i -> t -> i","#include<stdio.h>
#include<string.h>
{
    char a[41 ;
    while(scanf(""%s ,a !=EOF {

        int len=strlen(a ;
        int sign_1=0;
        int count=0;gn_1=1;
",0,0,0,0,低活动,0,0.0,0.0,0,0,0,0,0,0,0,0,0,低活动,0,0.0,0.0,0,0,0,0,0,0,0,0,0,低活动,0,0.0,0.0,0,0,0,0,0,2,2,0,0,持续输入,0,0.0,0.832,0,0,0,0,1,65,49,16,0,持续输入,5,23.937,1.233,0,4,0,4,50,58.976,
1359598-w002,1359598,708,2026-01-09T09:03:54.845625,2253,CE,1669.2,1554,@ -> Shift -> |x2 -> a -> [ -> i -> =x2 -> ' -> Shiftx5 -> # -> Shift -> |x2 -> a -> [ -> i -> =x2 -> ' -> Shiftx221 -> $ -> Shift -> |x2,"#include<stdio.h>
#include<string.h>
{
    char a[41 ;
    while(scanf(""%s ,a !=EOF {

        int len=strlen(a ;
        int sign_1=0,sign_2=0,sign_3=0,sign_4=0,sign_5=0
        int count=0;gn_1=1;

c       count+=len;
        for(int i=0;i<len;i++ {             c
            if(a[i >'a &&a[i <'z   sign_3=1;
            v        A         Z        4
            if(a[i ==~ ||a[i = ='! ||a[i =='@ ||a[i =='# ||a[i =='$ ||",0,0,0,0,低活动,0,0.0,0.0,0,0,0,0,0,0,0,0,0,低活动,0,0.0,0.0,0,0,0,0,0,168,3,165,0,修饰键占多数,1,12.392,0.038,0,0,0,0,2,264,30,234,0,修饰键占多数,4,19.466,0.343,0,0,0,0,29,332,69,263,2,修饰键占多数,15,58.362,0.719,0,2,2,6,67,11.062,
1359598-w003,1359598,922,2026-01-09T09:08:46.962450,2253,CE,1669.2,1554,"Shiftx32 -> $ -> Shift -> |x2 -> a -> [ -> i -> =x2 -> ' -> Shift -> % -> Shiftx42 -> | -> Shift -> | -> Shiftx2 -> a -> [ -> i -> =x2 -> ' -> Shift -> { -> [ -> ] -> Shift -> |x2 -> a -> [ -> i -> =x2 -> ' -> ] -> Shiftx6 -> | -> Shiftx2 -> | -> a -> [ -> i -> =x2 -> 'x3 -> Shift -> "" -> 'x2 -> Shiftx7 -> |x2 -> a -> [ -> i -> =x2 -> / -> ' -> / -> Shiftx11 -> |x2 -> a -> [ -> i -> = -> ' -> \ -> Shift -> |x2 -> a -> [ -> i -> = -> ' -> Shift -> "" -> Shift -> |x2 -> a -> [ -> i -> = -> ' -> Shiftx3 -> ( -> | -> Shift -> | -> a -> [ -> i -> = -> ' -> = -> 0 -> ) -> Shift -> { -> Shift -> Enter -> s -> i -> g -> n -> Shift","#include<stdio.h>
#include<string.h>
{
    char a[41 ;
    while(scanf(""%s ,a !=EOF {

        int len=strlen(a ;
        int sign_1=0,sign_2=0,sign_3=0,sign_4=0,sign_5=0
        int count=0;gn_1=1;

c       count+=len;
        for(int i=0;i<len;i++ {             c
            if(a[i >'a &&a[i <'z   sign_3=1;
            v        A         Z        4
            if(a[i ==~ ||a[i = ='! ||a[i =='@ ||a[i =='# ||a[i =='$ ||a[i =='% ||a[i =='[]||a[i =='] ||a[i =='' ||a[i =='/ ||a[i ='\ ||a[i ='"" ||a[i ='( ||a[i ==')  {
                sign_5=1;


        for(int i=0;i<len-3;i++ {
",0,0,0,0,低活动,0,0.0,0.0,0,0,0,0,0,0,0,0,0,低活动,0,0.0,0.0,0,0,0,0,0,0,0,0,0,低活动,0,0.0,0.0,0,0,0,0,0,13,8,5,0,持续输入,0,0.0,0.932,0,1,0,0,7,34,27,7,0,持续输入,3,53.558,1.716,0,3,0,2,26,37.132,
1359598-w004,1359598,1210,2026-01-09T09:13:39.079275,2253,CE,1669.2,1554,"Shift -> + -> 2 -> = -> - -> ' -> 0 -> ; -> Shiftx15 ->   -> , -> s -> i -> y -> n -> g -> n -> Shift -> _ -> 6 -> = -> 0 -> s -> i -> g -> m -> n -> Shift -> _ -> 6 -> = -> 1 -> ; -> Enter -> e -> l -> s -> e -> Control -> c -> Enter -> c -> h -> a -> r -> b ->   -> [ -> 1 -> 5 -> = -> { -> Shiftx2 -> } -> ' -> Shift -> ~ -> , -> ' -> Shiftx11 -> ! -> , -> ' -> Shiftx2 -> @ -> , -> ' -> Shiftx20 -> # -> Shift -> , -> ' -> Shiftx26 -> $ -> , -> Shiftx21 -> "" -> ' -> Shiftx40 -> % -> Shiftx3 -> , -> ' -> [ -> , -> ' -> ] -> , -> 'x3 -> , -> / -> 'x2 -> , -> \ -> , -> ' -> Shift -> ( -> , -> '","#include<stdio.h>
#include<string.h>
{
    char a[41 ;
    while(scanf(""%s ,a !=EOF {
    char b[15 ={'~ ,'! ,'@ ,'# ,'$ ,'% ,'[ ,'] ,'' ,'/ ,'\ ,'( ,')  ;
        int len=strlen(a ;
        int sign_1=0,sign_2=0,sign_3=0,sign_4=0,sign_5=0,sign_6=0
        int count=0;gn_1=1;

c       count+=len;
        for(int i=0;i<len;i++ {             c
            if(a[i >'a &&a[i <'z   sign_3=1;
            v        A         Z        4
            if(a[i ==~ ||a[i = ='! ||a[i =='@ ||a[i =='# ||a[i =='$ ||a[i =='% ||a[i =='[]||a[i =='] ||a[i =='' ||a[i =='/ ||a[i ='\ ||a[i ='"" ||a[i ='( ||a[i ==')  {
            for(int j=0;;c


        for(int i=0;i<len-3;i++ {
            if(a[i -'0 ==[i+1'0    &&a[i+1 -'0 ==a[i+2 -'0   sign_6=1;
            else",7,7,0,0,持续输入,0,0.0,1.028,0,0,0,0,6,14,13,1,0,持续输入,1,2.832,1.182,0,0,0,1,12,28,25,3,0,持续输入,3,10.344,2.279,0,0,0,1,24,106,39,67,0,修饰键占多数,8,29.198,1.71,0,0,0,1,36,185,55,130,0,修饰键占多数,12,41.124,1.711,0,0,0,1,51,1.365,
1359598-w005,1359598,1404,2026-01-09T09:18:31.196100,2253,CE,1669.2,1554,"Shiftx14 -> % -> Shiftx3 -> , -> ' -> [ -> , -> ' -> ] -> , -> 'x3 -> , -> / -> 'x2 -> , -> \ -> , -> ' -> Shift -> ( -> , -> ' -> Shift -> ) -> ; -> o -> r -> f -> Shift -> ( -> i -> n -> t ->   -> j -> = -> 0 -> ; -> j -> Shift -> < -> 1 -> 4 -> ; -> i -> Shift -> +x2 -> Shift -> { -> Enter -> i -> f -> Shift -> ( -> a -> [ -> i -> =x2 -> b -> [ -> j ->   -> s -> i -> g -> n -> Shift -> _ -> 5 -> = -> 1 -> ; -> i -> f ->   -> e -> Shift -> { -> Enter -> i -> f -> Shift -> ( -> f -> o -> r -> Shift -> ( -> i -> n -> t ->   -> Control -> c -> Control -> v -> Enter -> a -> [ -> i","#include<stdio.h>
#include<string.h>
{
    char a[41 ;
    while(scanf(""%s ,a !=EOF {
    char b[15 ={'~ ,'! ,'@ ,'# ,'$ ,'% ,'[ ,'] ,'' ,'/ ,'\ ,'( ,')  ;
        int len=strlen(a ;
        int sign_1=0,sign_2=0,sign_3=0,sign_4=0,sign_5=0,sign_6=0
        int count=0;gn_1=1;

c       count+=len;
        for(int i=0;i<len;i++ {             c
            if(a[i >'a &&a[i <'z   sign_3=1;
            v        A         Z        4
            if(a[i ==~ ||a[i = ='! ||a[i =='@ ||a[i =='# ||a[i =='$ ||a[i =='% ||a[i =='[]||a[i =='] ||a[i =='' ||a[i =='/ ||a[i ='\ ||a[i ='"" ||a[i ='( ||a[i ==')  {
            for(int j=0;j<14;i++ {c
                if(a[i ==b[j   sign_5=1;

        for(int i=0;i<len-3;i++ {
            if(a[i -'0 ==[i+1'0    &&a[i+1 -'0 ==a[i+2 -'0   sign_6=1;
            else
               e{f
                vor(int
                    =b[j ;}
                v   }                 }
                    a[i]b[j  ;
                       +1

                sign_6=1;
            c       a[

     c  if(sign_1==1 {
            printf(""0\n  ;con",8,8,0,0,持续输入,1,2.441,1.573,0,0,0,0,6,11,11,0,0,持续输入,2,4.933,2.446,0,0,0,0,9,48,35,13,0,持续输入,4,9.979,1.845,0,1,0,1,33,64,48,16,2,持续输入,8,32.327,2.354,0,3,2,6,46,109,86,23,2,持续输入,16,78.236,2.481,0,7,3,13,83,0.001,
1428909-w001,1428909,66,2026-03-24T11:54:23.088000,1147,AC,328.5,277,Control -> v -> Control -> Shiftx2 -> e -> c -> v -> t -> o -> r -> Shift -> < -> i -> n -> t -> Shift -> > ->   -> n -> u -> m -> s -> Shift -> ( -> b -> n -> ; -> Enterx2 -> f -> o -> t -> r -> Shift -> ( -> i -> n -> t ->   -> i -> 0 -> ; -> = -> i -> Shift -> < -> n -> ; -> Shift -> i -> +x2 ->   -> c -> i -> n -> Shift -> >x2 -> n -> u -> m -> [ -> s -> i -> ;,"






        vector<int> nums(n ;
        for(int i=0;i<n;i++  cin>>nums[i ;


























 v",0,0,0,0,低活动,0,0.0,0.0,0,0,0,0,0,0,0,0,0,低活动,0,0.0,0.0,0,0,0,0,0,0,0,0,0,低活动,0,0.0,0.0,0,0,0,0,0,64,55,9,0,持续输入,1,2.095,0.748,0,2,0,1,53,67,56,11,1,持续输入,2,12.861,0.818,0,2,2,3,55,30.163,
1428909-w002,1428909,124,2026-03-24T11:55:20.570250,1147,AC,328.5,277,Control -> v -> Control -> Shiftx2 -> e -> c -> v -> t -> o -> r -> Shift -> < -> i -> n -> t -> Shift -> > ->   -> n -> u -> m -> s -> Shift -> ( -> b -> n -> ; -> Enterx2 -> f -> o -> t -> r -> Shift -> ( -> i -> n -> t ->   -> i -> 0 -> ; -> = -> i -> Shift -> < -> n -> ; -> Shift -> i -> +x2 ->   -> c -> i -> n -> Shift -> >x2 -> n -> u -> m -> [ -> s -> i -> ; -> Enter -> Shift -> { -> Enter -> i -> n -> t ->   -> a -> ; -> Enter -> c -> i -> n -> Shift -> >x2 -> a -> ; -> Enter -> i -> f -> Shift -> ( -> a -> Shift -> % -> 2 -> =x2 -> 0 ->   -> n -> u -> m -> s -> [ -> i -> =,"






        vector<int> nums(n ;
        for(int i=0;i<n;i++  cin>>nums[i ;
        {
            int a;
            cin>>a;
            nums[i==(a+1u/2[i =a/2;






















 v",9,7,2,0,持续输入,0,0.0,1.276,0,0,0,0,6,15,13,2,0,持续输入,0,0.0,1.172,0,0,0,0,12,38,34,4,0,持续输入,2,7.048,1.377,0,0,0,0,33,58,52,6,0,持续输入,3,20.099,1.25,0,4,0,4,51,122,107,15,0,持续输入,5,67.827,1.2,0,6,0,5,105,0.204,
1428909-w003,1428909,125,2026-03-24T11:56:18.052500,1147,AC,328.5,277,Control -> v -> Control -> Shiftx2 -> e -> c -> v -> t -> o -> r -> Shift -> < -> i -> n -> t -> Shift -> > ->   -> n -> u -> m -> s -> Shift -> ( -> b -> n -> ; -> Enterx2 -> f -> o -> t -> r -> Shift -> ( -> i -> n -> t ->   -> i -> 0 -> ; -> = -> i -> Shift -> < -> n -> ; -> Shift -> i -> +x2 ->   -> c -> i -> n -> Shift -> >x2 -> n -> u -> m -> [ -> s -> i -> ; -> Enter -> Shift -> { -> Enter -> i -> n -> t ->   -> a -> ; -> Enter -> c -> i -> n -> Shift -> >x2 -> a -> ; -> Enter -> i -> f -> Shift -> ( -> a -> Shift -> % -> 2 -> =x2 -> 0 ->   -> n -> u -> m -> s -> [ -> i -> =,"






        vector<int> nums(n ;
        for(int i=0;i<n;i++  cin>>nums[i ;
        {
            int a;
            cin>>a;
            nums[i==(a+1u/2;i =a/2;






















 v",0,0,0,0,低活动,0,0.0,0.0,0,0,0,0,0,0,0,0,0,低活动,0,0.0,0.0,0,0,0,0,0,0,0,0,0,低活动,0,0.0,0.0,0,0,0,0,0,7,6,1,0,持续输入,0,0.0,0.896,0,0,0,0,5,59,53,6,0,持续输入,3,20.099,1.238,0,4,0,4,52,57.094,
1428909-w004,1428909,202,2026-03-24T11:57:15.534750,1147,AC,328.5,277,Control -> v -> Control -> Shiftx2 -> e -> c -> v -> t -> o -> r -> Shift -> < -> i -> n -> t -> Shift -> > ->   -> n -> u -> m -> s -> Shift -> ( -> b -> n -> ; -> Enterx2 -> f -> o -> t -> r -> Shift -> ( -> i -> n -> t ->   -> i -> 0 -> ; -> = -> i -> Shift -> < -> n -> ; -> Shift -> i -> +x2 ->   -> c -> i -> n -> Shift -> >x2 -> n -> u -> m -> [ -> s -> i -> ; -> Enter -> Shift -> { -> Enter -> i -> n -> t ->   -> a -> ; -> Enter -> c -> i -> n -> Shift -> >x2 -> a -> ; -> Enter -> i -> f -> Shift -> ( -> a -> Shift -> % -> 2 -> =x2 -> 0 ->   -> n -> u -> m -> s -> [ -> i -> =,"






        vector<int> nums(n ;
        for(int i=0;i<n;i++  cin>>nums[i ;
        {
            int a;
            cin>>a;
            nums[i==(a+1u/2;i =a/2;

        sort(nums.begin( ,nums.end(  ;
        int result=0;
        for(int i=0;i<n;i++
        {

















 v",0,0,0,0,低活动,0,0.0,0.0,0,0,0,0,0,0,0,0,0,低活动,0,0.0,0.0,0,0,0,0,0,30,25,5,0,持续输入,0,0.0,0.602,0,3,0,2,25,77,69,8,0,持续输入,3,9.322,1.319,0,5,0,4,67,87,77,10,0,持续输入,4,66.547,1.52,0,5,0,5,75,20.705,
1428909-w005,1428909,226,2026-03-24T11:58:13.017000,1147,AC,328.5,277,Control -> v -> Control -> Shiftx2 -> e -> c -> v -> t -> o -> r -> Shift -> < -> i -> n -> t -> Shift -> > ->   -> n -> u -> m -> s -> Shift -> ( -> b -> n -> ; -> Enterx2 -> f -> o -> t -> r -> Shift -> ( -> i -> n -> t ->   -> i -> 0 -> ; -> = -> i -> Shift -> < -> n -> ; -> Shift -> i -> +x2 ->   -> c -> i -> n -> Shift -> >x2 -> n -> u -> m -> [ -> s -> i -> ; -> Enter -> Shift -> { -> Enter -> i -> n -> t ->   -> a -> ; -> Enter -> c -> i -> n -> Shift -> >x2 -> a -> ; -> Enter -> i -> f -> Shift -> ( -> a -> Shift -> % -> 2 -> =x2 -> 0 ->   -> n -> u -> m -> s -> [ -> i -> =,"






        vector<int> nums(n ;
        for(int i=0;i<n;i++  cin>>nums[i ;
        {
            int a;
            cin>>a;
            nums[i==(a+1u/2;i =a/2;

        sort(nums.begin( ,nums.end(  ;
        int result=1;
        for(int i=1;i<n;i++
        {
            if(nums[i -nums[i-1 >1
















 v",8,7,1,0,持续输入,0,0.0,1.187,0,0,0,0,6,18,17,1,0,持续输入,0,0.0,0.901,0,0,0,0,16,22,20,2,0,持续输入,0,0.0,1.022,0,0,0,0,19,24,22,2,0,持续输入,2,42.994,1.9,0,0,0,2,21,101,91,10,0,持续输入,6,76.028,1.828,0,5,0,7,89,0.527,
1006107-w001,1006107,163,2025-12-08T18:49:02.694000,1516,WA,1617.0,282,"Shift -> # -> i -> n -> c -> l -> u -> d -> e ->   -> Shift -> > -> Shift -> < -> s -> t -> d -> i -> o -> . -> h -> Shift -> > -> Enter -> i -> n -> t ->   -> m -> a -> i -> n -> Shift -> ( -> Enter -> Shift -> { -> Enter -> r -> e -> t -> u -> r -> n ->   -> 0 -> ; -> Enter -> w -> h -> i -> l -> e -> Shift -> ( -> s -> c -> a -> n -> f -> Shift -> ( -> Shift -> "" -> Shift -> % -> d -> , -> Shift -> & -> n -> Shift -> ! -> = -> Shift -> O -> E -> F -> Shift -> Enter -> [ -> Enterx2 -> Shift -> { -> Enterx2 -> i -> n -> t ->   -> n -> ; -> f -> o -> r -> Shift -> ( -> i -> t ->   -> n","#include <stdio.h>
int main(
{
    int n;scanf(""%d ,&n !=EOF
    {

        for(int i=1;i<= ;i++
        {
            for(int j=1;j<i;j++
            {
",0,0,0,0,低活动,0,0.0,0.0,0,0,0,0,0,0,0,0,0,低活动,0,0.0,0.0,0,0,0,0,0,0,0,0,0,低活动,0,0.0,0.0,0,0,0,0,0,9,6,3,0,持续输入,1,3.562,1.86,0,2,0,1,5,28,23,5,0,持续输入,6,52.887,4.47,0,2,0,1,21,53.968,
1006107-w002,1006107,244,2025-12-08T18:53:45.663750,1516,WA,1617.0,282,"Shift -> # -> i -> n -> c -> l -> u -> d -> e ->   -> Shift -> > -> Shift -> < -> s -> t -> d -> i -> o -> . -> h -> Shift -> > -> Enter -> i -> n -> t ->   -> m -> a -> i -> n -> Shift -> ( -> Enter -> Shift -> { -> Enter -> r -> e -> t -> u -> r -> n ->   -> 0 -> ; -> Enter -> w -> h -> i -> l -> e -> Shift -> ( -> s -> c -> a -> n -> f -> Shift -> ( -> Shift -> "" -> Shift -> % -> d -> , -> Shift -> & -> n -> Shift -> ! -> = -> Shift -> O -> E -> F -> Shift -> Enter -> [ -> Enterx2 -> Shift -> { -> Enterx2 -> i -> n -> t ->   -> n -> ; -> f -> o -> r -> Shift -> ( -> i -> t ->   -> n","#include <stdio.h>
int main(
{
    int n;scanf(""%d ,&n !=EOF
    int count=0;

        for(int i=1;i<= /2++
        {
            for(int j=n/2<n;j++
            {
                if
                  ((i+j %i*j==0
                {
                    count++;



        printf(""%d ,count ;",1,1,0,0,持续输入,0,0.0,0.0,0,0,0,0,0,7,7,0,0,持续输入,0,0.0,1.349,0,0,0,0,6,23,20,3,0,持续输入,1,9.945,1.946,0,1,0,2,18,57,43,14,0,持续输入,4,17.935,1.941,0,3,0,4,44,79,64,15,0,持续输入,10,64.043,2.62,0,4,0,8,64,4.395,
1006107-w003,1006107,259,2025-12-08T18:58:28.633500,1516,WA,1617.0,282,"Shift -> > -> Shift -> < -> s -> t -> d -> i -> o -> . -> h -> Shift -> > -> Enter -> i -> n -> t ->   -> m -> a -> i -> n -> Shift -> ( -> Enter -> Shift -> { -> Enter -> r -> e -> t -> u -> r -> n ->   -> 0 -> ; -> Enter -> w -> h -> i -> l -> e -> Shift -> ( -> s -> c -> a -> n -> f -> Shift -> ( -> Shift -> "" -> Shift -> % -> d -> , -> Shift -> & -> n -> Shift -> ! -> = -> Shift -> O -> E -> F -> Shift -> Enter -> [ -> Enterx2 -> Shift -> { -> Enterx2 -> i -> n -> t ->   -> n -> ; -> f -> o -> r -> Shift -> ( -> i -> t ->   -> n -> i -> = -> 0 -> ; -> i -> Shiftx11 -> < -> n -> 1 -> =","#include <stdio.h>
int main(
{
    int n;scanf(""%d ,&n !=EOF
    int count=0;

        for(int i=1;i<= /2++
        {             =
            for(int j=n/2<n;j++
            {
                if
                  ((i+j %(*+=)0
                {
                    count++;



        printf(""%d\ncount ;",0,0,0,0,低活动,0,0.0,0.0,0,0,0,0,0,0,0,0,0,低活动,0,0.0,0.0,0,0,0,0,0,0,0,0,0,低活动,0,0.0,0.0,0,0,0,0,0,6,4,2,0,持续输入,2,10.672,5.691,0,0,0,1,3,11,7,4,0,持续输入,5,55.449,15.845,0,0,0,3,6,39.033,
1006107-w004,1006107,269,2025-12-08T19:03:11.603250,1516,WA,1617.0,282,"h -> Shift -> > -> Enter -> i -> n -> t ->   -> m -> a -> i -> n -> Shift -> ( -> Enter -> Shift -> { -> Enter -> r -> e -> t -> u -> r -> n ->   -> 0 -> ; -> Enter -> w -> h -> i -> l -> e -> Shift -> ( -> s -> c -> a -> n -> f -> Shift -> ( -> Shift -> "" -> Shift -> % -> d -> , -> Shift -> & -> n -> Shift -> ! -> = -> Shift -> O -> E -> F -> Shift -> Enter -> [ -> Enterx2 -> Shift -> { -> Enterx2 -> i -> n -> t ->   -> n -> ; -> f -> o -> r -> Shift -> ( -> i -> t ->   -> n -> i -> = -> 0 -> ; -> i -> Shiftx11 -> < -> n -> 1 -> = -> ; -> i -> Shiftx2 -> +x2 -> Enter -> Shift -> Enter -> Shift -> Enter -> Shift","#include <stdio.h>
int main(
{
    int n;scanf(""%d ,&n !=EOF
    int count=0;

        for(int i=1;i<= /2++
        {             = /2
            for(int j=n/2<n;j++
            {        =n/2   =
                if
                  ((i+j %(**=)0
                {
                    count++;



        printf(""%d\ncount ;",2,1,1,0,修饰键占多数,0,0.0,0.237,0,0,0,0,0,2,1,1,0,修饰键占多数,0,0.0,0.237,0,0,0,0,0,3,2,1,0,持续输入,1,16.848,15.187,0,0,0,1,1,3,2,1,0,持续输入,1,16.848,15.187,0,0,0,1,1,6,5,1,0,持续输入,2,87.745,49.277,0,0,0,1,4,4.223,
1006107-w005,1006107,277,2025-12-08T19:07:54.573000,1516,WA,1617.0,282,"m -> a -> i -> n -> Shift -> ( -> Enter -> Shift -> { -> Enter -> r -> e -> t -> u -> r -> n ->   -> 0 -> ; -> Enter -> w -> h -> i -> l -> e -> Shift -> ( -> s -> c -> a -> n -> f -> Shift -> ( -> Shift -> "" -> Shift -> % -> d -> , -> Shift -> & -> n -> Shift -> ! -> = -> Shift -> O -> E -> F -> Shift -> Enter -> [ -> Enterx2 -> Shift -> { -> Enterx2 -> i -> n -> t ->   -> n -> ; -> f -> o -> r -> Shift -> ( -> i -> t ->   -> n -> i -> = -> 0 -> ; -> i -> Shiftx11 -> < -> n -> 1 -> = -> ; -> i -> Shiftx2 -> +x2 -> Enter -> Shift -> Enter -> Shift -> Enter -> Shift -> { -> Enter -> f -> o -> r -> Shift -> ( -> i","#include <stdio.h>
int main(
{
    int n;scanf(""%d ,&n !=EOF
    int count=0;

        for(int i=1;i<= /2++
        {             = /2
            for(int j=n/2<n;j++
            {        =n/2   =
                if
                  ((i+* %(**+)0)
                {
                    count++;



        printf(""%d\ncount ;",0,0,0,0,低活动,0,0.0,0.0,0,0,0,0,0,0,0,0,0,低活动,0,0.0,0.0,0,0,0,0,0,0,0,0,0,低活动,0,0.0,0.0,0,0,0,0,0,0,0,0,0,低活动,0,0.0,0.0,0,0,0,0,0,0,0,0,0,低活动,0,0.0,0.0,0,0,0,0,0,241.62,
1398659-w001,1398659,30,2026-01-10T18:03:40.703600,2277,CE,941.8,99,Control -> v -> Controlx5 -> v -> Controlx7 -> v -> Control -> v -> Controlx6 -> c -> Controlx4 -> v -> Control,"v















































 c",6,1,5,1,剪贴板操作,1,3.296,2.179,0,0,5,0,0,6,1,5,1,剪贴板操作,1,3.296,2.179,0,0,5,0,0,13,2,11,2,剪贴板操作,2,17.34,3.017,0,0,11,1,1,15,3,12,3,剪贴板操作,3,52.489,10.82,0,0,12,2,2,15,3,12,3,剪贴板操作,3,52.489,10.82,0,0,12,2,2,1.083,
1398659-w002,1398659,36,2026-01-10T18:06:25.511250,2277,CE,941.8,99,Control -> v -> Controlx5 -> v -> Controlx7 -> v -> Control -> v -> Controlx6 -> c -> Controlx4 -> v -> Control -> v -> Controlx2 -> vx2 -> Control,"v















































 c",0,0,0,0,低活动,0,0.0,0.0,0,0,0,0,0,0,0,0,0,低活动,0,0.0,0.0,0,0,0,0,0,0,0,0,0,低活动,0,0.0,0.0,0,0,0,0,0,0,0,0,0,低活动,0,0.0,0.0,0,0,0,0,0,5,2,3,1,修饰键占多数,1,4.293,3.156,0,0,3,0,0,104.841,
1398659-w003,1398659,42,2026-01-10T18:09:10.318900,2277,CE,941.8,99,Control -> v -> Controlx5 -> v -> Controlx7 -> v -> Control -> v -> Controlx6 -> c -> Controlx4 -> v -> Control -> v -> Controlx2 -> vx2 -> Controlx2 -> v -> Controlx3 -> c,"v


















 c




























 c",0,0,0,0,低活动,0,0.0,0.0,0,0,0,0,0,0,0,0,0,低活动,0,0.0,0.0,0,0,0,0,0,0,0,0,0,低活动,0,0.0,0.0,0,0,0,0,0,0,0,0,0,低活动,0,0.0,0.0,0,0,0,0,0,4,1,3,1,剪贴板操作,0,0.0,0.032,0,0,3,0,0,115.778,
1398659-w004,1398659,51,2026-01-10T18:11:55.126550,2277,CE,941.8,99,Control -> v -> Controlx5 -> v -> Controlx7 -> v -> Control -> v -> Controlx6 -> c -> Controlx4 -> v -> Control -> v -> Controlx2 -> vx2 -> Controlx2 -> v -> Controlx3 -> c -> Controlx3 -> v -> Control -> v -> Control -> v -> Control,"v


















 c




























 c",0,0,0,0,低活动,0,0.0,0.0,0,0,0,0,0,0,0,0,0,低活动,0,0.0,0.0,0,0,0,0,0,0,0,0,0,低活动,0,0.0,0.0,0,0,0,0,0,0,0,0,0,低活动,0,0.0,0.0,0,0,0,0,0,9,3,6,3,剪贴板操作,2,23.931,8.965,0,0,6,0,0,66.337,
1398659-w005,1398659,60,2026-01-10T18:14:39.934200,2277,CE,941.8,99,Control -> v -> Controlx5 -> v -> Controlx7 -> v -> Control -> v -> Controlx6 -> c -> Controlx4 -> v -> Control -> v -> Controlx2 -> vx2 -> Controlx2 -> v -> Controlx3 -> c -> Controlx3 -> v -> Control -> v -> Control -> v -> Controlx7 -> v -> Control -> v,"v


















 c




























 c",0,0,0,0,低活动,0,0.0,0.0,0,0,0,0,0,0,0,0,0,低活动,0,0.0,0.0,0,0,0,0,0,0,0,0,0,低活动,0,0.0,0.0,0,0,0,0,0,0,0,0,0,低活动,0,0.0,0.0,0,0,0,0,0,2,1,1,1,剪贴板操作,0,0.0,0.39,0,0,1,0,0,98.657,
1120829-w001,1120829,72,2025-12-22T20:43:51.080800,1323,MLE,1273.9,494,o -> r -> Shift -> ( -> f -> Shiftx2 -> # -> n -> i -> c -> l -> u -> d -> e -> Shift -> < -> > -> s -> t -> d -> i -> o -> . -> h -> Enter -> i -> n -> t ->   -> m -> a -> i -> n -> Shift -> ( -> Shift -> { -> Enterx4 -> r -> u -> t -> e -> n -> r ->   -> t -> u -> r -> n ->   -> ; -> 0 -> n -> t ->   -> ix2 -> n -> t ->   -> n -> u -> m -> [ -> 1x2 -> 0 -> ; -> Enter,"#include<stdio.h
int main( {
    int num[110 ;


    return 0;",0,0,0,0,低活动,0,0.0,0.0,0,0,0,0,0,0,0,0,0,低活动,0,0.0,0.0,0,0,0,0,0,0,0,0,0,低活动,0,0.0,0.0,0,0,0,0,0,0,0,0,0,低活动,0,0.0,0.0,0,0,0,0,0,0,0,0,0,低活动,0,0.0,0.0,0,0,0,0,0,184.957,
1120829-w002,1120829,204,2025-12-22T20:47:34.167125,1323,MLE,1273.9,494,o -> r -> Shift -> ( -> f -> Shiftx2 -> # -> n -> i -> c -> l -> u -> d -> e -> Shift -> < -> > -> s -> t -> d -> i -> o -> . -> h -> Enter -> i -> n -> t ->   -> m -> a -> i -> n -> Shift -> ( -> Shift -> { -> Enterx4 -> r -> u -> t -> e -> n -> r ->   -> t -> u -> r -> n ->   -> ; -> 0 -> n -> t ->   -> ix2 -> n -> t ->   -> n -> u -> m -> [ -> 1x2 -> 0 -> ; -> Enter -> Control -> Insert -> Control -> Insert -> Control -> Insert -> Control -> Insert -> Control -> Insert -> f -> r -> Enter -> = -> Shift -> { -> 0 -> Shiftx6 -> } -> f -> o -> r -> Shift -> ( -> i -> n -> t ->   -> Enter -> i -> n ->   -> tx2,"#include<stdio.h
int main( {
    int num[110 ={0}
 r  int ying[3 ={2,3,6 ;
            i=0;i<3;i++ {
    retufor(int j=1;j*ying[i  110;j++ {
            if(num[i*ying",6,6,0,0,持续输入,0,0.0,1.201,0,0,0,0,5,9,9,0,0,持续输入,1,3.644,2.042,0,0,0,0,8,20,18,2,0,持续输入,3,13.794,2.45,0,1,0,1,17,37,35,2,0,持续输入,8,41.095,4.139,0,1,0,1,33,80,74,6,0,持续输入,16,81.275,3.469,0,2,0,3,71,1.392,
1120829-w003,1120829,314,2025-12-22T20:51:17.253450,1323,MLE,1273.9,494,"u -> m -> [ -> 1x2 -> 0 -> ; -> Enter -> Control -> Insert -> Control -> Insert -> Control -> Insert -> Control -> Insert -> Control -> Insert -> f -> r -> Enter -> = -> Shift -> { -> 0 -> Shiftx6 -> } -> f -> o -> r -> Shift -> ( -> i -> n -> t ->   -> Enter -> i -> n ->   -> tx2 ->   -> y -> i -> n -> g ->   -> [ -> 3 -> = -> Shift -> { -> } -> 2 -> , -> 3 -> 6 -> , -> 6 -> ; -> i -> = -> 0 -> ; -> i -> Shift -> < -> 3 -> ; -> i -> +x2 -> Shift -> { -> Enter -> o -> f -> r -> 0 -> f -> r -> ox2 -> r -> Shift -> ( -> i -> n -> t ->   -> j -> = -> 1 -> ; -> j -> Shift -> < -> * -> n -> u -> y -> i -> n","#include<stdio.h
int main( {
    int num[110 ={0}
 r  int ying[3 ={2,3,6 ;
            i=0;i<3;i++ {
    retufor(int j=1;j*ying[i  110;j++ {
            if(num[i*ying ==1  continue;
            else{(
                num[i*ying ==1;




    int a,b;
    while(scanf(""%d d ,&a, b !=EOF {
        ffr",4,4,0,0,持续输入,0,0.0,1.531,0,0,0,0,3,4,4,0,0,持续输入,0,0.0,1.531,0,0,0,0,3,32,19,13,0,持续输入,2,13.868,1.791,0,1,0,1,19,67,50,17,0,持续输入,4,18.259,1.653,0,2,0,2,49,72,55,17,0,持续输入,8,81.955,2.056,0,3,0,4,53,0.089,
1120829-w004,1120829,442,2025-12-22T20:55:00.339775,1323,MLE,1273.9,494,"u -> [ -> m -> 1x2 -> 0 -> i -> * -> y -> i -> n -> g -> =x2 -> 1 ->   -> o -> n -> c -> t -> n -> u -> i -> e -> ; -> Enter -> l -> s -> ex2 ->   -> Shift -> ( -> Shiftx3 -> { -> Enter -> n -> u -> m -> [ -> i -> * -> y -> i -> n -> g -> Control -> Insert -> =x2 -> 1 -> ; -> Enter -> f -> o -> r -> Shift -> ( -> i -> n ->   -> t -> a -> , -> b -> ; -> Enter -> w -> h -> i -> l -> e -> Shift -> ( -> s -> c -> a -> n -> f -> Shift -> ( -> Shift -> "" -> %x2 -> dx2 -> , -> Shift -> &x2 -> a -> , -> b -> Shiftx4 -> 1 -> = -> Shiftx2 -> ! -> = -> Shiftx4 -> E -> o -> Shift -> O -> F -> Shift","#include<stdio.h
int main( {
    int num[110 ={0}
 r  int ying[3 ={2,3,6 ;
            i=0;i<3;i++ {
    retufor(int j=1;j*ying[i  110;j++ {
            if(num[j*ying[i=1  continue;
            else{(
                num[j*ying[i=0;




    int a,b;
    while(scanf(""%d d ,&a, b !=EOF {
        int count=0;
        for(int i=a;i<=b;i++ {
            if(num[i ==0  count++
            elr
        printf(""%d\n ,count ;
",0,0,0,0,低活动,0,0.0,0.0,0,0,0,0,0,0,0,0,0,低活动,0,0.0,0.0,0,0,0,0,0,4,4,0,0,持续输入,0,0.0,0.923,0,0,0,0,0,8,8,0,0,持续输入,3,29.114,11.474,0,0,0,1,4,11,11,0,0,持续输入,5,37.842,9.898,0,0,0,1,6,26.601,
1120829-w005,1120829,462,2025-12-22T20:58:43.426100,1323,MLE,1273.9,494,"n -> u -> i -> e -> ; -> Enter -> l -> s -> ex2 ->   -> Shift -> ( -> Shiftx3 -> { -> Enter -> n -> u -> m -> [ -> i -> * -> y -> i -> n -> g -> Control -> Insert -> =x2 -> 1 -> ; -> Enter -> f -> o -> r -> Shift -> ( -> i -> n ->   -> t -> a -> , -> b -> ; -> Enter -> w -> h -> i -> l -> e -> Shift -> ( -> s -> c -> a -> n -> f -> Shift -> ( -> Shift -> "" -> %x2 -> dx2 -> , -> Shift -> &x2 -> a -> , -> b -> Shiftx4 -> 1 -> = -> Shiftx2 -> ! -> = -> Shiftx4 -> E -> o -> Shift -> O -> F -> Shift -> { -> Enter -> o -> f -> r -> f -> r -> o -> i -> t ->   -> n -> c -> o -> u -> n -> t -> =","#include<stdio.h
int main( {
    int num[110 ={num[0]=1,   ;
 r  int ying[3 ={2,3,6 ;
            i20;i<3;i++ {
    retufor(int j=2;j*ying[i  110;j++ {
            if(num[j*ying[i=1 =co9tinue;
            else{(
                num[j*ying[i=0;




    int a,b;
    while(scanf(""%d d ,&a, b !=EOF {
        int count=0;
        for(int i=a;i<=b;i++ {
            if(num[i ==0  count++
            elr
        printf(""%d\n ,count ;



 c",0,0,0,0,低活动,0,0.0,0.0,0,0,0,0,0,0,0,0,0,低活动,0,0.0,0.0,0,0,0,0,0,2,2,0,0,持续输入,1,5.792,5.792,0,0,0,0,1,2,2,0,0,持续输入,1,5.792,5.792,0,0,0,0,1,8,6,2,0,持续输入,6,102.787,42.642,0,1,1,3,6,10.169,
1387343-w001,1387343,21,2026-01-10T00:25:31.232000,1154,WA,91.7,74,Control -> = -> Control -> c -> Control -> c -> Shiftx14 -> ) -> ;,"








                                          );
                          c



                        c


 =",1,1,0,0,持续输入,0,0.0,0.0,0,0,0,0,0,16,2,14,0,修饰键占多数,1,2.779,0.274,0,0,0,0,1,22,5,17,2,修饰键占多数,4,25.227,4.91,0,0,3,4,5,22,5,17,2,修饰键占多数,4,25.227,4.91,0,0,3,4,5,22,5,17,2,修饰键占多数,4,25.227,4.91,0,0,3,4,5,2.609,
1387343-w002,1387343,26,2026-01-10T00:25:44.362700,1154,WA,91.7,74,Control -> = -> Control -> c -> Control -> c -> Shiftx14 -> ) -> ; -> c -> Controlx2 -> c -> l,"


    l
             c


                                           c

                                          );
                          c



                        c


 =",1,1,0,0,持续输入,0,0.0,0.0,0,0,0,0,0,3,2,1,1,持续输入,1,5.326,4.794,0,0,1,1,1,23,6,17,2,修饰键占多数,5,25.648,5.145,0,0,3,4,4,27,8,19,3,修饰键占多数,7,40.118,5.687,0,0,5,7,7,27,8,19,3,修饰键占多数,7,40.118,5.687,0,0,5,7,7,0.05,
1387343-w003,1387343,35,2026-01-10T00:25:57.493399999,1154,WA,91.7,74,Control -> = -> Control -> c -> Control -> c -> Shiftx14 -> ) -> ; -> c -> Controlx2 -> c -> l -> o -> g -> n ->   -> l -> o -> n -> g ->  ,"


    long long
             c


                                           c

                                          );
                          c



                        c


 =",0,0,0,0,低活动,0,0.0,0.0,0,0,0,0,0,0,0,0,0,低活动,0,0.0,0.0,0,0,0,0,0,15,13,2,1,持续输入,3,14.891,4.783,0,0,2,3,11,36,17,19,3,修饰键占多数,7,40.118,5.16,0,0,5,7,16,36,17,19,3,修饰键占多数,7,40.118,5.16,0,0,5,7,16,10.039,
1387343-w004,1387343,37,2026-01-10T00:26:10.624100,1154,WA,91.7,74,Control -> = -> Control -> c -> Control -> c -> Shiftx14 -> ) -> ; -> c -> Controlx2 -> c -> l -> o -> g -> n ->   -> l -> o -> n -> g ->   -> Shift -> {,"


    long long
             c
                     {

                                           c

                                          );
                          c



                        c


 =",2,1,1,0,修饰键占多数,0,0.0,0.16,0,0,0,0,0,2,1,1,0,修饰键占多数,0,0.0,0.16,0,0,0,0,0,12,11,1,0,持续输入,1,18.66,0.787,0,0,0,1,10,36,17,19,3,修饰键占多数,7,49.218,5.16,0,0,4,6,15,38,18,20,3,修饰键占多数,8,58.778,5.615,0,0,5,8,17,4.35,
1387343-w005,1387343,64,2026-01-10T00:26:23.754799999,1154,WA,91.7,74,Control -> = -> Control -> c -> Control -> c -> Shiftx14 -> ) -> ; -> c -> Controlx2 -> c -> l -> o -> g -> n ->   -> l -> o -> n -> g ->   -> Shift -> { -> Control -> a -> Controlx16 -> a -> Controlx7 -> v,"v


    long long
             c
                     {a

                                           c

                                          );
                          c



                        c


 =",24,2,22,1,修饰键占多数,1,2.271,0.356,0,0,22,2,2,27,3,24,1,修饰键占多数,2,4.545,0.93,0,0,24,2,2,29,4,25,1,修饰键占多数,3,14.681,1.677,0,0,24,2,3,59,18,41,2,修饰键占多数,8,51.011,2.426,0,0,26,6,16,65,21,44,4,修饰键占多数,11,73.459,4.492,0,0,29,10,20,0.02,
1297782-w001,1297782,22,2026-01-06T19:04:39.088400,1581,AC,211.7,216,Shift -> # -> i -> n -> c -> u -> l -> d -> e -> Shift -> s -> < -> t -> d -> i -> o -> . -> h -> Shift -> > -> Enter -> i -> n,"#include<stdio.h>
in",2,2,0,0,持续输入,0,0.0,0.199,0,0,0,0,1,2,2,0,0,持续输入,0,0.0,0.199,0,0,0,0,1,21,19,2,0,持续输入,1,7.012,0.543,0,1,0,1,19,23,20,3,0,持续输入,2,34.353,0.603,0,1,0,1,20,23,20,3,0,持续输入,2,34.353,0.603,0,1,0,1,20,2.912,
1297782-w002,1297782,76,2026-01-06T19:05:16.139750,1581,AC,211.7,216,"Shift -> # -> i -> n -> c -> u -> l -> d -> e -> Shift -> s -> < -> t -> d -> i -> o -> . -> h -> Shift -> > -> Enter -> i -> n -> i -> n -> t ->   -> g -> c -> d -> Shift -> ( -> n -> i -> t ->   -> a -> , -> n -> i -> t ->   -> b -> Shift -> { -> Enterx2 -> n -> t ->   -> i -> m -> a -> i -> n -> Shift -> ( -> Shift -> { -> Enterx2 -> r -> e -> t ->   -> 0 -> ; -> i -> n -> t ->  x2 -> t -> e -> m -> p -> =","#include<stdio.h>
int gcd(int a,int b {
    int temp=

int main( {

    ret    0;",10,10,0,0,持续输入,0,0.0,1.022,0,0,0,0,8,10,10,0,0,持续输入,0,0.0,1.022,0,0,0,0,8,45,42,3,0,持续输入,2,14.214,1.112,0,4,0,5,38,75,69,6,0,持续输入,4,26.86,1.112,0,5,0,6,66,77,70,7,0,持续输入,5,54.201,1.207,0,5,0,6,67,0.356,
1297782-w003,1297782,131,2026-01-06T19:05:53.191100,1581,AC,211.7,216,"Shift -> # -> i -> n -> c -> u -> l -> d -> e -> Shift -> s -> < -> t -> d -> i -> o -> . -> h -> Shift -> > -> Enter -> i -> n -> i -> n -> t ->   -> g -> c -> d -> Shift -> ( -> n -> i -> t ->   -> a -> , -> n -> i -> t ->   -> b -> Shift -> { -> Enterx2 -> n -> t ->   -> i -> m -> a -> i -> n -> Shift -> ( -> Shift -> { -> Enterx2 -> r -> e -> t ->   -> 0 -> ; -> i -> n -> t ->  x2 -> t -> e -> m -> p -> = -> a -> Shift -> % -> b -> Enter -> ; -> a -> = -> b -> ; -> Enter -> b -> = -> t -> e -> ; -> Enter -> r -> e ->   -> a -> ; -> i -> t ->   -> n","#include<stdio.h>
int gcd(int a,int b {
    int temp=a%b;
    a=b;
int b=te( ;
    re     a;
    ret    0;

    int a,b;
    scanf(""%d%d ,&a,&b",12,9,3,0,持续输入,1,2.012,0.389,0,0,0,0,8,21,15,6,0,持续输入,1,2.012,0.883,0,0,0,0,14,49,43,6,0,持续输入,3,6.434,1.401,0,3,0,4,41,86,77,9,0,持续输入,6,21.408,1.634,0,7,0,9,72,132,118,14,0,持续输入,10,66.009,1.573,0,9,0,11,114,0.613,
1297782-w004,1297782,166,2026-01-06T19:06:30.242450,1581,AC,211.7,216,"Shift -> # -> i -> n -> c -> u -> l -> d -> e -> Shift -> s -> < -> t -> d -> i -> o -> . -> h -> Shift -> > -> Enter -> i -> n -> i -> n -> t ->   -> g -> c -> d -> Shift -> ( -> n -> i -> t ->   -> a -> , -> n -> i -> t ->   -> b -> Shift -> { -> Enterx2 -> n -> t ->   -> i -> m -> a -> i -> n -> Shift -> ( -> Shift -> { -> Enterx2 -> r -> e -> t ->   -> 0 -> ; -> i -> n -> t ->  x2 -> t -> e -> m -> p -> = -> a -> Shift -> % -> b -> Enter -> ; -> a -> = -> b -> ; -> Enter -> b -> = -> t -> e -> ; -> Enter -> r -> e ->   -> a -> ; -> i -> t ->   -> n","#include<stdio.h>
int gcd(int a,int b {
    int temp=a%b;
    a=b;
int b=te( ;
    re     b;
    ret    0;

    int a,b;
    scanf(""%d%d ,&a,&b ;
    int awn=g  (a,b ;
    pr    (""%d\n ,a   ;",1,1,0,0,持续输入,0,0.0,0.0,0,0,0,0,0,1,1,0,0,持续输入,0,0.0,0.0,0,0,0,0,0,27,23,4,0,持续输入,1,12.168,1.227,0,1,0,2,23,75,65,10,0,持续输入,3,16.454,1.275,0,4,0,6,62,146,131,15,0,持续输入,9,43.824,1.547,0,10,0,13,125,3.132,
1297782-w005,1297782,179,2026-01-06T19:07:07.293800,1581,AC,211.7,216,"Shift -> # -> i -> n -> c -> u -> l -> d -> e -> Shift -> s -> < -> t -> d -> i -> o -> . -> h -> Shift -> > -> Enter -> i -> n -> i -> n -> t ->   -> g -> c -> d -> Shift -> ( -> n -> i -> t ->   -> a -> , -> n -> i -> t ->   -> b -> Shift -> { -> Enterx2 -> n -> t ->   -> i -> m -> a -> i -> n -> Shift -> ( -> Shift -> { -> Enterx2 -> r -> e -> t ->   -> 0 -> ; -> i -> n -> t ->  x2 -> t -> e -> m -> p -> = -> a -> Shift -> % -> b -> Enter -> ; -> a -> = -> b -> ; -> Enter -> b -> = -> t -> e -> ; -> Enter -> r -> e ->   -> a -> ; -> i -> t ->   -> n","#include<stdio.h>
int gcd(int a,int b {
   whit (b!=0a%b;
    a=b;
int b=te( ;
    re     b;
    ret    0;

    int a,b;
    scanf(""%d%d ,&a,&b ;
    int awn=g  (a,b ;
    pr    (""%d\n ,a   ;",8,5,3,0,持续输入,0,0.0,0.971,0,0,0,0,3,13,9,4,0,持续输入,0,0.0,1.025,0,0,0,0,7,13,9,4,0,持续输入,0,0.0,1.025,0,0,0,0,7,29,22,7,0,持续输入,2,46.23,1.423,0,0,0,3,21,113,98,15,0,持续输入,7,58.038,1.665,0,6,0,9,93,0.906,
1136332-w001,1136332,101,2025-12-24T09:03:03.520000,1117,AC,767.3,104,"Shift -> # -> i -> n -> c -> l -> u -> e -> d -> Shift -> < -> s -> t -> d -> i -> o -> . -> h -> Shift -> > -> Enterx2 -> i -> n -> t ->   -> m -> i -> n -> a -> Shift -> ( -> Shift -> Enter -> r -> { -> e -> u -> t -> r -> n ->   -> 0 -> ; -> Enter -> i -> n -> t ->   -> t -> ; -> s -> a -> c -> n -> f -> Shiftx10 -> Enter -> Shift -> s -> c -> a -> n -> Shift -> f -> ( -> Shift -> "" -> 5 -> Shift -> % -> d -> , -> Shift -> & -> t -> lx2 -> ; -> Enter -> w -> i -> h -> l -> e -> Shift -> ( -> t -> -x2 -> Shift -> { -> Enter","#include<stdio.h>

int main( {
    int t;scanf
    scanf(""%d ,&t ;
    while(t-- {
",0,0,0,0,低活动,0,0.0,0.0,0,0,0,0,0,0,0,0,0,低活动,0,0.0,0.0,0,0,0,0,0,0,0,0,0,低活动,0,0.0,0.0,0,0,0,0,0,0,0,0,0,低活动,0,0.0,0.0,0,0,0,0,0,20,17,3,0,持续输入,0,0.0,1.348,0,2,0,1,14,107.232,
1136332-w002,1136332,101,2025-12-24T09:05:17.915625,1117,AC,767.3,104,"Shift -> # -> i -> n -> c -> l -> u -> e -> d -> Shift -> < -> s -> t -> d -> i -> o -> . -> h -> Shift -> > -> Enterx2 -> i -> n -> t ->   -> m -> i -> n -> a -> Shift -> ( -> Shift -> Enter -> r -> { -> e -> u -> t -> r -> n ->   -> 0 -> ; -> Enter -> i -> n -> t ->   -> t -> ; -> s -> a -> c -> n -> f -> Shiftx10 -> Enter -> Shift -> s -> c -> a -> n -> Shift -> f -> ( -> Shift -> "" -> 5 -> Shift -> % -> d -> , -> Shift -> & -> t -> lx2 -> ; -> Enter -> w -> i -> h -> l -> e -> Shift -> ( -> t -> -x2 -> Shift -> { -> Enter","#include<stdio.h>

int main( {
    int t;scanf
    scanf(""%d ,&t ;
    while(t-- {
",0,0,0,0,低活动,0,0.0,0.0,0,0,0,0,0,0,0,0,0,低活动,0,0.0,0.0,0,0,0,0,0,0,0,0,0,低活动,0,0.0,0.0,0,0,0,0,0,0,0,0,0,低活动,0,0.0,0.0,0,0,0,0,0,0,0,0,0,低活动,0,0.0,0.0,0,0,0,0,0,241.628,
1136332-w003,1136332,101,2025-12-24T09:07:32.311250,1117,AC,767.3,104,"Shift -> # -> i -> n -> c -> l -> u -> e -> d -> Shift -> < -> s -> t -> d -> i -> o -> . -> h -> Shift -> > -> Enterx2 -> i -> n -> t ->   -> m -> i -> n -> a -> Shift -> ( -> Shift -> Enter -> r -> { -> e -> u -> t -> r -> n ->   -> 0 -> ; -> Enter -> i -> n -> t ->   -> t -> ; -> s -> a -> c -> n -> f -> Shiftx10 -> Enter -> Shift -> s -> c -> a -> n -> Shift -> f -> ( -> Shift -> "" -> 5 -> Shift -> % -> d -> , -> Shift -> & -> t -> lx2 -> ; -> Enter -> w -> i -> h -> l -> e -> Shift -> ( -> t -> -x2 -> Shift -> { -> Enter","#include<stdio.h>

int main( {
    int t;scanf
    scanf(""%d ,&t ;
    while(t-- {
",0,0,0,0,低活动,0,0.0,0.0,0,0,0,0,0,0,0,0,0,低活动,0,0.0,0.0,0,0,0,0,0,0,0,0,0,低活动,0,0.0,0.0,0,0,0,0,0,0,0,0,0,低活动,0,0.0,0.0,0,0,0,0,0,0,0,0,0,低活动,0,0.0,0.0,0,0,0,0,0,376.023,
1136332-w004,1136332,101,2025-12-24T09:09:46.706875,1117,AC,767.3,104,"Shift -> # -> i -> n -> c -> l -> u -> e -> d -> Shift -> < -> s -> t -> d -> i -> o -> . -> h -> Shift -> > -> Enterx2 -> i -> n -> t ->   -> m -> i -> n -> a -> Shift -> ( -> Shift -> Enter -> r -> { -> e -> u -> t -> r -> n ->   -> 0 -> ; -> Enter -> i -> n -> t ->   -> t -> ; -> s -> a -> c -> n -> f -> Shiftx10 -> Enter -> Shift -> s -> c -> a -> n -> Shift -> f -> ( -> Shift -> "" -> 5 -> Shift -> % -> d -> , -> Shift -> & -> t -> lx2 -> ; -> Enter -> w -> i -> h -> l -> e -> Shift -> ( -> t -> -x2 -> Shift -> { -> Enter","#include<stdio.h>

int main( {
    int t;scanf
    scanf(""%d ,&t ;
    while(t-- {
",0,0,0,0,低活动,0,0.0,0.0,0,0,0,0,0,0,0,0,0,低活动,0,0.0,0.0,0,0,0,0,0,0,0,0,0,低活动,0,0.0,0.0,0,0,0,0,0,0,0,0,0,低活动,0,0.0,0.0,0,0,0,0,0,0,0,0,0,低活动,0,0.0,0.0,0,0,0,0,0,510.419,
1136332-w005,1136332,101,2025-12-24T09:12:01.102500,1117,AC,767.3,104,"Shift -> # -> i -> n -> c -> l -> u -> e -> d -> Shift -> < -> s -> t -> d -> i -> o -> . -> h -> Shift -> > -> Enterx2 -> i -> n -> t ->   -> m -> i -> n -> a -> Shift -> ( -> Shift -> Enter -> r -> { -> e -> u -> t -> r -> n ->   -> 0 -> ; -> Enter -> i -> n -> t ->   -> t -> ; -> s -> a -> c -> n -> f -> Shiftx10 -> Enter -> Shift -> s -> c -> a -> n -> Shift -> f -> ( -> Shift -> "" -> 5 -> Shift -> % -> d -> , -> Shift -> & -> t -> lx2 -> ; -> Enter -> w -> i -> h -> l -> e -> Shift -> ( -> t -> -x2 -> Shift -> { -> Enter","#include<stdio.h>

int main( {
    int t;scanf
    scanf(""%d ,&t ;
    while(t-- {
",0,0,0,0,低活动,0,0.0,0.0,0,0,0,0,0,0,0,0,0,低活动,0,0.0,0.0,0,0,0,0,0,0,0,0,0,低活动,0,0.0,0.0,0,0,0,0,0,0,0,0,0,低活动,0,0.0,0.0,0,0,0,0,0,0,0,0,0,低活动,0,0.0,0.0,0,0,0,0,0,644.814,
1319522-w001,1319522,1,2026-01-07T17:29:49.834600,2173,WA,779.4,48,Control -> v,v,0,0,0,0,低活动,0,0.0,0.0,0,0,0,0,0,0,0,0,0,低活动,0,0.0,0.0,0,0,0,0,0,0,0,0,0,低活动,0,0.0,0.0,0,0,0,0,0,0,0,0,0,低活动,0,0.0,0.0,0,0,0,0,0,0,0,0,0,低活动,0,0.0,0.0,0,0,0,0,0,155.622,
1319522-w002,1319522,1,2026-01-07T17:32:06.236250,2173,WA,779.4,48,Control -> v,v,0,0,0,0,低活动,0,0.0,0.0,0,0,0,0,0,0,0,0,0,低活动,0,0.0,0.0,0,0,0,0,0,0,0,0,0,低活动,0,0.0,0.0,0,0,0,0,0,0,0,0,0,低活动,0,0.0,0.0,0,0,0,0,0,0,0,0,0,低活动,0,0.0,0.0,0,0,0,0,0,292.023,
1319522-w003,1319522,1,2026-01-07T17:34:22.637900,2173,WA,779.4,48,Control -> v,v,0,0,0,0,低活动,0,0.0,0.0,0,0,0,0,0,0,0,0,0,低活动,0,0.0,0.0,0,0,0,0,0,0,0,0,0,低活动,0,0.0,0.0,0,0,0,0,0,0,0,0,0,低活动,0,0.0,0.0,0,0,0,0,0,0,0,0,0,低活动,0,0.0,0.0,0,0,0,0,0,428.425,
1319522-w004,1319522,4,2026-01-07T17:36:39.039550,2173,WA,779.4,48,Control -> v -> Controlx2 -> c,"v

















































































 c",0,0,0,0,低活动,0,0.0,0.0,0,0,0,0,0,0,0,0,0,低活动,0,0.0,0.0,0,0,0,0,0,0,0,0,0,低活动,0,0.0,0.0,0,0,0,0,0,0,0,0,0,低活动,0,0.0,0.0,0,0,0,0,0,0,0,0,0,低活动,0,0.0,0.0,0,0,0,0,0,123.765,
1319522-w005,1319522,44,2026-01-07T17:38:55.441200,2173,WA,779.4,48,Control -> v -> Controlx2 -> c -> Enter -> Control -> Shift -> ( -> a -> [ -> 2 ->   -> =x2 ->   -> ' -> Shift -> > -> Enter -> Shift -> { -> Enter -> Shift -> } -> Enter -> e -> l -> s -> e -> Enter -> { -> Shift -> Enter -> Control -> c -> Controlx2 -> v -> 3 -> 0 -> s -> Controlx2 -> c,"v

















































          (s[2  == '>
        {
            c


        }
        else
        {
            v                       3
                                    0






















 c








 c",0,0,0,0,低活动,0,0.0,0.0,0,0,0,0,0,0,0,0,0,低活动,0,0.0,0.0,0,0,0,0,0,2,1,1,1,剪贴板操作,0,0.0,0.125,0,0,1,0,0,5,3,2,1,持续输入,2,29.47,16.257,0,0,2,3,3,40,29,11,3,持续输入,6,44.956,3.669,0,6,6,13,29,29.784,
1422860-w001,1422860,2,2026-03-23T11:50:57.609200,1016,AC,495.3,138,Altx3,,0,0,0,0,低活动,0,0.0,0.0,0,0,0,0,0,0,0,0,0,低活动,0,0.0,0.0,0,0,0,0,0,0,0,0,0,低活动,0,0.0,0.0,0,0,0,0,0,0,0,0,0,低活动,0,0.0,0.0,0,0,0,0,0,3,0,3,0,修饰键占多数,2,23.107,15.961,0,0,0,0,0,75.96,
1422860-w002,1422860,4,2026-03-23T11:52:24.293000,1016,AC,495.3,138,Altx5,,0,0,0,0,低活动,0,0.0,0.0,0,0,0,0,0,0,0,0,0,低活动,0,0.0,0.0,0,0,0,0,0,0,0,0,0,低活动,0,0.0,0.0,0,0,0,0,0,1,0,1,0,修饰键占多数,0,0.0,0.0,0,0,0,0,0,2,0,2,0,修饰键占多数,1,46.877,46.877,0,0,0,0,0,34.984,
1422860-w003,1422860,66,2026-03-23T11:53:50.976800,1016,AC,495.3,138,Altx5 -> Controlx58 -> v -> Controlx2 -> Alt,v,0,0,0,0,低活动,0,0.0,0.0,0,0,0,0,0,1,0,1,0,修饰键占多数,0,0.0,0.0,0,0,0,0,0,1,0,1,0,修饰键占多数,0,0.0,0.0,0,0,0,0,0,62,1,61,1,剪贴板操作,1,46.66,0.05,0,0,60,1,1,62,1,61,1,剪贴板操作,1,46.66,0.05,0,0,60,1,1,7.587,
1422860-w004,1422860,68,2026-03-23T11:55:17.660600,1016,AC,495.3,138,Altx5 -> Controlx58 -> v -> Controlx2 -> Alt -> Control -> v,v,0,0,0,0,低活动,0,0.0,0.0,0,0,0,0,0,0,0,0,0,低活动,0,0.0,0.0,0,0,0,0,0,0,0,0,0,低活动,0,0.0,0.0,0,0,0,0,0,0,0,0,0,低活动,0,0.0,0.0,0,0,0,0,0,3,1,2,1,剪贴板操作,1,24.324,21.904,0,0,1,1,1,69.827,
1422860-w005,1422860,115,2026-03-23T11:56:44.344400,1016,AC,495.3,138,"Altx5 -> Controlx58 -> v -> Controlx2 -> Alt -> Control -> v -> p -> r -> i -> n -> t -> f -> Shift -> ( -> ) -> Shift -> "" -> % -> d -> , -> Control -> c -> Control -> v -> p -> r -> i -> n -> t -> Shift -> f -> ( -> "" -> n -> \ -> ; -> r -> p -> i -> n -> t -> p -> r -> i -> n -> t -> f -> Shift -> ( -> "" -> \ -> n -> ;","v







   printf(""%d ,v      c
              printf(""\n  ;

  printf(""\n  ;",1,1,0,0,持续输入,0,0.0,0.0,0,0,0,0,0,15,14,1,0,持续输入,0,0.0,1.147,0,0,0,0,13,29,27,2,0,持续输入,1,8.936,1.451,0,0,0,1,27,47,41,6,2,持续输入,5,24.894,2.178,0,0,2,2,40,47,41,6,2,持续输入,5,24.894,2.178,0,0,2,2,40,4.021,
1204347-w001,1204347,240,2025-12-29T20:42:10.992200,1537,WA,902.2,839,"Shift -> # -> i -> n -> c -> l -> u -> d -> Shift -> e -> Shiftx2 -> < -> > -> s -> t -> d -> i -> . -> o -> h -> Enter -> Shift -> # -> i -> n -> c -> l -> u -> d -> e -> Shift -> < -> > -> t -> r -> s -> n -> g -> i -> . -> h -> Enter -> n -> i -> t ->   -> a -> i -> n -> m -> Shift -> ( -> Shift -> { -> Enter -> i -> n -> t ->   -> n -> ; -> Enter -> w -> h -> i -> l -> e -> Shift -> ( -> s -> cx2 -> a -> n -> f -> ( -> Shiftx2 -> "" -> Shift -> % -> d -> , -> Shift -> & -> n -> Shift -> ! -> = -> Shift -> E -> F -> O -> Shift -> { -> Enterx2 -> s -> t -> r -> u -> c -> t","#include<stdio.h
#include<string.h
int main( {
    int n;
    struct Student{ ,&n !=EOF {
        int a,b,c, ;
     ;

        struct Stduent studen [1005 ;
            scanf(""%d ,
                       &student[i ,a ;c
            v                      b
            v                      c
             v                     d",0,0,0,0,低活动,0,0.0,0.0,0,0,0,0,0,2,2,0,0,持续输入,1,2.286,2.286,0,0,0,1,0,10,8,2,2,持续输入,4,20.07,6.568,0,2,2,5,5,52,38,14,5,持续输入,7,29.143,2.298,0,3,13,7,32,121,99,22,5,持续输入,16,65.666,2.598,0,5,13,11,92,7.487,
1204347-w002,1204347,469,2025-12-29T20:44:48.869500,1537,WA,902.2,839,"Controlx10 -> c -> v -> Enter -> Control -> v -> Enter -> Control -> v -> b -> c -> d -> Enter -> i -> n -> t ->   -> n -> u -> m -> ; -> Enter ->  x4 -> s -> t -> u -> d -> n -> e -> t -> . -> n -> u -> m -> [ -> i -> = -> Control -> c -> Control -> Insert -> Controlx2 -> vx2 -> Control -> v -> Shift -> + -> , -> .x6 -> Shift -> b -> + -> . -> c -> ; -> f -> o -> r -> Shift -> ( -> i -> t -> n ->   -> i -> = -> ; -> i -> Shift -> 0 -> < -> n -> ; -> Shift -> i -> +x2 -> Shift -> { -> Enter -> f -> o -> Shift -> r -> ( -> i -> n -> t ->   -> j -> = -> 0 -> ; -> Shift -> < -> j -> n -> - -> i -> - -> 1","#include<stdio.h
#include<string.h
int main( {
    int n;
    struct Student{ ,&n !=EOF {
        int a,b,c, ;
     ;  int num;

        struct Stduent studen [1005 ;
            scanf(""%d ,
                       &student[i ,a ;c
            v                     .bc
            v                     .c
             v                    .d
                                  .
            student[ium   =v         . +          .b+          .c;
         for(int i=0;i<n;i++ {
            for(int j=0;j<n-i-1;j++ {
                if(student[j .num<student[j+1 .num {
                    stRuct Student g=student[j ;
                    v       j =v",6,3,3,1,修饰键占多数,0,0.0,1.055,0,0,3,0,2,19,4,15,2,修饰键占多数,1,4.416,0.775,0,0,15,0,3,48,30,18,2,持续输入,2,7.109,1.425,0,1,15,1,29,111,57,54,2,持续输入,4,20.478,1.285,0,2,15,2,57,201,130,71,6,持续输入,11,45.436,1.345,0,4,20,11,131,2.2,
1204347-w003,1204347,700,2025-12-29T20:47:26.746800,1537,WA,902.2,839,"Controlx12 -> v -> j -> = -> Controlx3 -> v -> j -> Shift -> + -> 1 -> ; -> Enter -> Control -> v -> j -> + -> 1 -> Shift -> = -> g -> ; -> p -> r -> i -> n -> t -> f -> Shiftx4 -> ( -> Shift -> "" -> Shiftx12 -> B -> E -> S -> T -> \ -> n -> Shiftx56 -> % -> Shift -> d ->   -> Shift -> % -> d ->   -> Shift -> % -> d ->   -> Shift -> % -> d -> \ -> n -> , -> Shiftx56 -> Controlx10 -> v -> . -> 0 -> , -> Controlx6 -> v -> 0 -> . -> n -> u -> m -> , -> Controlx9 -> v -> Control -> 0 -> . -> b -> , -> Control -> v -> 0 -> . -> c -> , -> Control -> v -> 0 -> . -> d -> ; -> u","#include<stdio.h
#include<string.h
int main( {
    int n;
    struct Student{ ,&n !=EOF {
        int a,b,c, ;
     ;  int num;

        struct Stduent studen [1005 ;
            scanfu""%d ,
                       &student[i ,a ;c
            v                     .bc
            v                     .c
             v                    .d
                                  .
            student[ium   =v         . +          .b+          .c;
         for(int i=0;i<n;i++ {
            for(int j=0;j<n-i-1;j++ {
                if(student[j .num<student[j+1 .num {
                    stRuct Student g=student[j ;
                    v       j =v       j+1 ;
                    v       j+1 =g;


         printf(""BEST\n%d %d %d %d\n ,v       0 . ,v       0 .num,v       0 .b,v       0 .c,v       0 .d ;",0,0,0,0,低活动,0,0.0,0.0,0,0,0,0,0,0,0,0,0,低活动,0,0.0,0.0,0,0,0,0,0,1,1,0,0,持续输入,0,0.0,0.0,0,0,0,0,0,2,2,0,0,持续输入,1,29.93,29.93,0,0,0,1,1,127,40,87,5,修饰键占多数,13,63.231,1.957,0,0,28,1,39,29.966,
1204347-w004,1204347,733,2025-12-29T20:50:04.624100,1537,WA,902.2,839,"; -> p -> r -> i -> n -> t -> f -> Shiftx4 -> ( -> Shift -> "" -> Shiftx12 -> B -> E -> S -> T -> \ -> n -> Shiftx56 -> % -> Shift -> d ->   -> Shift -> % -> d ->   -> Shift -> % -> d ->   -> Shift -> % -> d -> \ -> n -> , -> Shiftx56 -> Controlx10 -> v -> . -> 0 -> , -> Controlx6 -> v -> 0 -> . -> n -> u -> m -> , -> Controlx9 -> v -> Control -> 0 -> . -> b -> , -> Control -> v -> 0 -> . -> c -> , -> Control -> v -> 0 -> . -> d -> ; -> u -> d -> Enter -> i -> f -> Shift -> ( -> Control -> c -> w -> h -> i -> l -> e -> Shift -> ( -> s -> [ -> t -> u -> d -> e -> n -> t -> x -> Enter -> i -> n -> t ->  ","#include<stdio.h
#include<string.h
int main( {
    int n;
    struct Student{ ,&n !=EOF {
        int a,b,c, ;
     ;  int num;

        struct Stduent studen [1005 ;
            scanfu""%d ,
                       &student[i ,a ;c
            v                     .bc
            v                     .c
             v                    .d
                                  .
            student[ium   =v         .d+          .b+          .c;
         for(int i=0;i<n;i++ {
            for(int j=0;j<n-i-1;j++ {
                if(student[j .num<student[j+1 .num {
                    stRuct Student g=student[j ;
                    v       j =v       j+1 ;
                    v       j+1 =g;


         int x=1;udentnxd %d %d %d\n ,v       0 . ,v       0 .num,v       0 .b,v       0 .c,v       0 .d ;c
        if(",8,8,0,0,持续输入,0,0.0,0.91,0,0,0,0,7,10,10,0,0,持续输入,1,2.089,1.723,0,1,0,0,8,27,25,2,1,持续输入,5,14.144,2.559,0,1,1,0,22,31,28,3,1,持续输入,6,40.331,2.727,0,1,1,1,25,33,30,3,1,持续输入,8,85.244,3.543,0,2,1,3,27,0.004,
1204347-w005,1204347,803,2025-12-29T20:52:42.501400,1537,WA,902.2,839,"Shiftx18 -> % -> Shift -> d ->   -> Shift -> % -> d ->   -> Shift -> % -> d ->   -> Shift -> % -> d -> \ -> n -> , -> Shiftx56 -> Controlx10 -> v -> . -> 0 -> , -> Controlx6 -> v -> 0 -> . -> n -> u -> m -> , -> Controlx9 -> v -> Control -> 0 -> . -> b -> , -> Control -> v -> 0 -> . -> c -> , -> Control -> v -> 0 -> . -> d -> ; -> u -> d -> Enter -> i -> f -> Shift -> ( -> Control -> c -> w -> h -> i -> l -> e -> Shift -> ( -> s -> [ -> t -> u -> d -> e -> n -> t -> x -> Enter -> i -> n -> t ->   -> x -> = -> ; -> 1 -> 0 -> Shift -> +x2 -> Shiftx2 -> ! -> . -> u -> m -> n -> s -> = -> t -> u -> d","#include<stdio.h
#include<string.h
int main( {
    int n;
    struct Student{ ,&n !=EOF {
        int a,b,c, ;
     ;  int num;

        struct Stduent studen [1005 ;
            scanfu""%d ,
                       &student[i ,a ;c
            v                     .bc
            v                     .c
             v                    .d
                                  .
            student[ium   =v         .d+          .b+          .c;
         for(int i=0;i<n;i++ {
            for(int j=0;j<n-i-1;j++ {
                if(student[j .num<student[j+1 .num {
                    stRuct Student g=student[j ;
                    v       j =v       j+1 ;
                    v       j+1 =g;


         int x=0;udentnxd %d %d %d\n ,v       0 . ,v       0 .num,v       0 .b,v       0 .c,v       0 .d ;c
        printf(""BEST\n +; .num==student[0 .num {
            v                                    x            x              x            x            x
            x++;

         v",7,2,5,2,剪贴板操作,0,0.0,1.159,0,0,4,0,0,7,2,5,2,剪贴板操作,0,0.0,1.159,0,0,4,0,0,24,16,8,2,持续输入,1,17.064,1.17,0,0,4,1,14,34,23,11,2,持续输入,2,25.214,1.17,0,2,5,4,21,38,27,11,2,持续输入,6,100.818,6.282,0,2,5,6,25,1.601,
993770-w001,993770,0,2025-12-06T12:12:35.120000,2132,WA,1622.1,176,c,c,0,0,0,0,低活动,0,0.0,0.0,0,0,0,0,0,0,0,0,0,低活动,0,0.0,0.0,0,0,0,0,0,0,0,0,0,低活动,0,0.0,0.0,0,0,0,0,0,0,0,0,0,低活动,0,0.0,0.0,0,0,0,0,0,0,0,0,0,低活动,0,0.0,0.0,0,0,0,0,0,324.42,
993770-w002,993770,2,2025-12-06T12:17:18.987499999,2132,WA,1622.1,176,c -> Control -> v,v,0,0,0,0,低活动,0,0.0,0.0,0,0,0,0,0,0,0,0,0,低活动,0,0.0,0.0,0,0,0,0,0,0,0,0,0,低活动,0,0.0,0.0,0,0,0,0,0,2,1,1,1,剪贴板操作,0,0.0,0.315,0,0,1,0,0,2,1,1,1,剪贴板操作,0,0.0,0.315,0,0,1,0,0,55.228,
993770-w003,993770,68,2025-12-06T12:22:02.855000,2132,WA,1622.1,176,c -> Control -> v -> Enterx7 -> Control -> Insert -> Enter -> Control -> Insert -> Control -> Insert -> Enterx7 -> Control -> Insert -> Enter -> Control -> Insert -> Enterx3 -> Control -> Insert -> Enterx12 -> Control -> Insert -> Enterx5 -> Control -> Insert -> Enterx14,"v























































































































































































































































",1,1,0,0,低活动,0,0.0,0.0,0,1,0,0,0,2,2,0,0,低活动,1,6.837,6.837,0,2,0,1,0,8,8,0,0,低活动,6,25.5,6.049,0,8,0,7,6,18,16,2,0,低活动,10,50.167,6.049,0,16,1,15,14,40,34,6,0,低活动,20,101.878,5.917,0,34,3,33,30,0.079,
993770-w004,993770,122,2025-12-06T12:26:46.722499999,2132,WA,1622.1,176,c -> Control -> v -> Enterx7 -> Control -> Insert -> Enter -> Control -> Insert -> Control -> Insert -> Enterx7 -> Control -> Insert -> Enter -> Control -> Insert -> Enterx3 -> Control -> Insert -> Enterx12 -> Control -> Insert -> Enterx5 -> Control -> Insert -> Enterx14 -> Control -> Insert -> Control -> Insert -> Enterx6 -> Control -> Insert -> Enterx2 -> Control -> Insert -> Enterx4 -> Control -> Insert -> Control -> Insert -> Enterx10 -> Control -> Insert -> Enterx4 -> Control -> Insert -> Enter -> Control -> Insert -> Enterx7 -> Control -> c,"v










































































































































































































































 c



































































































































































",0,0,0,0,低活动,0,0.0,0.0,0,0,0,0,0,0,0,0,0,低活动,0,0.0,0.0,0,0,0,0,0,0,0,0,0,低活动,0,0.0,0.0,0,0,0,0,0,0,0,0,0,低活动,0,0.0,0.0,0,0,0,0,0,2,1,1,1,剪贴板操作,0,0.0,0.315,0,0,1,0,0,92.124,
993770-w005,993770,159,2025-12-06T12:31:30.589999999,2132,WA,1622.1,176,c -> Control -> v -> Enterx7 -> Control -> Insert -> Enter -> Control -> Insert -> Control -> Insert -> Enterx7 -> Control -> Insert -> Enter -> Control -> Insert -> Enterx3 -> Control -> Insert -> Enterx12 -> Control -> Insert -> Enterx5 -> Control -> Insert -> Enterx14 -> Control -> Insert -> Control -> Insert -> Enterx6 -> Control -> Insert -> Enterx2 -> Control -> Insert -> Enterx4 -> Control -> Insert -> Control -> Insert -> Enterx10 -> Control -> Insert -> Enterx4 -> Control -> Insert -> Enter -> Control -> Insert -> Enterx7 -> Control -> c -> Control -> Insert -> Control -> Insert -> Control -> Insert -> Control -> Insert -> Control -> Insert -> Control -> Insert -> Control -> Insert -> Control -> Insert -> Control -> Insert -> Control -> Insert -> Control -> Insert -> Control -> Insert -> Control -> Insert -> Control -> Insert -> Control -> Insert -> Control -> Insert -> Control -> Insert -> Control -> v -> c,"v










































































































































































































































 c

















































































































































































 c",0,0,0,0,低活动,0,0.0,0.0,0,0,0,0,0,0,0,0,0,低活动,0,0.0,0.0,0,0,0,0,0,0,0,0,0,低活动,0,0.0,0.0,0,0,0,0,0,0,0,0,0,低活动,0,0.0,0.0,0,0,0,0,0,0,0,0,0,低活动,0,0.0,0.0,0,0,0,0,0,152.385,
1092863-w001,1092863,13,2025-12-19T17:05:15.126200,1465,AC,424.5,144,Control -> Insert -> Control -> v -> Control -> Insert -> Control -> Insert -> Controlx5 -> v,v,8,1,7,1,剪贴板操作,0,0.0,0.239,0,0,6,0,0,8,1,7,1,剪贴板操作,0,0.0,0.239,0,0,6,0,0,12,2,10,2,剪贴板操作,2,22.044,4.358,0,0,8,2,0,12,2,10,2,剪贴板操作,2,22.044,4.358,0,0,8,2,0,14,2,12,2,剪贴板操作,3,82.415,15.02,0,0,9,2,0,1.291,
1092863-w002,1092863,15,2025-12-19T17:06:29.409500,1465,AC,424.5,144,Control -> Insert -> Control -> v -> Control -> Insert -> Control -> Insert -> Controlx5 -> v -> Control -> v,v,2,1,1,1,剪贴板操作,0,0.0,0.494,0,0,1,0,0,2,1,1,1,剪贴板操作,0,0.0,0.494,0,0,1,0,0,2,1,1,1,剪贴板操作,0,0.0,0.494,0,0,1,0,0,2,1,1,1,剪贴板操作,0,0.0,0.494,0,0,1,0,0,14,3,11,3,剪贴板操作,3,93.91,15.02,0,0,9,2,0,3.215,
1092863-w003,1092863,30,2025-12-19T17:07:43.692800,1465,AC,424.5,144,Control -> Insert -> Control -> v -> Control -> Insert -> Control -> Insert -> Controlx5 -> v -> Control -> v -> Control -> Insert -> Control -> Insert -> Backspace -> 0 -> Backspacex3 -> 0 -> . -> 2 -> Backspacex3,"v




















































































2",1,1,0,0,低活动,0,0.0,0.0,1,0,0,0,0,1,1,0,0,低活动,0,0.0,0.0,1,0,0,0,0,3,3,0,0,低活动,1,19.932,17.952,3,0,0,0,0,15,11,4,0,持续输入,3,45.789,15.304,7,0,2,1,1,17,12,5,1,持续输入,4,70.423,20.642,7,0,3,2,2,2.414,
1092863-w004,1092863,135,2025-12-19T17:08:57.976100,1465,AC,424.5,144,Control -> Insert -> Control -> v -> Control -> Insert -> Control -> Insert -> Controlx5 -> v -> Control -> v -> Control -> Insert -> Control -> Insert -> Backspace -> 0 -> Backspacex3 -> 0 -> . -> 2 -> Backspacex3 -> 0x51 -> Backspace -> 0 -> Backspacex52,"v




















































































0",0,0,0,0,低活动,0,0.0,0.0,0,0,0,0,0,1,1,0,0,低活动,0,0.0,0.0,1,0,0,0,0,1,1,0,0,低活动,0,0.0,0.0,1,0,0,0,0,52,52,0,0,低活动,1,48.638,0.046,52,0,0,0,0,113,113,0,0,持续输入,4,104.205,0.145,58,0,0,0,0,9.508,
1092863-w005,1092863,135,2025-12-19T17:10:12.259400,1465,AC,424.5,144,Control -> Insert -> Control -> v -> Control -> Insert -> Control -> Insert -> Controlx5 -> v -> Control -> v -> Control -> Insert -> Control -> Insert -> Backspace -> 0 -> Backspacex3 -> 0 -> . -> 2 -> Backspacex3 -> 0x51 -> Backspace -> 0 -> Backspacex52,"v




















































































0",0,0,0,0,低活动,0,0.0,0.0,0,0,0,0,0,0,0,0,0,低活动,0,0.0,0.0,0,0,0,0,0,0,0,0,0,低活动,0,0.0,0.0,0,0,0,0,0,0,0,0,0,低活动,0,0.0,0.0,0,0,0,0,0,1,1,0,0,低活动,0,0.0,0.0,1,0,0,0,0,83.791,
1299589-w001,1299589,58,2026-01-06T20:23:42.642400,1899,AC,632.4,259,"Shift -> # -> i -> n -> c -> l -> u -> d -> e -> Shift -> < -> t -> d -> s -> i -> . -> o -> h -> Shift -> > -> Enter -> n -> t ->   -> i -> m -> i -> n -> Shift -> a -> ( -> Shift -> { -> Enterx6 -> r -> e -> t -> u -> r ->   -> 0 -> n -> ; -> i -> n -> t ->   -> a -> , -> b -> , -> n -> ; -> Enter","#include<stdio.h>
int main( {
    int a,b,n;




    return 0;",0,0,0,0,低活动,0,0.0,0.0,0,0,0,0,0,0,0,0,0,低活动,0,0.0,0.0,0,0,0,0,0,0,0,0,0,低活动,0,0.0,0.0,0,0,0,0,0,0,0,0,0,低活动,0,0.0,0.0,0,0,0,0,0,57,53,4,0,持续输入,1,14.937,0.83,0,8,0,8,48,84.287,
1299589-w002,1299589,111,2026-01-06T20:25:33.308374999,1899,AC,632.4,259,"Shift -> # -> i -> n -> c -> l -> u -> d -> e -> Shift -> < -> t -> d -> s -> i -> . -> o -> h -> Shift -> > -> Enter -> n -> t ->   -> i -> m -> i -> n -> Shift -> a -> ( -> Shift -> { -> Enterx6 -> r -> e -> t -> u -> r ->   -> 0 -> n -> ; -> i -> n -> t ->   -> a -> , -> b -> , -> n -> ; -> Enter -> w -> h -> i -> l -> e -> Shift -> ( -> s -> c -> a -> n -> f -> Shift -> ( -> Shift -> "" -> Shift -> % -> d -> Shift -> ~ -> % -> Shift -> d -> , -> Shift -> % -> d -> , -> Shift -> & -> a -> , -> Shift -> & -> b -> , -> Shift -> & -> n -> Shift -> ! -> = -> CapsLock -> E -> O","#include<stdio.h>
int main( {
    int a,b,n;
    while(scanf(""%d~%d,%d ,&a,&b,&n !=EOF {



    return 0;",0,0,0,0,低活动,0,0.0,0.0,0,0,0,0,0,0,0,0,0,低活动,0,0.0,0.0,0,0,0,0,0,22,15,7,0,持续输入,0,0.0,1.098,0,2,0,1,15,52,37,15,0,持续输入,4,21.241,1.497,0,2,0,1,37,53,38,15,0,持续输入,4,21.241,1.466,0,2,0,1,38,13.324,
1299589-w003,1299589,137,2026-01-06T20:27:23.974350,1899,AC,632.4,259,"Shift -> # -> i -> n -> c -> l -> u -> d -> e -> Shift -> < -> t -> d -> s -> i -> . -> o -> h -> Shift -> > -> Enter -> n -> t ->   -> i -> m -> i -> n -> Shift -> a -> ( -> Shift -> { -> Enterx6 -> r -> e -> t -> u -> r ->   -> 0 -> n -> ; -> i -> n -> t ->   -> a -> , -> b -> , -> n -> ; -> Enter -> w -> h -> i -> l -> e -> Shift -> ( -> s -> c -> a -> n -> f -> Shift -> ( -> Shift -> "" -> Shift -> % -> d -> Shift -> ~ -> % -> Shift -> d -> , -> Shift -> % -> d -> , -> Shift -> & -> a -> , -> Shift -> & -> b -> , -> Shift -> & -> n -> Shift -> ! -> = -> CapsLock -> E -> O","#include<stdio.h>
int main( {
    int a,b,n;
    while(scanf(""%d~%d,%d ,&a,&b,&n !=EOF {
        if(a<0 {
            printf(""Yes

    return 0;",0,0,0,0,低活动,0,0.0,0.0,0,0,0,0,0,0,0,0,0,低活动,0,0.0,0.0,0,0,0,0,0,0,0,0,0,低活动,0,0.0,0.0,0,0,0,0,0,0,0,0,0,低活动,0,0.0,0.0,0,0,0,0,0,26,19,7,0,持续输入,1,2.322,1.673,0,1,0,1,18,61.241,
1299589-w004,1299589,156,2026-01-06T20:29:14.640324999,1899,AC,632.4,259,"Shift -> # -> i -> n -> c -> l -> u -> d -> e -> Shift -> < -> t -> d -> s -> i -> . -> o -> h -> Shift -> > -> Enter -> n -> t ->   -> i -> m -> i -> n -> Shift -> a -> ( -> Shift -> { -> Enterx6 -> r -> e -> t -> u -> r ->   -> 0 -> n -> ; -> i -> n -> t ->   -> a -> , -> b -> , -> n -> ; -> Enter -> w -> h -> i -> l -> e -> Shift -> ( -> s -> c -> a -> n -> f -> Shift -> ( -> Shift -> "" -> Shift -> % -> d -> Shift -> ~ -> % -> Shift -> d -> , -> Shift -> % -> d -> , -> Shift -> & -> a -> , -> Shift -> & -> b -> , -> Shift -> & -> n -> Shift -> ! -> = -> CapsLock -> E -> O","#include<stdio.h>
int main( {
    int a,b,n;
    while(scanf(""%d~%d,%d ,&a,&b,&n !=EOF {
        if(a<0 {
            printf(""Yes\n  ;

    retuelse{
            int m=b-a",0,0,0,0,低活动,0,0.0,0.0,0,0,0,0,0,0,0,0,0,低活动,0,0.0,0.0,0,0,0,0,0,0,0,0,0,低活动,0,0.0,0.0,0,0,0,0,0,3,3,0,0,持续输入,0,0.0,0.981,0,0,0,0,2,19,18,1,0,持续输入,3,32.486,4.916,0,1,0,2,17,43.414,
1299589-w005,1299589,222,2026-01-06T20:31:05.306299999,1899,AC,632.4,259,"Shift -> # -> i -> n -> c -> l -> u -> d -> e -> Shift -> < -> t -> d -> s -> i -> . -> o -> h -> Shift -> > -> Enter -> n -> t ->   -> i -> m -> i -> n -> Shift -> a -> ( -> Shift -> { -> Enterx6 -> r -> e -> t -> u -> r ->   -> 0 -> n -> ; -> i -> n -> t ->   -> a -> , -> b -> , -> n -> ; -> Enter -> w -> h -> i -> l -> e -> Shift -> ( -> s -> c -> a -> n -> f -> Shift -> ( -> Shift -> "" -> Shift -> % -> d -> Shift -> ~ -> % -> Shift -> d -> , -> Shift -> % -> d -> , -> Shift -> & -> a -> , -> Shift -> & -> b -> , -> Shift -> & -> n -> Shift -> ! -> = -> CapsLock -> E -> O","#include<stdio.h>
int main( {
    int a,b,n;
    while(scanf(""%d~%d,%d ,&a,&b,&n !=EOF {
        if(a<0 {
            printf(""Yes\n  ;

    retuelse{
            int m=b-a;
            if(m<0 {
                printf(""Yes\n  ;

            else if(m<=n {
                printf(""No\n  ;",3,3,0,0,持续输入,1,2.774,2.545,0,0,0,0,2,7,5,2,0,持续输入,1,2.774,1.981,0,0,0,0,4,25,19,6,0,持续输入,5,16.975,2.825,0,1,0,1,18,60,47,13,0,持续输入,7,26.375,2.081,0,3,0,4,46,66,52,14,0,持续输入,10,54.074,2.818,0,4,0,5,51,1.549,
1249728-w001,1249728,106,2026-01-04T08:22:48.066000,2276,WA,728.9,112,"Shift -> # -> Shift ->   -> Shift -> < -> s -> t -> d -> i -> o -> . -> h -> Shift -> Enterx2 -> > -> i -> n -> t ->   -> m -> i -> n -> a -> Shift -> ( -> Enter -> { -> Enter -> Shift -> s -> c -> a -> i -> n -> t ->   -> w -> h -> i -> l -> e -> Shift -> ( -> s ->   -> c -> a -> n -> f -> ( -> Shift -> "" -> Shiftx2 -> % -> d -> , -> & -> Shift -> n ->  x2 -> Shift -> ! -> = ->   -> CapsLock -> E -> O -> F -> Enter -> Shift -> CapsLock -> { -> Enterx2 -> r -> e -> t -> u -> r -> n ->   -> 0 -> ; -> Shift -> Enter -> Shift -> i -> n -> t -> n -> ; ->   -> Enter -> t -> n -> i -> n -> t -> a ->  ","#        <stdio.h>
int a
int main(
{
    int n; scanf(""%d, &n  != EOF
    {                ,


    return 0;

 s",0,0,0,0,低活动,0,0.0,0.0,0,0,0,0,0,0,0,0,0,低活动,0,0.0,0.0,0,0,0,0,0,1,1,0,0,持续输入,0,0.0,0.0,0,0,0,0,0,3,2,1,0,持续输入,1,24.427,22.004,0,0,1,1,1,62,51,11,0,持续输入,4,75.516,1.678,0,5,1,11,51,21.088,
1249728-w002,1249728,106,2026-01-04T08:24:55.633125,2276,WA,728.9,112,"Shift -> # -> Shift ->   -> Shift -> < -> s -> t -> d -> i -> o -> . -> h -> Shift -> Enterx2 -> > -> i -> n -> t ->   -> m -> i -> n -> a -> Shift -> ( -> Enter -> { -> Enter -> Shift -> s -> c -> a -> i -> n -> t ->   -> w -> h -> i -> l -> e -> Shift -> ( -> s ->   -> c -> a -> n -> f -> ( -> Shift -> "" -> Shiftx2 -> % -> d -> , -> & -> Shift -> n ->  x2 -> Shift -> ! -> = ->   -> CapsLock -> E -> O -> F -> Enter -> Shift -> CapsLock -> { -> Enterx2 -> r -> e -> t -> u -> r -> n ->   -> 0 -> ; -> Shift -> Enter -> Shift -> i -> n -> t -> n -> ; ->   -> Enter -> t -> n -> i -> n -> t -> a ->  ","#        <stdio.h>
int a
int main(
{
    int n; scanf(""%d, &n  != EOF
    {                ,


    return 0;

 s",0,0,0,0,低活动,0,0.0,0.0,0,0,0,0,0,0,0,0,0,低活动,0,0.0,0.0,0,0,0,0,0,0,0,0,0,低活动,0,0.0,0.0,0,0,0,0,0,0,0,0,0,低活动,0,0.0,0.0,0,0,0,0,0,0,0,0,0,低活动,0,0.0,0.0,0,0,0,0,0,148.655,
1249728-w003,1249728,106,2026-01-04T08:27:03.200250,2276,WA,728.9,112,"Shift -> # -> Shift ->   -> Shift -> < -> s -> t -> d -> i -> o -> . -> h -> Shift -> Enterx2 -> > -> i -> n -> t ->   -> m -> i -> n -> a -> Shift -> ( -> Enter -> { -> Enter -> Shift -> s -> c -> a -> i -> n -> t ->   -> w -> h -> i -> l -> e -> Shift -> ( -> s ->   -> c -> a -> n -> f -> ( -> Shift -> "" -> Shiftx2 -> % -> d -> , -> & -> Shift -> n ->  x2 -> Shift -> ! -> = ->   -> CapsLock -> E -> O -> F -> Enter -> Shift -> CapsLock -> { -> Enterx2 -> r -> e -> t -> u -> r -> n ->   -> 0 -> ; -> Shift -> Enter -> Shift -> i -> n -> t -> n -> ; ->   -> Enter -> t -> n -> i -> n -> t -> a ->  ","#        <stdio.h>
int a
int main(
{
    int n; scanf(""%d, &n  != EOF
    {                ,


    return 0;

 s",0,0,0,0,低活动,0,0.0,0.0,0,0,0,0,0,0,0,0,0,低活动,0,0.0,0.0,0,0,0,0,0,0,0,0,0,低活动,0,0.0,0.0,0,0,0,0,0,0,0,0,0,低活动,0,0.0,0.0,0,0,0,0,0,0,0,0,0,低活动,0,0.0,0.0,0,0,0,0,0,276.222,
1249728-w004,1249728,106,2026-01-04T08:29:10.767375,2276,WA,728.9,112,"Shift -> # -> Shift ->   -> Shift -> < -> s -> t -> d -> i -> o -> . -> h -> Shift -> Enterx2 -> > -> i -> n -> t ->   -> m -> i -> n -> a -> Shift -> ( -> Enter -> { -> Enter -> Shift -> s -> c -> a -> i -> n -> t ->   -> w -> h -> i -> l -> e -> Shift -> ( -> s ->   -> c -> a -> n -> f -> ( -> Shift -> "" -> Shiftx2 -> % -> d -> , -> & -> Shift -> n ->  x2 -> Shift -> ! -> = ->   -> CapsLock -> E -> O -> F -> Enter -> Shift -> CapsLock -> { -> Enterx2 -> r -> e -> t -> u -> r -> n ->   -> 0 -> ; -> Shift -> Enter -> Shift -> i -> n -> t -> n -> ; ->   -> Enter -> t -> n -> i -> n -> t -> a ->  ","#        <stdio.h>
int a
int main(
{
    int n; scanf(""%d, &n  != EOF
    {                ,


    return 0;

 s",0,0,0,0,低活动,0,0.0,0.0,0,0,0,0,0,0,0,0,0,低活动,0,0.0,0.0,0,0,0,0,0,0,0,0,0,低活动,0,0.0,0.0,0,0,0,0,0,0,0,0,0,低活动,0,0.0,0.0,0,0,0,0,0,0,0,0,0,低活动,0,0.0,0.0,0,0,0,0,0,403.789,
1249728-w005,1249728,106,2026-01-04T08:31:18.334500,2276,WA,728.9,112,"Shift -> # -> Shift ->   -> Shift -> < -> s -> t -> d -> i -> o -> . -> h -> Shift -> Enterx2 -> > -> i -> n -> t ->   -> m -> i -> n -> a -> Shift -> ( -> Enter -> { -> Enter -> Shift -> s -> c -> a -> i -> n -> t ->   -> w -> h -> i -> l -> e -> Shift -> ( -> s ->   -> c -> a -> n -> f -> ( -> Shift -> "" -> Shiftx2 -> % -> d -> , -> & -> Shift -> n ->  x2 -> Shift -> ! -> = ->   -> CapsLock -> E -> O -> F -> Enter -> Shift -> CapsLock -> { -> Enterx2 -> r -> e -> t -> u -> r -> n ->   -> 0 -> ; -> Shift -> Enter -> Shift -> i -> n -> t -> n -> ; ->   -> Enter -> t -> n -> i -> n -> t -> a ->  ","#        <stdio.h>
int a
int main(
{
    int n; scanf(""%d, &n  != EOF
    {                ,


    return 0;

 s",0,0,0,0,低活动,0,0.0,0.0,0,0,0,0,0,0,0,0,0,低活动,0,0.0,0.0,0,0,0,0,0,0,0,0,0,低活动,0,0.0,0.0,0,0,0,0,0,0,0,0,0,低活动,0,0.0,0.0,0,0,0,0,0,0,0,0,0,低活动,0,0.0,0.0,0,0,0,0,0,531.356,
1203968-w001,1203968,62,2025-12-29T20:31:15.666400,1748,AC,381.0,330,"Shift -> # -> i -> n -> c -> u -> d -> l -> e -> Shift -> s -> t -> < -> d -> i -> o -> . -> h -> Shift -> > -> Enter -> i -> n -> t ->   -> m -> a -> i -> n -> Shift -> ( -> Enter -> Shift -> { -> Enter -> n -> t ->   -> i -> n -> [ -> 1 -> 0x3 -> ; -> Enter -> w -> h -> i -> l -> e -> Shift -> ( -> s -> c -> a -> n -> f -> Shift -> ( -> "" -> %","#include<stdio.h>
int main(
{
    int n[1000 ;
    while(scanf(""%",0,0,0,0,低活动,0,0.0,0.0,0,0,0,0,0,0,0,0,0,低活动,0,0.0,0.0,0,0,0,0,0,0,0,0,0,低活动,0,0.0,0.0,0,0,0,0,0,22,20,2,0,持续输入,1,2.365,1.032,0,1,0,1,19,63,56,7,0,持续输入,2,4.825,1.001,0,4,0,4,56,51.421,
1203968-w002,1203968,84,2025-12-29T20:32:22.347000,1748,AC,381.0,330,"Shift -> # -> i -> n -> c -> u -> d -> l -> e -> Shift -> s -> t -> < -> d -> i -> o -> . -> h -> Shift -> > -> Enter -> i -> n -> t ->   -> m -> a -> i -> n -> Shift -> ( -> Enter -> Shift -> { -> Enter -> n -> t ->   -> i -> n -> [ -> 1 -> 0x3 -> ; -> Enter -> w -> h -> i -> l -> e -> Shift -> ( -> s -> c -> a -> n -> f -> Shift -> ( -> "" -> % -> Control -> Insert -> 1 -> Control -> Insert -> Shift -> s -> , -> n -> Shift -> @ -> Shift -> ! -> = -> Shift -> E -> O -> F -> Enter -> Shift -> { -> Enter","#include<stdio.h>
int main(
{
    int n[1001 ;
    while(scanf(""%s ,n !=EOF
    {
",0,0,0,0,低活动,0,0.0,0.0,0,0,0,0,0,11,8,3,0,持续输入,0,0.0,0.508,0,2,0,1,7,22,13,9,0,持续输入,4,13.795,3.396,0,2,2,2,14,22,13,9,0,持续输入,4,13.795,3.396,0,2,2,2,14,24,15,9,0,持续输入,5,105.105,3.563,0,2,2,3,16,5.599,
1203968-w003,1203968,172,2025-12-29T20:33:29.027600,1748,AC,381.0,330,"Shift -> # -> i -> n -> c -> u -> d -> l -> e -> Shift -> s -> t -> < -> d -> i -> o -> . -> h -> Shift -> > -> Enter -> i -> n -> t ->   -> m -> a -> i -> n -> Shift -> ( -> Enter -> Shift -> { -> Enter -> n -> t ->   -> i -> n -> [ -> 1 -> 0x3 -> ; -> Enter -> w -> h -> i -> l -> e -> Shift -> ( -> s -> c -> a -> n -> f -> Shift -> ( -> "" -> % -> Control -> Insert -> 1 -> Control -> Insert -> Shift -> s -> , -> n -> Shift -> @ -> Shift -> ! -> = -> Shift -> E -> O -> F -> Enter -> Shift -> { -> Enterx2 -> Shift -> # -> i -> n -> c -> l -> u -> d -> e -> Shift -> s -> < -> t -> r -> i -> g -> .","#include<stdio.h>
#include<string.h>
{
    int n[1001 ;
    while(scanf(""%s ,n !=EOF
    {

        int len=strlen(n ;
        int isGet=0;
        int count=0;
                i=0;i<len;",10,9,1,0,持续输入,0,0.0,0.866,0,0,0,0,8,15,14,1,0,持续输入,1,2.565,0.922,0,0,0,1,13,39,37,2,0,持续输入,4,14.854,1.651,0,1,0,4,36,85,79,6,0,持续输入,7,32.815,1.019,0,3,0,8,79,110,94,16,0,持续输入,12,57.579,2.217,0,6,2,12,96,0.195,
1203968-w004,1203968,248,2025-12-29T20:34:35.708200,1748,AC,381.0,330,"Shift -> # -> i -> n -> c -> u -> d -> l -> e -> Shift -> s -> t -> < -> d -> i -> o -> . -> h -> Shift -> > -> Enter -> i -> n -> t ->   -> m -> a -> i -> n -> Shift -> ( -> Enter -> Shift -> { -> Enter -> n -> t ->   -> i -> n -> [ -> 1 -> 0x3 -> ; -> Enter -> w -> h -> i -> l -> e -> Shift -> ( -> s -> c -> a -> n -> f -> Shift -> ( -> "" -> % -> Control -> Insert -> 1 -> Control -> Insert -> Shift -> s -> , -> n -> Shift -> @ -> Shift -> ! -> = -> Shift -> E -> O -> F -> Enter -> Shift -> { -> Enterx2 -> Shift -> # -> i -> n -> c -> l -> u -> d -> e -> Shift -> s -> < -> t -> r -> i -> g -> .","#include<stdio.h>
#include<string.h>
{
    int n[1001 ;
    while(scanf(""%s ,n !=EOF
    {

        int len=strlen(n ;
        int isGet=0;
        int count=0;
                i=0;i<len;i++
        {
            if(n[i =='7  c    ++;

        if(c    >n/2 is   =1;
        int sum=0;
        for(int i=0;i<len;i",11,9,2,0,持续输入,0,0.0,0.787,0,0,0,0,9,26,23,3,0,持续输入,0,0.0,0.668,0,1,0,1,23,43,40,3,0,持续输入,4,11.7,1.547,0,2,0,2,40,63,57,6,0,持续输入,8,37.125,2.339,0,3,0,4,57,142,129,13,0,持续输入,15,67.784,2.087,0,8,0,13,129,0.331,
1203968-w005,1203968,322,2025-12-29T20:35:42.388799999,1748,AC,381.0,330,@ -> Shift -> ! -> = -> Shift -> E -> O -> F -> Enter -> Shift -> { -> Enterx2 -> Shift -> # -> i -> n -> c -> l -> u -> d -> e -> Shift -> s -> < -> t -> r -> i -> g -> . -> n -> h -> > -> Shift -> i -> n -> t ->   -> l -> e -> n -> = -> s -> t -> r -> l -> e -> n -> Shift -> ( -> n -> ; -> Enter -> f -> o -> r -> Shift -> ( -> Enter -> i -> n -> t ->   -> i -> s -> Shift -> G -> e -> t -> = -> 0 -> ; -> i -> t -> n -> Enter -> i -> n -> t ->   -> c -> o -> u -> n -> t -> = -> 0 -> ; ->   -> i -> = -> 0 -> ; -> i -> Shift -> < -> l -> e -> n -> ; -> i,"#include<stdio.h>
#include<string.h>
{
    int n[1001 ;
    while(scanf(""%s ,n !=EOF
    {

        int len=strlen(n ;
        int isGet=0;
        int count=0;
                i=0;i<len;i++
        {
            if(n[i =='7  c    ++;

        if(c    >n/2 is   =1;
        int sum=0;
        for(int i=0;i<len;i++
        {
            sum+=n[i -'0 ;

        if(sum%7==0 is   =1;
        if(is    pri   (""Yes\n  ;
        else p     (""No\n  ;",0,0,0,0,低活动,0,0.0,0.0,0,0,0,0,0,0,0,0,0,低活动,0,0.0,0.0,0,0,0,0,0,28,24,4,0,持续输入,0,0.0,0.995,0,1,0,1,23,62,55,7,0,持续输入,5,14.004,1.314,0,3,0,4,55,126,112,14,0,持续输入,14,48.027,2.164,0,8,0,9,112,15.227,
1090270-w001,1090270,213,2025-12-19T11:02:04.607000,2086,AC,828.3,642,"Shift -> # -> i -> n -> l -> u -> c -> d -> e -> Shiftx3 -> < -> s -> t -> d -> i -> . -> o -> h -> Shift -> > -> Enter -> i -> n -> t ->   -> m -> a -> i -> n -> Shift -> ( -> Shift -> { -> Enter -> r -> e -> u -> r -> n ->   -> t -> 0 -> ; -> Enter -> w -> h -> i -> l -> e -> Shift -> ( -> s -> c -> a -> n -> f -> 9 -> Shiftx2 -> ( -> Shift -> "" -> Shift -> % -> d -> , -> Shift -> & -> n -> Enter -> n -> t ->   -> i -> n ->   -> ; -> Shift -> ! -> = -> Shift -> E -> Shift -> O -> Shift -> F -> Shift -> { -> Enter -> f -> o -> i -> t -> n ->   -> n -> t ->   -> Enter -> i -> n","#include<stdio.h>
int main( {
    int  n;canf(""%d ,&n
    int s[10000 ;       !=EOF {
    int odd0000 ;
    int even[10000 ;


        for(int i=0;i<n;i++ {
            scanf(""%d ,s[i  ;

        for(int i=0;i<",0,0,0,0,低活动,0,0.0,0.0,0,0,0,0,0,4,3,1,0,持续输入,1,3.446,2.833,0,0,0,0,2,37,31,6,0,持续输入,2,8.392,1.533,0,2,0,3,30,70,56,14,0,持续输入,5,24.653,1.772,0,4,0,7,57,135,116,19,0,持续输入,12,52.835,1.845,0,8,0,12,115,5.232,
1090270-w002,1090270,365,2025-12-19T11:04:29.563875,2086,AC,828.3,642,"t ->   -> m -> a -> [ -> 1 -> 0x4 -> ; -> Enter -> o -> dx2 -> i -> n -> t ->   -> ex2 -> n -> v -> [ -> 1 -> 0x4 -> ; -> Shift -> Enterx2 -> Shift -> f -> o -> r -> Shift -> ( -> n -> t ->   -> ix2 -> = -> 0 -> ; -> i -> < -> Shift -> n -> ; -> i -> = -> Shift -> = -> Shiftx2 -> + -> Shift -> + -> Shift -> { -> Enter -> s -> c -> a -> n -> f -> Shift -> ( -> Shift -> "" -> Shift -> % -> d -> , -> s -> [ -> i -> ; -> Enter -> f -> o -> r -> Shift -> ( -> i -> n -> t ->   -> i -> = -> 0 -> ; -> i -> Shift -> < -> Enter -> i -> n -> t ->   -> o -> dx2 -> = -> 0 -> ; -> Enter -> i -> t","#include<stdio.h>
int main( {
    int  n;canf(""%d ,&n
    int s[10000 ;       !=EOF {
    int odd0000 ;
    int even[10000 ;


        for(int i=0;i<n;i++ {
            scanf(""%d ,s[i  ;

        int odd=0;0;i<
        int even=0;
                      n;i++ {
            if(s[i %2==0 {
                evensev=s[i ;
                e++
             else{
                odd[o =s[i ;
                o++;;


        for(int i=0;i<e-1++ {
            for(int j=0;j<e",3,2,1,0,持续输入,1,3.472,3.129,0,0,0,0,1,14,12,2,0,持续输入,1,3.472,1.183,0,0,0,0,11,41,34,7,0,持续输入,3,10.319,1.44,0,1,0,1,33,75,63,12,0,持续输入,5,23.59,1.397,0,4,0,5,62,125,103,22,0,持续输入,11,56.194,1.859,0,7,0,9,102,0.666,
1090270-w003,1090270,461,2025-12-19T11:06:54.520750,2086,AC,828.3,642,Shift -> < -> Enter -> i -> n -> t ->   -> o -> dx2 -> = -> 0 -> ; -> Enter -> i -> t -> n ->   -> n -> e -> v -> e -> n -> = -> 0 -> ; -> n -> ; -> i -> Shift -> + -> = -> Shiftx2 -> + -> Shift -> { -> Enter -> i -> f -> ( -> Shift -> s -> [ -> i -> Shift -> % -> 2 -> =x2 -> 0 -> Shift -> { -> Enter -> o -> e -> v -> e -> n -> [ -> s -> o -> e -> v -> e -> n -> = -> s -> [ -> i -> ; -> Enter -> e -> Shift -> + -> = -> Shiftx2 -> + -> Shift -> e -> l -> s -> e -> Shift -> { -> Enter -> o -> dx2 -> [ -> o -> = -> s -> [ -> i -> ; -> Enter -> o -> Shift -> + -> Shift -> + -> ;x2 -> Enter,"#include<stdio.h>
int main( {
    int  n;canf(""%d ,&n
    int s[10000 ;       !=EOF {
    int odd0000 ;
    int even[10000 ;


        for(int i=0;i<n;i++ {
            scanf(""%d ,s[i  ;

        int odd=0;0;i<
        int even=0;
                      n;i++ {
            if(s[i %2==0 {
                evensev=s[i ;
                e++
             else{
                odd[o =s[i ;
                o++;;


        for(int i=0;i<e-1++ {
            for(int j=0;j<e-i-1;j++ {
                int t=even[j
                           even[j+1  {
                    even[j =even[j+1 ;
                    even[j+1 =t;


         v             o
                          o",1,1,0,0,持续输入,0,0.0,0.0,0,0,0,0,0,2,2,0,0,持续输入,1,4.053,4.053,0,0,0,1,1,10,5,5,3,修饰键占多数,4,23.657,7.358,0,0,4,1,2,34,24,10,3,持续输入,8,42.157,5.738,0,1,5,4,21,73,60,13,3,持续输入,13,66.419,3.223,0,3,5,8,55,4.082,
1090270-w004,1090270,626,2025-12-19T11:09:19.477625,2086,AC,828.3,642,Enter -> { -> i -> f -> Shift -> ( -> e -> v -> e -> n -> [ -> j -> > -> Shift -> Enter -> i -> n -> t ->   -> t -> ; -> = -> e -> v -> e -> n -> [ -> j -> e -> v -> e -> n -> [ -> j -> Shift -> + -> 1 -> Shift -> { -> Enter -> e -> v -> n -> e -> [ -> j -> = -> e -> v -> e -> n -> Shift -> J -> [ -> Shift -> + -> 1 -> j -> ; -> Enter -> e -> v -> e -> n -> [ -> j -> Shift -> + -> 1 -> - -> = -> t -> ; -> Control -> Insert -> Control -> Insert -> Control -> c -> Control -> v -> Control -> v -> ox3 -> dx4 -> ox2 -> dx2 -> o -> dx2 -> o -> dx2 -> o -> dx2 -> Control -> Insert -> Enter -> r -> f -> o -> Shift,"#include<stdio.h>
int main( {
    int  n;canf(""%d ,&n
    int s[10000 ;       !=EOF {
    int odd0000 ;
    int even[10000 ;


        for(int i=0;i<n;i++ {
            scanf(""%d ,s[i  ;

        int odd=0;0;i<
        int even=0;
                      n;i++ {
            if(s[i %2==0 {
                evensev=s[i ;
                e++
             else{
                odd[o =s[i ;
                o++;;


        for(int i=0;i<e-1++ {
            for(int j=0;j<e-i-1;j++ {
                int t=even[j
                           even[j+1  {
                    even[j =even[j+1 ;
                    even[j+1 =t;


         v             o
                          o
                      odd
                   odd    odd
                    odd     odd
                    odd



        for(int i=0;i<o;i++ {
            printf(""%d ,odd[i  ;
         printf(""\n  ;
        for(int i=0;i<e;i++ {
            printf(""%d ,even[i  ;
         printf(""\n"" ;",0,0,0,0,低活动,0,0.0,0.0,0,0,0,0,0,0,0,0,0,低活动,0,0.0,0.0,0,0,0,0,0,26,20,6,0,持续输入,2,10.183,1.259,0,1,0,1,19,85,68,17,0,持续输入,4,14.435,1.246,0,3,0,3,70,145,119,26,0,持续输入,7,48.667,1.289,0,5,0,6,121,10.594,
1090270-w005,1090270,630,2025-12-19T11:11:44.434500,2086,AC,828.3,642,Shift -> ( -> e -> v -> e -> n -> [ -> j -> > -> Shift -> Enter -> i -> n -> t ->   -> t -> ; -> = -> e -> v -> e -> n -> [ -> j -> e -> v -> e -> n -> [ -> j -> Shift -> + -> 1 -> Shift -> { -> Enter -> e -> v -> n -> e -> [ -> j -> = -> e -> v -> e -> n -> Shift -> J -> [ -> Shift -> + -> 1 -> j -> ; -> Enter -> e -> v -> e -> n -> [ -> j -> Shift -> + -> 1 -> - -> = -> t -> ; -> Control -> Insert -> Control -> Insert -> Control -> c -> Control -> v -> Control -> v -> ox3 -> dx4 -> ox2 -> dx2 -> o -> dx2 -> o -> dx2 -> o -> dx2 -> Control -> Insert -> Enter -> r -> f -> o -> Shift -> ( -> i -> n -> t,"#include<stdio.h>
int main( {
    int  n;canf(""%d ,&n
    int s[10000 ;       !=EOF {
    int odd0000 ;
    int even[10000 ;


        for(int i=0;i<n;i++ {
            scanf(""%d ,s[i  ;

        int odd=0;0;i<
        int even=0;
                      n;i++ {
            if(s[i %2==0 {
                evensev=s[i ;
                e++
             else{
                odd[o =s[i ;
                o++;;


        for(int i=0;i<e-1++ {
            for(int j=0;j<e-i-1;j++ {
                int t=even[j
                           even[j+1  {
                    even[j =even[j+1 ;
                    even[j+1 =t;


         v             o
                          o
                      odd
                   odd    odd
                    odd     odd
                    odd



        for(int i=0;i<o;i++ {
            printf(""%d ,odd[i  ;
         printf(""\n  ;
        for(int i=0;i<e;i++ {
            printf(""%d ,even[i  ;
         printf(""\n"" ;


 c",0,0,0,0,低活动,0,0.0,0.0,0,0,0,0,0,0,0,0,0,低活动,0,0.0,0.0,0,0,0,0,0,0,0,0,0,低活动,0,0.0,0.0,0,0,0,0,0,4,1,3,1,剪贴板操作,0,0.0,0.735,0,0,2,0,0,4,1,3,1,剪贴板操作,0,0.0,0.735,0,0,2,0,0,33.166,
1132940-w001,1132940,218,2025-12-23T22:27:27.826200,1664,AC,1376.0,465,"Shift -> # -> i -> n -> c -> l -> u -> d -> e ->   -> u -> Shift -> < -> > -> s -> t -> d -> i -> o -> . -> h -> Enter -> i -> n -> t ->   -> m -> a -> i -> n -> Shift -> ( -> { -> Shift -> Enter -> i -> n -> i -> t ->   -> t ->   -> u -> px2 -> b -> e -> f -> o -> r -> e -> [ -> 1 -> 0x2 -> 5 -> ; -> i -> Enter -> n ->   -> t -> a -> f -> t -> e -> r -> [ -> 0x2 -> 5 -> 1 -> ; -> Enter -> h -> i -> l -> w -> e -> ( -> s -> Shift -> c -> n -> a -> f -> ( -> Shiftx2 -> % -> "" -> Shiftx2 -> % -> s ->   -> Shift -> s -> % -> , -> b -> , -> a ->   -> Shift","#include <stdio.h
#include <string.h
    charbefore[1005 ;
void maxafter[1005 ;
    while(scanf(""%s %s ,b     ,a      != EOF {

        int len_1 = strlen(b      ;
        int len_2 = strlen(af    ;
",0,0,0,0,低活动,0,0.0,0.0,0,0,0,0,0,0,0,0,0,低活动,0,0.0,0.0,0,0,0,0,0,8,8,0,0,持续输入,0,0.0,1.207,0,0,0,0,7,10,10,0,0,持续输入,1,7.056,2.902,0,2,0,2,8,95,78,17,0,持续输入,5,45.347,1.182,0,5,0,6,72,26.16,
1132940-w002,1132940,356,2025-12-23T22:31:28.632500,1664,AC,1376.0,465,  -> Shift -> E -> O -> F -> Shift -> { -> Enter -> c -> h -> a -> e -> r -> c -> a -> r -> h -> Enter -> Shiftx9 -> # -> i -> n -> c -> l -> u -> d -> e ->   -> Shift -> < -> > -> s -> t -> d -> r -> i -> n -> g -> . -> h -> i -> n -> t ->   -> l -> e -> n -> Shiftx3 -> _ -> 1 -> = ->  x2 -> s -> t -> r -> l -> e -> n -> Shift -> ( -> b -> ; -> Enter -> i -> n -> t ->   -> l -> e -> n -> Shift -> + -> Shift -> _ -> 2 ->   -> = ->   -> s -> t -> r -> l -> e -> n ->   -> Shift -> ( -> a -> f -> ; -> Enterx3 -> v -> o -> i -> d ->   -> m -> a -> x -> Shiftx2,"#include <stdio.h
#include <string.h
    charbefore[1005 ;
void ma(int a,int b;{
    retle( (a > b% ? a : b;   ,a      != EOF {

        int len_1 = strlen(b      ;
        int len_2 = strlen(af    ;





        int n = max(l   1,l     ;
        int str[100 0; i < n; i ++{

            s  [i  = b     [i  - '0",2,2,0,0,持续输入,0,0.0,1.609,0,0,0,0,1,5,5,0,0,持续输入,0,0.0,1.538,0,0,0,0,4,6,6,0,0,持续输入,1,8.92,5.996,0,0,0,0,5,8,8,0,0,持续输入,3,52.87,21.397,0,0,0,0,7,48,45,3,0,持续输入,10,96.422,4.008,0,2,0,3,43,2.295,
1132940-w003,1132940,402,2025-12-23T22:35:29.438800,1664,AC,1376.0,465,". -> h -> i -> n -> t ->   -> l -> e -> n -> Shiftx3 -> _ -> 1 -> = ->  x2 -> s -> t -> r -> l -> e -> n -> Shift -> ( -> b -> ; -> Enter -> i -> n -> t ->   -> l -> e -> n -> Shift -> + -> Shift -> _ -> 2 ->   -> = ->   -> s -> t -> r -> l -> e -> n ->   -> Shift -> ( -> a -> f -> ; -> Enterx3 -> v -> o -> i -> d ->   -> m -> a -> x -> Shiftx2 -> i -> n -> t -> ( ->   -> a -> , -> i -> n -> t ->   -> b -> Shift -> { -> Enter -> r -> e -> t ->   -> Shiftx7 -> ( -> a ->   -> Shift -> > ->   -> b ->   -> Shift -> ? ->   -> a ->   -> : -> Shift ->   -> b -> ;","#include <stdio.h
#include <string.h
    charbefore[1005 ;
void ma(int a,int b;{
    retle( (a > b% ? a : b;   ,a      != EOF {

        int len_1 = strlen(b      ;
        int len_2 = strlen(af    ;





        int n = max(l   1,l     ;
        int str[100 0; i < n; i ++{

            s   temp b ]]  [i  - '0 (  + (a    [i  - '0  (-   - 'a
",0,0,0,0,低活动,0,0.0,0.0,0,0,0,0,0,0,0,0,0,低活动,0,0.0,0.0,0,0,0,0,0,0,0,0,0,低活动,0,0.0,0.0,0,0,0,0,0,1,0,1,0,修饰键占多数,0,0.0,0.0,0,0,1,0,0,14,12,2,0,持续输入,3,58.832,19.84,0,1,1,1,12,50.818,
1132940-w004,1132940,456,2025-12-23T22:39:30.245100,1664,AC,1376.0,465,"; -> Enterx3 -> v -> o -> i -> d ->   -> m -> a -> x -> Shiftx2 -> i -> n -> t -> ( ->   -> a -> , -> i -> n -> t ->   -> b -> Shift -> { -> Enter -> r -> e -> t ->   -> Shiftx7 -> ( -> a ->   -> Shift -> > ->   -> b ->   -> Shift -> ? ->   -> a ->   -> : -> Shift ->   -> b -> ; -> Enter -> i -> n -> t ->   -> m -> x -> a ->   -> Shift -> _ -> l -> e -> nx2 ->   -> = ->   -> m -> a -> x -> ( -> Shift -> l -> 1 -> ; -> , -> l -> Enter -> ; -> f -> o -> r -> Shift -> ( -> i -> n -> t ->   -> n ->   -> = ->   -> 0 -> i -> j -> ; ->   -> i ->   -> Shift -> <","#include <stdio.h
#include <string.h
    charbefore[1005 ;
void ma(int a,int b;{
    retle( (a > b%   a   b;   ,a      != EOF {

        int len_1 = strlen(b      ;
        int len_2 = strlen(af    ;





        int n = max(l   1,l     ;
        int str[1   0; i < n; i ++{

            s   tem    ]   [i  -  0 (  + (a    [i  - '0  (-   - 'a







",0,0,0,0,低活动,0,0.0,0.0,0,0,0,0,0,0,0,0,0,低活动,0,0.0,0.0,0,0,0,0,0,0,0,0,0,低活动,0,0.0,0.0,0,0,0,0,0,0,0,0,0,低活动,0,0.0,0.0,0,0,0,0,0,17,16,1,0,持续输入,4,19.17,4.049,0,0,1,6,15,86.807,
1132940-w005,1132940,456,2025-12-23T22:43:31.051400,1664,AC,1376.0,465,"; -> Enterx3 -> v -> o -> i -> d ->   -> m -> a -> x -> Shiftx2 -> i -> n -> t -> ( ->   -> a -> , -> i -> n -> t ->   -> b -> Shift -> { -> Enter -> r -> e -> t ->   -> Shiftx7 -> ( -> a ->   -> Shift -> > ->   -> b ->   -> Shift -> ? ->   -> a ->   -> : -> Shift ->   -> b -> ; -> Enter -> i -> n -> t ->   -> m -> x -> a ->   -> Shift -> _ -> l -> e -> nx2 ->   -> = ->   -> m -> a -> x -> ( -> Shift -> l -> 1 -> ; -> , -> l -> Enter -> ; -> f -> o -> r -> Shift -> ( -> i -> n -> t ->   -> n ->   -> = ->   -> 0 -> i -> j -> ; ->   -> i ->   -> Shift -> <","#include <stdio.h
#include <string.h
    charbefore[1005 ;
void ma(int a,int b;{
    retle( (a > b%   a   b;   ,a      != EOF {

        int len_1 = strlen(b      ;
        int len_2 = strlen(af    ;





        int n = max(l   1,l     ;
        int str[1   0; i < n; i ++{

            s   tem    ]   [i  -  0 (  + (a    [i  - '0  (-   - 'a







",0,0,0,0,低活动,0,0.0,0.0,0,0,0,0,0,0,0,0,0,低活动,0,0.0,0.0,0,0,0,0,0,0,0,0,0,低活动,0,0.0,0.0,0,0,0,0,0,0,0,0,0,低活动,0,0.0,0.0,0,0,0,0,0,0,0,0,0,低活动,0,0.0,0.0,0,0,0,0,0,327.613,
1248218-w001,1248218,6,2026-01-03T23:22:53.020400,1084,AC,167.2,50,Shift -> * -> 2 -> m -> - -> 1 -> n,"



                      2*n-1",0,0,0,0,低活动,0,0.0,0.0,0,0,0,0,0,0,0,0,0,低活动,0,0.0,0.0,0,0,0,0,0,1,1,0,0,持续输入,0,0.0,0.0,0,0,0,0,0,7,6,1,0,持续输入,1,13.25,7.117,0,0,0,0,5,7,6,1,0,持续输入,1,13.25,7.117,0,0,0,0,5,18.155,
1248218-w002,1248218,36,2026-01-03T23:23:22.431250,1084,AC,167.2,50,Shift -> * -> 2 -> m -> - -> 1 -> n -> Controlx27 -> c -> Controlx2,"



                      2*n-1



 c",30,1,29,1,剪贴板操作,0,0.0,0.152,0,0,29,0,0,30,1,29,1,剪贴板操作,0,0.0,0.152,0,0,29,0,0,30,1,29,1,剪贴板操作,0,0.0,0.152,0,0,29,0,0,31,2,29,1,修饰键占多数,1,45.031,0.24,0,0,29,1,1,37,7,30,1,修饰键占多数,2,58.281,0.505,0,0,29,1,6,0.551,
1248218-w003,1248218,36,2026-01-03T23:23:51.842100,1084,AC,167.2,50,Shift -> * -> 2 -> m -> - -> 1 -> n -> Controlx27 -> c -> Controlx2,"



                      2*n-1



 c",0,0,0,0,低活动,0,0.0,0.0,0,0,0,0,0,0,0,0,0,低活动,0,0.0,0.0,0,0,0,0,0,1,0,1,0,修饰键占多数,0,0.0,0.0,0,0,1,0,0,30,1,29,1,剪贴板操作,0,0.0,0.152,0,0,29,0,0,37,7,30,1,修饰键占多数,2,58.281,0.505,0,0,29,1,6,29.962,
1248218-w004,1248218,36,2026-01-03T23:24:21.252950,1084,AC,167.2,50,Shift -> * -> 2 -> m -> - -> 1 -> n -> Controlx27 -> c -> Controlx2,"



                      2*n-1



 c",0,0,0,0,低活动,0,0.0,0.0,0,0,0,0,0,0,0,0,0,低活动,0,0.0,0.0,0,0,0,0,0,0,0,0,0,低活动,0,0.0,0.0,0,0,0,0,0,5,1,4,1,剪贴板操作,0,0.0,0.3,0,0,4,0,0,33,4,29,1,修饰键占多数,2,58.281,0.32,0,0,29,1,3,59.373,
1248218-w005,1248218,45,2026-01-03T23:24:50.663800,1084,AC,167.2,50,Shift -> * -> 2 -> m -> - -> 1 -> n -> Controlx27 -> c -> Controlx2 -> l -> o -> n -> g ->   -> l -> o -> n -> g,"

    long long

                      2*n-1



 c",9,9,0,0,持续输入,0,0.0,0.684,0,0,0,0,8,9,9,0,0,持续输入,0,0.0,0.684,0,0,0,0,8,9,9,0,0,持续输入,0,0.0,0.684,0,0,0,0,8,9,9,0,0,持续输入,0,0.0,0.684,0,0,0,0,8,39,10,29,1,修饰键占多数,1,85.039,0.442,0,0,29,1,9,0.714,
1055705-w001,1055705,321,2025-12-15T19:25:49.151400,1537,WA,1035.9,1029,e -> n -> t -> d -> Enter -> Shift -> { -> Enter -> ; -> c -> a -> h -> r ->   -> i -> d -> [ -> 6 -> ; -> Enter -> h -> a -> i -> n ->   -> tx2 -> h -> m -> ; -> a -> Enter -> i -> n -> t ->   -> e -> n -> g -> l -> i -> s -> h -> l -> ; -> Enter -> i -> j -> n -> t ->   -> n -> t ->   -> ; -> Enter -> c -> i -> n -> t ->   -> t -> o -> t -> a -> l -> Enter -> Shift -> Enter -> > -> i -> n -> t ->   -> Shift -> # -> i -> c -> l -> u -> d -> n -> e -> < -> s -> Shift -> t -> l -> i -> b -> d -> . -> Shift -> > -> h -> Enter -> Shift -> # -> i -> n -> c,"#include<stdio.h>'
#include<stdlib.h>
#include<string.h>
{ char id[6 ;
 ;int math;
  int english;
  int c;
  int total

    return 0;



int cmp(const void*a,const void&*b
{
    struct student*c=(v               a;
    v              y=(v               b;
    if(y->ty->total - x->total;
",9,7,2,0,持续输入,1,2.73,1.732,0,0,0,0,7,15,13,2,0,持续输入,2,5.561,2.411,0,2,0,2,12,45,41,4,0,持续输入,5,15.305,2.411,0,3,0,3,39,86,72,14,4,持续输入,7,22.707,1.603,0,4,6,4,72,224,199,25,4,持续输入,13,49.562,1.3,0,13,6,15,200,0.028,
1055705-w002,1055705,547,2025-12-15T19:28:50.431625,1537,WA,1035.9,1029,"  -> - ->   -> x -> - -> Shift -> t -> > -> o -> t -> a -> l -> ; -> Enterx2 -> i -> f -> Shift -> ( -> - -> Shift -> y -> > -> t -> o -> t -> l -> a ->   -> =x2 ->   -> x -> - -> Shift -> > -> t -> o -> t -> a -> ; -> lx2 -> Enter -> Shift -> { -> Enter -> t -> u -> rx2 -> n ->   -> e -> r -> c -> m -> o -> s -> t -> p -> Shift -> ( -> x -> - -> Shift -> > -> i -> d -> , -> y -> - -> Shift -> > -> d -> i -> ; -> i -> n -> t ->   -> n -> ; -> Enter -> w -> i -> h -> e -> l -> Shift -> 9 -> Shift -> s -> e -> Shift -> l -> ( -> s -> c -> n -> f -> Shift -> ( -> Shift","#include<stdio.h>'
#include<stdlib.h>
#include<string.h>
{ char id[6 ;
 ;int math;
  int english;
  int c;
  int total

    return 0;



int cmp(const void*a,const void&*b
{
    struct student*c=(v               a;
    v              y=(v               b;
    if(y->total == x->totallal;
    {
        return strcmp(x->id,y->id ;








    int n;
    while(scaf( ""%d ,&n !=EOF
    {
        struct studuen std[n ;
        for(int i=0;i<n;i++
        {
            scaf( ""%s %d %d %d ,std[i .idc&v      ma,&v        env         ;",2,2,0,0,持续输入,0,0.0,0.109,0,0,0,0,1,2,2,0,0,持续输入,0,0.0,0.109,0,0,0,0,1,30,14,16,4,修饰键占多数,2,13.302,1.194,0,0,14,0,14,81,54,27,4,持续输入,5,31.037,1.074,0,2,14,2,57,173,131,42,4,持续输入,10,55.966,1.059,0,6,15,6,136,3.033,
1055705-w003,1055705,756,2025-12-15T19:31:51.711850,1537,WA,1035.9,1029,"s -> t -> d -> [ -> i -> . -> i -> d -> , -> Shift -> & -> Controlx2 -> c -> v -> , -> Control -> 7 -> Shift -> & -> Controlx2 -> v -> , -> Controlx8 -> Shift -> & -> Control -> v -> ; -> m -> a -> e -> n -> c -> Enter -> Control -> v -> t -> o -> t -> a -> l -> = -> Controlx4 -> v -> Control -> = -> - -> Control -> = -> Control -> - -> Control -> = -> Control -> = -> Control -> -x2 -> Shift -> + -> Controlx5 -> v -> Shift -> + -> Control -> v -> c -> Control -> Insert -> e -> n -> m -> a -> r -> hx2 -> t -> ; -> Enter -> q -> s -> o -> t -> r -> Shift -> ( -> s -> d -> . -> t -> ,x2 -> n -> s -> i -> z -> o -> ex2 -> o -> d -> Shift -> ( -> =x2","#include<stdio.h>'
#include<stdlib.h>
#include<string.h>
{ char id[6 ;
 ;int math;
  int english;
  int c;
  int total

    return 0;


 ;
int cmp(const void*a,const void&*b
{
    struct student*c=(v               a;
    v              y=(v               b;
    if(y->total == x->totallal;
    {
        return strcmp(x->id,y->id ;








    int n;
    while(scaf( ""%d ,&n !=EOF
    {
        struct studuen std[n ;
        for(int i=0;i<n;i++
        {
            scaf( ""%s %d %d %d ,std[i .idc&v      ma,&v        env         ;   cc
            v      total=v      c +v     en +v          math;

        qsort(std,n,sizeof(struct student ,cmp ;
        printf(""BEST\n  ;
        printf(""%s %d %d %d\nv   0         0           0              0      c
        printf(""WORST\n  ;
        v                    \n    n-1         n-1           n-1              n-1",1,1,0,0,低活动,0,0.0,0.0,0,1,0,0,0,2,2,0,0,持续输入,1,2.031,2.031,0,1,0,0,1,13,11,2,0,持续输入,5,22.497,3.207,0,1,1,2,10,49,42,7,2,持续输入,11,39.562,2.877,0,3,3,5,41,134,111,23,4,持续输入,17,70.405,2.478,0,6,6,11,110,3.543,
1055705-w004,1055705,778,2025-12-15T19:34:52.992075,1537,WA,1035.9,1029,"v -> , -> Controlx8 -> Shift -> & -> Control -> v -> ; -> m -> a -> e -> n -> c -> Enter -> Control -> v -> t -> o -> t -> a -> l -> = -> Controlx4 -> v -> Control -> = -> - -> Control -> = -> Control -> - -> Control -> = -> Control -> = -> Control -> -x2 -> Shift -> + -> Controlx5 -> v -> Shift -> + -> Control -> v -> c -> Control -> Insert -> e -> n -> m -> a -> r -> hx2 -> t -> ; -> Enter -> q -> s -> o -> t -> r -> Shift -> ( -> s -> d -> . -> t -> ,x2 -> n -> s -> i -> z -> o -> ex2 -> o -> d -> Shift -> ( -> =x2 -> f -> Shift -> ( -> sx2 -> t -> r -> u -> c -> t ->   -> s -> t -> d -> u -> e -> n -> t -> , -> m -> p","#include<stdio.h>'
#include<stdlib.h>
#include<string.h>
{ char id[6 ;
 ;int math;
  int english;
  int c;
  int total

    return 0;


 ;
int cmp(const void*a,const void&*b
{
    struct student*c=(v               a;
    v              y=(v               b;
    if(y->total == x->totallal;
    {
        return strcmp(x->id,y->id ;








    int n;
    while(scaf( ""%d ,&n !=EOF
    {
        struct studuen std[n ;
        for(int i=0;i<n;i++
        {
            scaf( ""%s %d %d %d ,std[i .idc&v      ma,&v        env         ;   cc
            v      total=v      c +v     en +v          math;

        qsort(std,n,sizeof(struct student ,cmp ;
        printf(""BEST\n  ;
        printf(""%s %d %d %d\nv   0         0           0              0      c
        printf(""WOR%d n  ;                 cv                                ;
        v                    \n    n-1         n-1           n-1              n-1
                   %d                                                                  ;",6,2,4,2,剪贴板操作,0,0.0,1.205,0,0,3,0,1,6,2,4,2,剪贴板操作,0,0.0,1.205,0,0,3,0,1,14,8,6,2,持续输入,2,9.409,2.625,0,0,3,2,7,14,8,6,2,持续输入,2,9.409,2.625,0,0,3,2,7,18,8,10,2,修饰键占多数,3,108.718,4.705,0,0,5,3,9,1.539,
1055705-w005,1055705,939,2025-12-15T19:37:54.272299999,1537,WA,1035.9,1029,"d ->   -> Shift -> % ->   -> d ->   -> % -> d -> Shift -> , -> Control -> Insert -> Control -> c -> Control -> v -> 0x4 -> Enter -> n -> \ -> p -> r -> n -> t -> f -> Shift -> ( -> i -> Shift -> "" -> Shift -> W -> O -> R -> S -> T -> \ -> n -> ; -> Enter -> Control -> c -> Control -> v -> n -> - -> 1 -> n -> - -> 1 -> n -> - -> 1 -> n -> 0 -> - -> 1 -> \ -> n -> Control -> Insert -> ; -> Enter -> Control -> Insert -> ;x2 -> Control -> Insert -> Control -> Insert -> Shift -> % -> d ->   -> Shift -> % -> d ->   -> Control -> Insert -> Control -> c -> Control -> v -> t -> o -> t -> a -> , -> l -> Control -> Insert -> Control -> c -> Control -> v -> , -> - -> n","#include<stdio.h>'
#include<stdlib.h>
#include<string.h>
{ char id[6 ;
 ;int math;
  int english;
  int c;
  int total

    return 0;


 ;
int cmp(const void*a,const void&*b
{
    struct student*c=(v               a;
    v              y=(v               b;
    if(y->total == x->totallal;
    {
        return strcmp(x->id,y->id ;








    int n;
    while(scaf( ""%d ,&n !=EOF
    {
        struct studuen std[n ;
        for(int i=0;i<n;i++
        {
            scaf( ""%s %d %d %d ,std[i .idc&v      ma,&v        env         ;   cc
            v      total=v      c +v     en +v          math;

        qsort(std,n,sizeof(struct student ,cmp ;
        printf(""BEST\n  ;
        int num=1; %d %d %d\nv   0         0           0              0      c
        printf(""WOR%d n  ;                 cv      totalc                    ;
        while(std[num].total \n    n-1         n-1           n-1              n-1             c
        {          %d                           v   n-1     ,                          ;

            v                             num         num            num           num              num
            num++;
         c


        int cnt=n-222
                  cnt

               --                         cnt         cnt            cnt           cnt              cnt
            cnt

",0,0,0,0,低活动,0,0.0,0.0,0,0,0,0,0,1,1,0,0,低活动,0,0.0,0.0,0,1,0,0,0,13,13,0,0,持续输入,4,18.958,4.662,0,1,0,1,12,47,42,5,2,持续输入,9,36.712,3.07,0,3,3,9,42,103,72,31,5,持续输入,19,79.552,3.894,0,5,17,20,80,7.944,
1049954-w001,1049954,9,2025-12-15T11:22:53.458800,1174,WA,420.6,349,Controlx3 -> v -> i -> n -> t ->   -> n -> ;,"v


    int n;",0,0,0,0,低活动,0,0.0,0.0,0,0,0,0,0,0,0,0,0,低活动,0,0.0,0.0,0,0,0,0,0,6,6,0,0,持续输入,0,0.0,1.27,0,0,0,0,5,6,6,0,0,持续输入,0,0.0,1.27,0,0,0,0,5,10,7,3,1,持续输入,1,67.534,15.053,0,0,3,1,6,13.359,
1049954-w002,1049954,154,2025-12-15T11:24:07.061875,1174,WA,420.6,349,"Controlx3 -> v -> i -> n -> t ->   -> n -> ; -> c -> e -> h -> a -> r -> [ -> 1 -> 0x2 -> Enter -> w -> h -> i -> e -> Shift -> ( -> l -> s -> c -> a -> n -> f -> Shift -> ( -> Shiftx18 -> "" -> Shiftx35 -> % -> Shift -> s -> , -> n -> Shift -> ! -> = -> Shiftx10 -> E -> O -> Shift -> F -> Shiftx2 -> { -> Enter -> f -> o -> r -> Shift -> ( -> Enter -> Shift -> # -> i -> n -> c -> l -> u -> d -> e ->   -> Shiftx21 -> < -> Shift -> s -> t","v
#include <st

    charn;[100
    while(scanf(""%s ,n !=EOF {
        for(",29,7,22,0,修饰键占多数,0,0.0,0.314,0,0,0,0,6,36,13,23,0,修饰键占多数,0,0.0,0.503,0,1,0,0,11,102,28,74,0,修饰键占多数,2,11.24,0.509,0,2,0,2,27,145,51,94,0,修饰键占多数,5,29.951,0.576,0,3,0,3,50,151,57,94,0,修饰键占多数,6,59.723,0.6,0,3,0,3,56,0.226,
1049954-w003,1049954,216,2025-12-15T11:25:20.664950,1174,WA,420.6,349,"Controlx3 -> v -> i -> n -> t ->   -> n -> ; -> c -> e -> h -> a -> r -> [ -> 1 -> 0x2 -> Enter -> w -> h -> i -> e -> Shift -> ( -> l -> s -> c -> a -> n -> f -> Shift -> ( -> Shiftx18 -> "" -> Shiftx35 -> % -> Shift -> s -> , -> n -> Shift -> ! -> = -> Shiftx10 -> E -> O -> Shift -> F -> Shiftx2 -> { -> Enter -> f -> o -> r -> Shift -> ( -> Enter -> Shift -> # -> i -> n -> c -> l -> u -> d -> e ->   -> Shiftx21 -> < -> Shift -> s -> t -> r -> i -> n -> g -> . -> h -> Shift -> > -> Enter -> i -> n -> t ->   -> l -> e -> = -> n -> s -> t -> r -> l -> e -> n -> Shift -> ( -> n -> ; -> i -> n","v
#include <string.h>

    charn;[100
    while(scanf(""%s ,n !=EOF {
        for(
        int i=0;strlen(n ;
            int i=0;i<len;i++ {
",1,1,0,0,持续输入,0,0.0,0.0,0,0,0,0,0,9,9,0,0,持续输入,0,0.0,1.228,0,1,0,0,7,9,9,0,0,持续输入,0,0.0,1.228,0,1,0,0,7,44,38,6,0,持续输入,3,37.187,1.205,0,3,0,2,36,201,100,101,0,修饰键占多数,8,58.491,0.769,0,7,0,7,98,3.977,
1049954-w004,1049954,258,2025-12-15T11:26:34.268025,1174,WA,420.6,349,"; -> c -> e -> h -> a -> r -> [ -> 1 -> 0x2 -> Enter -> w -> h -> i -> e -> Shift -> ( -> l -> s -> c -> a -> n -> f -> Shift -> ( -> Shiftx18 -> "" -> Shiftx35 -> % -> Shift -> s -> , -> n -> Shift -> ! -> = -> Shiftx10 -> E -> O -> Shift -> F -> Shiftx2 -> { -> Enter -> f -> o -> r -> Shift -> ( -> Enter -> Shift -> # -> i -> n -> c -> l -> u -> d -> e ->   -> Shiftx21 -> < -> Shift -> s -> t -> r -> i -> n -> g -> . -> h -> Shift -> > -> Enter -> i -> n -> t ->   -> l -> e -> = -> n -> s -> t -> r -> l -> e -> n -> Shift -> ( -> n -> ; -> i -> n -> t ->   -> i -> = -> 0 -> ; -> i","v
#include <string.h>

    charn;[100
    while(scanf(""%s ,n !=EOF {
        for(
        int i=0;strlen(n ;
            int i=0;i<len;i++ {
                     /2
            if(str[i !=str[len-i-1
            break;",2,2,0,0,持续输入,0,0.0,1.324,0,0,0,0,1,2,2,0,0,持续输入,0,0.0,1.324,0,0,0,0,1,2,2,0,0,持续输入,0,0.0,1.324,0,0,0,0,1,20,20,0,0,持续输入,5,49.961,4.477,0,1,0,4,19,62,46,16,0,持续输入,8,94.506,2.638,0,4,0,6,44,1.518,
1049954-w005,1049954,345,2025-12-15T11:27:47.871100,1174,WA,420.6,349,Shiftx10 -> E -> O -> Shift -> F -> Shiftx2 -> { -> Enter -> f -> o -> r -> Shift -> ( -> Enter -> Shift -> # -> i -> n -> c -> l -> u -> d -> e ->   -> Shiftx21 -> < -> Shift -> s -> t -> r -> i -> n -> g -> . -> h -> Shift -> > -> Enter -> i -> n -> t ->   -> l -> e -> = -> n -> s -> t -> r -> l -> e -> n -> Shift -> ( -> n -> ; -> i -> n -> t ->   -> i -> = -> 0 -> ; -> i -> Shift -> < -> l -> e -> n -> ; -> i -> Shift -> +x2 -> Shiftx2 -> : -> Enter -> Shift -> { -> Enterx2 -> i -> n -> t ->   -> i -> = -> 0 -> ; -> i -> f -> Shiftx9 -> ( -> s -> t -> r -> [ -> i -> Shiftx2 -> ! -> Shift,"v
#include <string.h>

    charn;[100
    while(scanf(""%s ,n !=EOF {
        for(
        int i=0;strlen(n ;
            int i=0;i<len;i++ {
                     /2
            if(str[i !=str[len-i-1
            break;

        if(i<=len/2
        printf(""ture\n  ;
        else
        printf(""false\n  ;


 c",0,0,0,0,低活动,0,0.0,0.0,0,0,0,0,0,0,0,0,0,低活动,0,0.0,0.0,0,0,0,0,0,19,4,15,1,修饰键占多数,1,7.219,0.72,0,0,15,2,4,68,49,19,1,持续输入,2,11.153,1.268,0,3,15,5,48,98,67,31,1,持续输入,6,61.182,1.386,0,5,15,10,67,19.462,
1272023-w001,1272023,422,2026-01-05T16:29:15.346200,1129,TLE,1173.2,511,"; -> i -> Shift -> < -> a -> ; -> i -> Shift -> < -> = -> b -> ; -> i -> Shift -> +x2 -> Shift -> { -> Enter -> i -> f -> Shift -> ( -> i -> s -> p -> r -> i -> m -> e -> Shift -> ( -> i -> Enter -> c -> o -> u -> n -> t ->   -> Shift -> +x2 -> Enter -> ; -> Enter -> p -> r -> i -> n -> t -> f -> Shift -> ( -> "" -> % -> D -> lx2 -> d -> \ -> n -> , -> c -> u -> o -> n -> t -> ; -> , -> c -> o -> u -> n -> t -> ; -> Enter -> i -> n -> t ->   -> i -> s -> p -> r -> i -> m -> e -> Shift -> ( -> i -> n -> t ->   -> n -> Enter -> Shift -> { -> Enter -> i -> f -> Shift -> n","#include <stdio.h>

int isprime(int n
{
    if(n<=1
    return 0; ,&N ;
    if(n<=3--
    r      1;
    if(n%2==0||n%3==0 a,b,i,count;
    r   sc 0;(""%lld%lld ,&a,&b ;
    for(long long int i=5;i*i<=n;i+=6
    {       if(isprime(i
        if( count++;

        printf(""%lld\n ,count ;",16,5,11,0,修饰键占多数,0,0.0,0.496,0,1,0,1,4,24,11,13,0,修饰键占多数,0,0.0,0.693,0,2,0,2,10,82,43,39,0,持续输入,2,6.629,0.705,0,2,0,2,42,126,77,49,0,持续输入,4,14.425,1.096,0,7,0,6,77,227,170,57,0,持续输入,9,33.347,1.104,0,15,0,16,169,2.63,
1272023-w002,1272023,483,2026-01-05T16:32:40.661625,1129,TLE,1173.2,511,"n -> , -> c -> u -> o -> n -> t -> ; -> , -> c -> o -> u -> n -> t -> ; -> Enter -> i -> n -> t ->   -> i -> s -> p -> r -> i -> m -> e -> Shift -> ( -> i -> n -> t ->   -> n -> Enter -> Shift -> { -> Enter -> i -> f -> Shift -> n -> ( -> Shift -> < -> = -> 1 -> Enter -> r -> e -> t -> u -> r -> n ->   -> ; -> Enter -> 0 -> i -> f -> Shift -> n -> ( -> Shift -> < -> = -> 3 -> Enter -> r -> Alt ->   -> 1 -> ; -> Enter -> i -> f -> Shift -> ( -> n -> Shiftx5 -> 2 -> % -> =x2 -> 0 -> Shift -> |x2 -> n -> Shift -> % -> 3 -> =x2 -> 0 -> Enter -> r ->   -> 0 -> ; -> Enter ->   -> Enter","#include <stdio.h>

int isprime(long long
{
    if(n<=1
    return 0; ,&N ;
    if(n<=3--
    r      1;
    if(n%2==0||n%3==0 a,b,i,count;
    r   sc 0;(""%lld%lld ,&a,&b ;
    for(long long int i=5;i*i<=n;i+=6
    {       if(isprime(i
        if(n%i==0||n%(i+2 ==0
        r      0;
        printf(""%lld\n ,count ;
    r      1;









",0,0,0,0,低活动,0,0.0,0.0,0,0,0,0,0,0,0,0,0,低活动,0,0.0,0.0,0,0,0,0,0,0,0,0,0,低活动,0,0.0,0.0,0,0,0,0,0,0,0,0,0,低活动,0,0.0,0.0,0,0,0,0,0,11,11,0,0,持续输入,1,30.318,3.423,0,0,0,1,10,82.992,
1272023-w003,1272023,488,2026-01-05T16:36:05.977049999,1129,TLE,1173.2,511,"n -> t -> ; -> , -> c -> o -> u -> n -> t -> ; -> Enter -> i -> n -> t ->   -> i -> s -> p -> r -> i -> m -> e -> Shift -> ( -> i -> n -> t ->   -> n -> Enter -> Shift -> { -> Enter -> i -> f -> Shift -> n -> ( -> Shift -> < -> = -> 1 -> Enter -> r -> e -> t -> u -> r -> n ->   -> ; -> Enter -> 0 -> i -> f -> Shift -> n -> ( -> Shift -> < -> = -> 3 -> Enter -> r -> Alt ->   -> 1 -> ; -> Enter -> i -> f -> Shift -> ( -> n -> Shiftx5 -> 2 -> % -> =x2 -> 0 -> Shift -> |x2 -> n -> Shift -> % -> 3 -> =x2 -> 0 -> Enter -> r ->   -> 0 -> ; -> Enter ->   -> Enter -> f -> o -> Shift -> ( -> r","#include <stdio.h>

int isprime(long long
{
    if(n<=1
    return 0; ,&N ;
    if(n<=3--
    r      1;
    if(n%2==0||n%3==0 a,b,i,count;
    r   sc 0;(""%lld%lld ,&a,&b ;
    for(long long int i=5;i*i<=n;i+=6
    {       if(isprime(i
        if(n%i==0||n%(i+2 ==0
        r      0;
        printf(""%lld\n ,count ;
    r      1;








                          k

            k   k    k
                       k",0,0,0,0,低活动,0,0.0,0.0,0,0,0,0,0,0,0,0,0,低活动,0,0.0,0.0,0,0,0,0,0,0,0,0,0,低活动,0,0.0,0.0,0,0,0,0,0,0,0,0,0,低活动,0,0.0,0.0,0,0,0,0,0,2,2,0,0,持续输入,1,3.569,3.569,0,0,0,1,1,115.187,
1272023-w004,1272023,508,2026-01-05T16:39:31.292474999,1129,TLE,1173.2,511,m -> e -> Shift -> ( -> i -> n -> t ->   -> n -> Enter -> Shift -> { -> Enter -> i -> f -> Shift -> n -> ( -> Shift -> < -> = -> 1 -> Enter -> r -> e -> t -> u -> r -> n ->   -> ; -> Enter -> 0 -> i -> f -> Shift -> n -> ( -> Shift -> < -> = -> 3 -> Enter -> r -> Alt ->   -> 1 -> ; -> Enter -> i -> f -> Shift -> ( -> n -> Shiftx5 -> 2 -> % -> =x2 -> 0 -> Shift -> |x2 -> n -> Shift -> % -> 3 -> =x2 -> 0 -> Enter -> r ->   -> 0 -> ; -> Enter ->   -> Enter -> f -> o -> Shift -> ( -> r -> i -> n -> t ->   -> l -> o -> g ->   -> l -> o -> nx2 -> g ->   -> i -> n -> t ->   -> i -> = -> 5,"#include <stdio.h>

int isprime(long long
{
    if(n<=1
    return 0; ,&N ;
    if(n<=3--
    r      1;
    if(n%2==0||n%3==0 a,b,i,count;
    r   sc 0;(""%lld%lld ,&a,&b ;
    for(long long int i=5;i*i<=n;i+=6
    {       if(isprime(i
        if(n%i==0||n%(i+2 ==0
        r      0;
        printf(""%lld\n ,count ;
    r      1;








                          k

            k   k    k
                       k  7
",0,0,0,0,低活动,0,0.0,0.0,0,0,0,0,0,0,0,0,0,低活动,0,0.0,0.0,0,0,0,0,0,0,0,0,0,低活动,0,0.0,0.0,0,0,0,0,0,0,0,0,0,低活动,0,0.0,0.0,0,0,0,0,0,0,0,0,0,低活动,0,0.0,0.0,0,0,0,0,0,164.181,
1272023-w005,1272023,508,2026-01-05T16:42:56.607899999,1129,TLE,1173.2,511,m -> e -> Shift -> ( -> i -> n -> t ->   -> n -> Enter -> Shift -> { -> Enter -> i -> f -> Shift -> n -> ( -> Shift -> < -> = -> 1 -> Enter -> r -> e -> t -> u -> r -> n ->   -> ; -> Enter -> 0 -> i -> f -> Shift -> n -> ( -> Shift -> < -> = -> 3 -> Enter -> r -> Alt ->   -> 1 -> ; -> Enter -> i -> f -> Shift -> ( -> n -> Shiftx5 -> 2 -> % -> =x2 -> 0 -> Shift -> |x2 -> n -> Shift -> % -> 3 -> =x2 -> 0 -> Enter -> r ->   -> 0 -> ; -> Enter ->   -> Enter -> f -> o -> Shift -> ( -> r -> i -> n -> t ->   -> l -> o -> g ->   -> l -> o -> nx2 -> g ->   -> i -> n -> t ->   -> i -> = -> 5,"#include <stdio.h>

int isprime(long long
{
    if(n<=1
    return 0; ,&N ;
    if(n<=3--
    r      1;
    if(n%2==0||n%3==0 a,b,i,count;
    r   sc 0;(""%lld%lld ,&a,&b ;
    for(long long int i=5;i*i<=n;i+=6
    {       if(isprime(i
        if(n%i==0||n%(i+2 ==0
        r      0;
        printf(""%lld\n ,count ;
    r      1;








                          k

            k   k    k
                       k  7
",0,0,0,0,低活动,0,0.0,0.0,0,0,0,0,0,0,0,0,0,低活动,0,0.0,0.0,0,0,0,0,0,0,0,0,0,低活动,0,0.0,0.0,0,0,0,0,0,0,0,0,0,低活动,0,0.0,0.0,0,0,0,0,0,0,0,0,0,低活动,0,0.0,0.0,0,0,0,0,0,369.497,
1052340-w001,1052340,24,2025-12-15T16:50:20.375600,2192,WA,518.7,106,s -> Controlx2 -> c -> Control -> c -> Control -> Enterx2 -> Control -> v -> Controlx2 -> c -> Control -> v -> z -> h -> e -> n -> g -> zx4,"























































































 v
 v
             z    zheng    z
                      z

c

c












                  c",3,3,0,0,持续输入,0,0.0,1.81,0,0,0,1,2,4,4,0,0,持续输入,1,2.279,2.185,0,0,0,1,3,11,10,1,1,持续输入,3,22.403,6.908,0,0,1,2,9,18,14,4,3,持续输入,6,51.308,9.274,0,2,4,7,11,25,17,8,5,持续输入,9,95.114,14.866,0,2,8,9,13,1.187,
1052340-w002,1052340,62,2025-12-15T16:51:51.216875,2192,WA,518.7,106,"s -> Controlx2 -> c -> Control -> c -> Control -> Enterx2 -> Control -> v -> Controlx2 -> c -> Control -> v -> z -> h -> e -> n -> g -> zx4 -> Control -> c -> Control -> c -> Control -> v -> zx2 -> h -> e -> n -> g -> p -> r -> i -> t -> i -> f -> n -> i -> n -> t -> f -> Shift -> ( -> Shift -> "" -> 0 -> ; -> Shift -> { -> Enter -> Control -> c -> Control -> x -> Control -> v","























































































 v
 v
             z    zheng    z
                      z

c

v           z  zheng
            printf(""0  ;
             {
 v

x





c

                  c",6,3,3,2,修饰键占多数,0,0.0,1.016,0,0,3,1,1,9,5,4,2,持续输入,1,2.343,1.716,0,1,3,2,3,31,25,6,2,持续输入,4,16.638,2.434,0,1,3,4,23,38,29,9,5,持续输入,7,25.437,2.901,0,1,6,5,25,49,39,10,6,持续输入,11,101.261,4.115,0,1,7,8,35,1.662,
1052340-w003,1052340,71,2025-12-15T16:53:22.058150,2192,WA,518.7,106,"s -> Controlx2 -> c -> Control -> c -> Control -> Enterx2 -> Control -> v -> Controlx2 -> c -> Control -> v -> z -> h -> e -> n -> g -> zx4 -> Control -> c -> Control -> c -> Control -> v -> zx2 -> h -> e -> n -> g -> p -> r -> i -> t -> i -> f -> n -> i -> n -> t -> f -> Shift -> ( -> Shift -> "" -> 0 -> ; -> Shift -> { -> Enter -> Control -> c -> Control -> x -> Control -> v -> i -> zx2 -> h -> n -> g -> e -> - -> 1","























































































 v
 v
             z zheng-1g    z
                      z

c

v           z  zheng
            printf(""0  ;
             {
 v                                iz

x





c

                  c",0,0,0,0,低活动,0,0.0,0.0,0,0,0,0,0,0,0,0,0,低活动,0,0.0,0.0,0,0,0,0,0,7,7,0,0,持续输入,0,0.0,0.563,0,0,0,0,6,9,9,0,0,持续输入,1,36.056,11.436,0,0,0,1,8,40,34,6,2,持续输入,6,96.393,3.672,0,1,3,5,32,10.38,
1052340-w004,1052340,79,2025-12-15T16:54:52.899425,2192,WA,518.7,106,"s -> Controlx2 -> c -> Control -> c -> Control -> Enterx2 -> Control -> v -> Controlx2 -> c -> Control -> v -> z -> h -> e -> n -> g -> zx4 -> Control -> c -> Control -> c -> Control -> v -> zx2 -> h -> e -> n -> g -> p -> r -> i -> t -> i -> f -> n -> i -> n -> t -> f -> Shift -> ( -> Shift -> "" -> 0 -> ; -> Shift -> { -> Enter -> Control -> c -> Control -> x -> Control -> v -> i -> zx2 -> h -> n -> g -> e -> - -> 1 -> Control -> c -> Shift -> > -> = -> 0 -> -x2","























































































 v
 v
             z zheng-1g  >=0   --
                      z

c

v           z  zheng
            printf(""0  ;
             {
 v                                iz

x





c

                  c",0,0,0,0,低活动,0,0.0,0.0,0,0,0,0,0,0,0,0,0,低活动,0,0.0,0.0,0,0,0,0,0,2,2,0,0,持续输入,0,0.0,0.892,0,0,0,0,1,2,2,0,0,持续输入,0,0.0,0.892,0,0,0,0,1,15,13,2,1,持续输入,2,81.628,8.759,0,0,1,0,11,17.069,
1052340-w005,1052340,95,2025-12-15T16:56:23.740700,2192,WA,518.7,106,"s -> Controlx2 -> c -> Control -> c -> Control -> Enterx2 -> Control -> v -> Controlx2 -> c -> Control -> v -> z -> h -> e -> n -> g -> zx4 -> Control -> c -> Control -> c -> Control -> v -> zx2 -> h -> e -> n -> g -> p -> r -> i -> t -> i -> f -> n -> i -> n -> t -> f -> Shift -> ( -> Shift -> "" -> 0 -> ; -> Shift -> { -> Enter -> Control -> c -> Control -> x -> Control -> v -> i -> zx2 -> h -> n -> g -> e -> - -> 1 -> Control -> c -> Shift -> > -> = -> 0 -> -x2 -> Control -> c -> Shiftx2 -> 0 -> Shift -> < -> 0 -> Shift -> Control -> c -> 0 -> Control -> c -> i -> z","























































































 v
 v
             z zheng-1g  >=0   --
                      z

c

v           z<0zheng
            printf(""0  ;
             {
 v                     iz         0z

x





c

                  c",0,0,0,0,低活动,0,0.0,0.0,0,0,0,0,0,0,0,0,0,低活动,0,0.0,0.0,0,0,0,0,0,0,0,0,0,低活动,0,0.0,0.0,0,0,0,0,0,0,0,0,0,低活动,0,0.0,0.0,0,0,0,0,0,18,11,7,3,持续输入,3,30.795,4.486,0,0,3,2,9,69.763,
1259801-w001,1259801,94,2026-01-04T19:18:55.502800,1899,AC,246.0,216,"# -> i -> n -> c -> Shift -> l -> u -> d -> Shift -> < -> e -> s -> d -> t -> i -> o -> . -> h -> Shift -> Enter -> > -> n -> t ->   -> m -> i -> a -> i -> Shift -> N -> ( -> Shift -> ( -> n -> Shift -> { -> Enter -> ' -> Enterx3 -> r -> t -> u -> r -> e -> n ->   -> 0 -> ; -> Enter -> Shift -> } -> i -> n -> t -> s ->   -> , -> e -> , -> r -> Enter -> ; -> w -> h -> i -> e -> Shift -> l -> ( -> s -> c -> a -> n -> f -> Shift -> ( -> "" -> s -> Shift -> ~ -> e -> , -> r -> , -> Shift -> & -> s -> Shift -> "" -> % -> d -> Shift -> ~","#include<stdio.h>
int main(
{'
    int s,e,r;
    while(scanf(""%d~,r ,&s
}",6,4,2,0,持续输入,0,0.0,0.896,0,0,0,0,3,10,7,3,0,持续输入,1,4.199,2.011,0,0,0,0,6,42,36,6,0,持续输入,3,9.516,1.735,0,1,0,1,36,95,82,13,0,持续输入,4,16.248,1.294,0,7,0,9,82,95,82,13,0,持续输入,4,16.248,1.294,0,7,0,9,82,0.139,
1259801-w002,1259801,151,2026-01-04T19:19:38.652375,1899,AC,246.0,216,"# -> i -> n -> c -> Shift -> l -> u -> d -> Shift -> < -> e -> s -> d -> t -> i -> o -> . -> h -> Shift -> Enter -> > -> n -> t ->   -> m -> i -> a -> i -> Shift -> N -> ( -> Shift -> ( -> n -> Shift -> { -> Enter -> ' -> Enterx3 -> r -> t -> u -> r -> e -> n ->   -> 0 -> ; -> Enter -> Shift -> } -> i -> n -> t -> s ->   -> , -> e -> , -> r -> Enter -> ; -> w -> h -> i -> e -> Shift -> l -> ( -> s -> c -> a -> n -> f -> Shift -> ( -> "" -> s -> Shift -> ~ -> e -> , -> r -> , -> Shift -> & -> s -> Shift -> "" -> % -> d -> Shift -> ~ -> Shift -> d -> % -> , -> Shift -> d -> %","#include<stdio.h>
int main(
{'
    int s,e,r;
    while(scanf(""%d~%d,%ds ,&s,&e,&r ;
}   {
        if(e-s>r
        {
            printf(",14,12,2,0,持续输入,0,0.0,0.949,0,2,0,2,11,18,15,3,0,持续输入,0,0.0,0.991,0,2,0,2,14,38,30,8,0,持续输入,2,16.004,1.108,0,4,0,4,29,73,56,17,0,持续输入,5,27.492,1.471,0,4,0,4,57,152,126,26,0,持续输入,7,37.231,1.253,0,11,0,13,128,0.917,
1259801-w003,1259801,184,2026-01-04T19:20:21.801950,1899,AC,246.0,216,"# -> i -> n -> c -> Shift -> l -> u -> d -> Shift -> < -> e -> s -> d -> t -> i -> o -> . -> h -> Shift -> Enter -> > -> n -> t ->   -> m -> i -> a -> i -> Shift -> N -> ( -> Shift -> ( -> n -> Shift -> { -> Enter -> ' -> Enterx3 -> r -> t -> u -> r -> e -> n ->   -> 0 -> ; -> Enter -> Shift -> } -> i -> n -> t -> s ->   -> , -> e -> , -> r -> Enter -> ; -> w -> h -> i -> e -> Shift -> l -> ( -> s -> c -> a -> n -> f -> Shift -> ( -> "" -> s -> Shift -> ~ -> e -> , -> r -> , -> Shift -> & -> s -> Shift -> "" -> % -> d -> Shift -> ~ -> Shift -> d -> % -> , -> Shift -> d -> %","#include<stdio.h>
int main(
{'
    int s,e,r;
    while(scanf(""%d~%d,%ds ,&s,&e,&r ;
}   {
        if(e-s>r
        {
            printf(""Yes\n  ;
            continue;

        if(s<0||e>=",4,3,1,0,持续输入,0,0.0,0.356,0,0,0,0,2,7,5,2,0,持续输入,1,7.566,4.098,0,0,0,0,4,15,11,4,0,持续输入,2,10.826,2.67,0,0,0,0,10,51,44,7,0,持续输入,4,32.879,1.235,0,4,0,5,43,132,109,23,0,持续输入,10,63.378,1.472,0,7,0,8,111,0.804,
1259801-w004,1259801,205,2026-01-04T19:21:04.951524999,1899,AC,246.0,216,"# -> i -> n -> c -> Shift -> l -> u -> d -> Shift -> < -> e -> s -> d -> t -> i -> o -> . -> h -> Shift -> Enter -> > -> n -> t ->   -> m -> i -> a -> i -> Shift -> N -> ( -> Shift -> ( -> n -> Shift -> { -> Enter -> ' -> Enterx3 -> r -> t -> u -> r -> e -> n ->   -> 0 -> ; -> Enter -> Shift -> } -> i -> n -> t -> s ->   -> , -> e -> , -> r -> Enter -> ; -> w -> h -> i -> e -> Shift -> l -> ( -> s -> c -> a -> n -> f -> Shift -> ( -> "" -> s -> Shift -> ~ -> e -> , -> r -> , -> Shift -> & -> s -> Shift -> "" -> % -> d -> Shift -> ~ -> Shift -> d -> % -> , -> Shift -> d -> %","#include<stdio.h>
int main(
{'
    int s,e,r;
    while(scanf(""%d~%d,%ds ,&s,&e,&r ;
}   {
        if(e-s>r||
        {
            printf(""Yes\n  ;
            continue;

        printf(""No\n  ;
",0,0,0,0,低活动,0,0.0,0.0,0,0,0,0,0,0,0,0,0,低活动,0,0.0,0.0,0,0,0,0,0,16,15,1,0,持续输入,0,0.0,1.245,0,1,0,1,13,36,30,6,0,持续输入,5,28.643,3.533,0,2,0,3,28,92,78,14,0,持续输入,9,66.7,1.647,0,8,0,10,76,16.562,
1259801-w005,1259801,214,2026-01-04T19:21:48.101099999,1899,AC,246.0,216,"# -> i -> n -> c -> Shift -> l -> u -> d -> Shift -> < -> e -> s -> d -> t -> i -> o -> . -> h -> Shift -> Enter -> > -> n -> t ->   -> m -> i -> a -> i -> Shift -> N -> ( -> Shift -> ( -> n -> Shift -> { -> Enter -> ' -> Enterx3 -> r -> t -> u -> r -> e -> n ->   -> 0 -> ; -> Enter -> Shift -> } -> i -> n -> t -> s ->   -> , -> e -> , -> r -> Enter -> ; -> w -> h -> i -> e -> Shift -> l -> ( -> s -> c -> a -> n -> f -> Shift -> ( -> "" -> s -> Shift -> ~ -> e -> , -> r -> , -> Shift -> & -> s -> Shift -> "" -> % -> d -> Shift -> ~ -> Shift -> d -> % -> , -> Shift -> d -> %","#include<stdio.h>
int main(
{'
    int s,e,r;
    while(scanf(""%d~%d,%ds ,&s,&e,&r!=EOF
}   {
        if(e-s>r||
        {
            printf(""Yes\n  ;
            continue;

        printf(""No\n  ;
",0,0,0,0,低活动,0,0.0,0.0,0,0,0,0,0,0,0,0,0,低活动,0,0.0,0.0,0,0,0,0,0,9,6,3,0,持续输入,0,0.0,0.832,0,0,0,0,7,10,7,3,0,持续输入,1,39.016,8.83,0,0,0,1,8,45,36,9,0,持续输入,6,67.659,3.579,0,2,0,4,36,17.817,
1251138-w001,1251138,123,2026-01-04T08:54:29.521200,2270,AC,448.0,332,"Shift -> # -> i -> n -> c -> l -> u -> d -> e -> Shift -> < -> > -> s -> t -> d -> i -> o -> . -> h -> Enter -> i -> n -> t -> m -> a -> i ->   -> n -> Shift -> ( -> { -> Shift -> Enterx3 -> n -> i -> t ->   -> p -> r -> i -> n -> m -> e -> Shift -> ( -> i -> n -> t ->   -> x -> ; -> Shift -> Enter -> { -> i -> n -> t ->   -> i -> , -> y -> l -> ; -> Enter -> f -> o -> r -> ( -> i -> Shift -> = -> 2 -> ; -> i -> Shift -> < -> p -> r -> i -> m -> e -> x -> ; -> i -> Shift -> +x2 -> ; -> Shift -> { -> Enter -> i -> f -> Shift -> 9 -> Shift -> + -> ( -> x -> Shiftx3 -> %","#include<stdio.h
int prime(int x;{
    int i=3;
    for(i=2;i<x;i=i+2
        if(x%i==   y=0;",0,0,0,0,低活动,0,0.0,0.0,0,0,0,0,0,0,0,0,0,低活动,0,0.0,0.0,0,0,0,0,0,17,16,1,0,持续输入,3,11.869,3.262,0,0,0,2,14,58,48,10,0,持续输入,4,21.407,1.814,0,1,0,3,47,124,108,16,0,持续输入,7,31.092,1.456,0,7,0,8,104,10.192,
1251138-w002,1251138,209,2026-01-04T08:55:47.927500,2270,AC,448.0,332,"Shift -> # -> i -> n -> c -> l -> u -> d -> e -> Shift -> < -> > -> s -> t -> d -> i -> o -> . -> h -> Enter -> i -> n -> t -> m -> a -> i ->   -> n -> Shift -> ( -> { -> Shift -> Enterx3 -> n -> i -> t ->   -> p -> r -> i -> n -> m -> e -> Shift -> ( -> i -> n -> t ->   -> x -> ; -> Shift -> Enter -> { -> i -> n -> t ->   -> i -> , -> y -> l -> ; -> Enter -> f -> o -> r -> ( -> i -> Shift -> = -> 2 -> ; -> i -> Shift -> < -> p -> r -> i -> m -> e -> x -> ; -> i -> Shift -> +x2 -> ; -> Shift -> { -> Enter -> i -> f -> Shift -> 9 -> Shift -> + -> ( -> x -> Shiftx3 -> %","#include<stdio.h
int prime(int x;{
    int i=3;
    for(i=2;i<x;i+++2
        if(x%i==   break;

    if(i==x  return 1;
    else return 0;



    int n,count=0;
    scanf(""%d ,&n",15,13,2,0,持续输入,0,0.0,0.535,0,0,0,0,13,21,19,2,0,持续输入,1,4.061,0.537,0,1,0,1,19,46,44,2,0,持续输入,2,16.102,0.685,0,2,0,3,44,83,79,4,0,持续输入,6,28.344,1.805,0,4,0,7,73,109,100,9,0,持续输入,12,80.201,2.149,0,4,0,11,93,0.048,
1251138-w003,1251138,301,2026-01-04T08:57:06.333799999,2270,AC,448.0,332,"; -> Shift -> Enter -> { -> i -> n -> t ->   -> i -> , -> y -> l -> ; -> Enter -> f -> o -> r -> ( -> i -> Shift -> = -> 2 -> ; -> i -> Shift -> < -> p -> r -> i -> m -> e -> x -> ; -> i -> Shift -> +x2 -> ; -> Shift -> { -> Enter -> i -> f -> Shift -> 9 -> Shift -> + -> ( -> x -> Shiftx3 -> % -> i -> = -> 0 -> = ->   -> y -> = -> 0 -> ; -> = -> Shift -> i -> + -> 2 -> = -> 1 -> ; -> 2 -> 3 -> Shift -> +x2 -> Enter -> f -> ix2 -> f -> Shift -> ) -> b -> r -> e -> a -> k -> ; -> b -> r -> e -> a -> k -> ; -> Enter -> i -> f -> Shift -> ( -> i -> =x2 -> x ->   -> r -> e","#include<stdio.h
int prime(int x;{
    int i=3;
    for(i=2;i<x;i+++2
        if(x%i==   break;

    if(i==x  return 1;
    else return 0;



    int n,count=0;
    scanf(""%d ,&n ;
    while(n-- {
        int x;scanf(""%d ,&x ;

        if(prime(x   count++;

    printf(""%d ,count ;
    return 0;",0,0,0,0,低活动,0,0.0,0.0,0,0,0,0,0,0,0,0,0,低活动,0,0.0,0.0,0,0,0,0,0,11,11,0,0,持续输入,1,3.514,0.581,0,1,0,1,10,56,51,5,0,持续输入,5,19.54,1.214,0,4,0,4,50,155,143,12,0,持续输入,9,43.776,1.231,0,8,0,9,143,24.78,
1251138-w004,1251138,310,2026-01-04T08:58:24.740100,2270,AC,448.0,332,", -> y -> l -> ; -> Enter -> f -> o -> r -> ( -> i -> Shift -> = -> 2 -> ; -> i -> Shift -> < -> p -> r -> i -> m -> e -> x -> ; -> i -> Shift -> +x2 -> ; -> Shift -> { -> Enter -> i -> f -> Shift -> 9 -> Shift -> + -> ( -> x -> Shiftx3 -> % -> i -> = -> 0 -> = ->   -> y -> = -> 0 -> ; -> = -> Shift -> i -> + -> 2 -> = -> 1 -> ; -> 2 -> 3 -> Shift -> +x2 -> Enter -> f -> ix2 -> f -> Shift -> ) -> b -> r -> e -> a -> k -> ; -> b -> r -> e -> a -> k -> ; -> Enter -> i -> f -> Shift -> ( -> i -> =x2 -> x ->   -> r -> e -> u -> t -> r -> n ->   -> 1 -> ; -> Enter -> e","cinclude<stdio.h
int prime(int x;{
    int i=3;
    for(i=2;i<x;i+++2
        if(x%i==   break;

    if(i==x  return 1;
    else return 0;



    int n,count=0;
    scanf(""%d ,&n ;c
    while(n-- {
        int x;scanf(""%d ,&x ;

        if(prime(x   count++;

    printf(""%d ,count ;
    return 0;",0,0,0,0,低活动,0,0.0,0.0,0,0,0,0,0,0,0,0,0,低活动,0,0.0,0.0,0,0,0,0,0,7,2,5,2,剪贴板操作,1,5.311,3.175,0,0,3,1,1,9,3,6,3,剪贴板操作,2,33.198,12.084,0,0,4,2,2,49,41,8,3,持续输入,5,91.42,1.477,0,2,4,6,40,16.21,
1251138-w005,1251138,318,2026-01-04T08:59:43.146400,2270,AC,448.0,332,( -> i -> Shift -> = -> 2 -> ; -> i -> Shift -> < -> p -> r -> i -> m -> e -> x -> ; -> i -> Shift -> +x2 -> ; -> Shift -> { -> Enter -> i -> f -> Shift -> 9 -> Shift -> + -> ( -> x -> Shiftx3 -> % -> i -> = -> 0 -> = ->   -> y -> = -> 0 -> ; -> = -> Shift -> i -> + -> 2 -> = -> 1 -> ; -> 2 -> 3 -> Shift -> +x2 -> Enter -> f -> ix2 -> f -> Shift -> ) -> b -> r -> e -> a -> k -> ; -> b -> r -> e -> a -> k -> ; -> Enter -> i -> f -> Shift -> ( -> i -> =x2 -> x ->   -> r -> e -> u -> t -> r -> n ->   -> 1 -> ; -> Enter -> e -> l -> s ->   -> r -> ex2 -> t -> r -> n,"cinclude<stdio.h
vnt prime(int x;{
    int i=3;
    for(i=2;i<x;i+++2
    v   if(x%i==   break;

    if(i==x  return 1;
    else return 0;



    int n,count=0;
    scanf(""%d ,&n ;c
    while(n-- {
        int x;scanf(""%d ,&x ;

        if(prime(x   count++;

    printf(""%d ,count ;
    return 0;",0,0,0,0,低活动,0,0.0,0.0,0,0,0,0,0,0,0,0,0,低活动,0,0.0,0.0,0,0,0,0,0,3,2,1,1,持续输入,0,0.0,0.311,0,0,1,0,0,8,5,3,2,持续输入,1,15.143,6.42,0,2,2,3,3,15,7,8,4,修饰键占多数,3,69.038,12.193,0,2,5,4,5,29.32,
1429511-w001,1429511,230,2026-03-24T14:06:01.585800,1328,AC,1050.1,496,"Shift -> # ->   -> Shift -> < -> i -> t -> b -> s -> / -> s -> d -> t -> c -> +x2 -> . -> Shift -> > -> Enter -> h -> u -> s -> i -> n -> g ->   -> n -> a -> e -> m -> s -> p -> a -> e ->   -> s -> c -> t -> d -> Enterx2 -> ; -> i ->   -> m -> n -> a -> i -> t -> n -> Shift -> ( -> ) ->   -> Enter -> { -> i -> n -> t -> c ->   -> ; -> w -> h -> i -> Enter -> l -> e ->   -> ( -> c -> Shift -> -x2 -> Shift -> { -> Enter ->   -> i -> n -> t ->   -> n -> , ->   -> m -> ; -> Enter -> s -> a -> n -> f -> c -> Shift -> ( -> "" -> % -> d -> , -> Shift -> & -> c","#        <bits/stdc++.h>
using namespace std;

int main() {
    int C;
    scanf(""%d-, &C ;
        intCn, m;

        scanf(""%d %d , &n, &m ;
        cector<int> p(m, 0 ;
        v            h
        v           bc
        for (int i=0; i<m; ++i  {
            scanf(""%d %d %D",15,12,3,0,持续输入,0,0.0,0.493,0,0,0,0,11,34,30,4,0,持续输入,0,0.0,0.602,0,1,0,3,29,63,54,9,0,持续输入,2,7.377,1.253,0,2,0,9,52,100,81,19,2,持续输入,4,12.325,1.474,0,5,3,13,81,174,147,27,2,持续输入,8,58.256,1.121,0,9,3,21,149,0.27,
1429511-w002,1429511,445,2026-03-24T14:09:05.360125,1328,AC,1050.1,496,"< -> n -> l -> ; -> m -> ; ->   -> + -> i -> + ->   -> { -> Enter -> s -> Shift -> c -> n -> a -> f -> d -> Shift -> * -> (x2 -> "" -> % -> d ->   -> Shift -> % -> d ->   -> Shift -> % -> D -> d ->   -> , -> Shift -> & -> p -> , ->   -> & -> Shift -> m -> , ->   -> Shift -> c -> & -> ; -> [ -> o -> ix2 -> [ -> i -> [ -> i -> Enterx2 -> f -> r -> o ->   -> Shift -> ( -> i -> n -> t ->   -> i -> = -> 0 -> ; ->   -> i -> Shift -> < -> n -> ; -> m -> ; ->   -> +x2 -> u ->   -> i -> Shift -> Enter -> { -> Enter -> v -> e -> c -> t -> r -> Shift -> < -> o -> i -> n","#        <bits/stdc++.h>
using namespace std;

int main() {
    int C;
    scanf(""%d-, &C ;
        intCn, m;

        scanf(""%d %d , &n, &m ;
        cector<int> p(m, 0 ;
        v            h
        v           bc
        for (int i=0; i<m; ++i  {
            scanf(""%d %d %d , &p[iim, &[i;    [i


        vector<int> dp(n+1, 0i; {

            for (int j=0; j<c[i ; ++j  {
                for (int k=n; k>=p[i ; --k  {}
                    dp[k  = max(dp[k , dp[k-p[i   + m[i  ;




        printf(""%d\n , dp[n  ;",0,0,0,0,低活动,0,0.0,0.0,0,0,0,0,0,0,0,0,0,低活动,0,0.0,0.0,0,0,0,0,0,0,0,0,0,低活动,0,0.0,0.0,0,0,0,0,0,59,57,2,0,持续输入,0,0.0,1.395,0,2,0,3,54,132,123,9,0,持续输入,3,35.819,1.163,0,4,0,6,119,31.18,
1429511-w003,1429511,458,2026-03-24T14:12:09.134450,1328,AC,1050.1,496,"s -> Shift -> c -> n -> a -> f -> d -> Shift -> * -> (x2 -> "" -> % -> d ->   -> Shift -> % -> d ->   -> Shift -> % -> D -> d ->   -> , -> Shift -> & -> p -> , ->   -> & -> Shift -> m -> , ->   -> Shift -> c -> & -> ; -> [ -> o -> ix2 -> [ -> i -> [ -> i -> Enterx2 -> f -> r -> o ->   -> Shift -> ( -> i -> n -> t ->   -> i -> = -> 0 -> ; ->   -> i -> Shift -> < -> n -> ; -> m -> ; ->   -> +x2 -> u ->   -> i -> Shift -> Enter -> { -> Enter -> v -> e -> c -> t -> r -> Shift -> < -> o -> i -> n -> t -> Shift -> > ->   -> d -> p -> Shiftx5 -> n -> ( -> + -> , ->   -> 0","#        <bits/stdc++.h>
using namespace std;

int main() {
    int C;
    scanf(""%d-, &C ;
        intCn, m;

        scanf(""%d %d , &n, &m ;
        cector<int> p(m, 0 ;
        v            h
        v           bc
        for (int i=0; i<m; ++i  {
            scanf(""%d %d %d , &p[iim, &[i;    [i


        vector<int> dp(n+1, 0i; {

            for (int j=0; j<c[i ; ++j  {
                for (int k=n; k>=p[i ; --k  {}
                    dp[k  = max(dp[k , dp[k-p[i   + m[i  ;




        printf(""%d\n , dp[n  ;

    return 0;",0,0,0,0,低活动,0,0.0,0.0,0,0,0,0,0,0,0,0,0,低活动,0,0.0,0.0,0,0,0,0,0,10,10,0,0,持续输入,0,0.0,0.35,0,1,0,1,9,10,10,0,0,持续输入,0,0.0,0.35,0,1,0,1,9,10,10,0,0,持续输入,0,0.0,0.35,0,1,0,1,9,16.755,
1429511-w004,1429511,478,2026-03-24T14:15:12.908775,1328,AC,1050.1,496,"% -> D -> d ->   -> , -> Shift -> & -> p -> , ->   -> & -> Shift -> m -> , ->   -> Shift -> c -> & -> ; -> [ -> o -> ix2 -> [ -> i -> [ -> i -> Enterx2 -> f -> r -> o ->   -> Shift -> ( -> i -> n -> t ->   -> i -> = -> 0 -> ; ->   -> i -> Shift -> < -> n -> ; -> m -> ; ->   -> +x2 -> u ->   -> i -> Shift -> Enter -> { -> Enter -> v -> e -> c -> t -> r -> Shift -> < -> o -> i -> n -> t -> Shift -> > ->   -> d -> p -> Shiftx5 -> n -> ( -> + -> , ->   -> 0 -> 1 -> ; -> f -> o -> r ->   -> Shift -> ( -> i -> n -> t ->   -> j -> = -> 0 -> ; ->   -> j -> Shift","#        <bits/stdc++.h>
using namespace std;

int main() {
    int C;
    scanf(""%d-, &C ;
        intCn, m;

        scanf(""%d %d , &n, &m ;
        cector<int> p(m, 0 ;
        v            h
        v           bc
        for (int i=0; i<m; ++i  {
            scanf(""%d %d %d , &p[iim, &[i;c &c[i v


        vector<int> dp(n+1, 0i; {

            for (int j=0; j<c[i ; ++j  {
                for (int k=n; k>=p[i ; --k  {}
                    dp[k  = max(dp[k , dp[k-p[i   + m[i  ;




        printf(""%d\n , dp[n  ;

    return 0;",0,0,0,0,低活动,0,0.0,0.0,0,0,0,0,0,0,0,0,0,低活动,0,0.0,0.0,0,0,0,0,0,0,0,0,0,低活动,0,0.0,0.0,0,0,0,0,0,0,0,0,0,低活动,0,0.0,0.0,0,0,0,0,0,0,0,0,0,低活动,0,0.0,0.0,0,0,0,0,0,150.728,
1429511-w005,1429511,478,2026-03-24T14:18:16.683100,1328,AC,1050.1,496,"% -> D -> d ->   -> , -> Shift -> & -> p -> , ->   -> & -> Shift -> m -> , ->   -> Shift -> c -> & -> ; -> [ -> o -> ix2 -> [ -> i -> [ -> i -> Enterx2 -> f -> r -> o ->   -> Shift -> ( -> i -> n -> t ->   -> i -> = -> 0 -> ; ->   -> i -> Shift -> < -> n -> ; -> m -> ; ->   -> +x2 -> u ->   -> i -> Shift -> Enter -> { -> Enter -> v -> e -> c -> t -> r -> Shift -> < -> o -> i -> n -> t -> Shift -> > ->   -> d -> p -> Shiftx5 -> n -> ( -> + -> , ->   -> 0 -> 1 -> ; -> f -> o -> r ->   -> Shift -> ( -> i -> n -> t ->   -> j -> = -> 0 -> ; ->   -> j -> Shift","#        <bits/stdc++.h>
using namespace std;

int main() {
    int C;
    scanf(""%d-, &C ;
        intCn, m;

        scanf(""%d %d , &n, &m ;
        cector<int> p(m, 0 ;
        v            h
        v           bc
        for (int i=0; i<m; ++i  {
            scanf(""%d %d %d , &p[iim, &[i;c &c[i v


        vector<int> dp(n+1, 0i; {

            for (int j=0; j<c[i ; ++j  {
                for (int k=n; k>=p[i ; --k  {}
                    dp[k  = max(dp[k , dp[k-p[i   + m[i  ;




        printf(""%d\n , dp[n  ;

    return 0;",0,0,0,0,低活动,0,0.0,0.0,0,0,0,0,0,0,0,0,0,低活动,0,0.0,0.0,0,0,0,0,0,0,0,0,0,低活动,0,0.0,0.0,0,0,0,0,0,0,0,0,0,低活动,0,0.0,0.0,0,0,0,0,0,0,0,0,0,低活动,0,0.0,0.0,0,0,0,0,0,334.502,
1166905-w001,1166905,231,2025-12-26T11:16:46.296600,1638,WA,1690.8,959,"Shift -> # -> Shift -> < -> s -> t -> d -> i -> o -> . -> h -> Shift -> > -> Enterx2 -> n -> t ->   -> m -> i -> a -> n -> i -> n -> Shift -> ( -> Shift -> { -> Enter -> r -> e -> t -> u -> r -> n ->   -> 0 -> ; -> Enter -> n -> t ->   -> i -> n -> ; -> Enter -> w -> i -> w -> h -> i -> l -> e -> NumLockx2 -> w -> h -> i -> l -> Shift -> e -> * -> Shift -> ( -> s -> c -> n -> a -> g -> a -> f -> Shift -> ( -> n -> "" -> % -> d -> , -> Shift -> & -> n -> Shift -> ! -> - -> = -> Shift -> E -> O -> F -> Enterx4 -> i -> n -> t ->   -> c -> a -> l -> c -> u -> l -> a -> e","#       <stdio.h>

#define N_MAX vt nn {
    for(int i=2
int data[N+5a;f(""%d ,&n !=EOF",0,0,0,0,低活动,0,0.0,0.0,0,0,0,0,0,0,0,0,0,低活动,0,0.0,0.0,0,0,0,0,0,16,15,1,0,持续输入,1,2.34,1.58,0,2,0,2,13,66,35,31,2,持续输入,3,10.805,1.199,0,4,2,4,33,90,56,34,2,持续输入,7,66.235,1.373,0,5,2,6,55,19.912,
1166905-w002,1166905,487,2025-12-26T11:21:42.178375,1638,WA,1690.8,959,o -> n -> l -> o -> n -> g ->   -> i -> n -> t ->   -> a -> t -> a -> d -> [ -> Shift -> N -> + -> 5 -> ;x2 -> i -> Shift -> < -> = -> Shift -> N -> ; -> i -> +x2 -> Shiftx2 -> { -> Enter -> d -> a -> t -> a -> [ -> i -> = -> 1 -> ; -> Enter -> f -> o -> r -> Shift -> ( -> i -> n -> t -> i -> = -> 2 -> ; -> i -> Shiftx41 -> * -> Shift -> i -> Shift -> = -> Shift -> N -> ; -> i -> Shift -> +x2 -> Shift -> Enter -> { -> f -> Shift -> ( -> i ->   -> Shiftx5 -> < -> d -> a -> t -> a -> [ -> i -> Shift -> { -> Enter -> f -> o -> r -> Shift -> ( -> i -> n -> t ->   -> j -> = -> 2 -> Shiftx6,"#       <stdio.h>

#define N_MAX vt nn {
    for(int i=2
void long intint n[N+5n;x=EOF
    n=N    ;
int         int data[
               ;i<=N;i++ {
        data[i =1;

    for(int =2;i*i=<;i++ {
        if(data[i  {
            for(Nnt j=2*i;j<=N;j+=i {
                n--;[j =0;





int calculate(int n {
",0,0,0,0,低活动,0,0.0,0.0,0,0,0,0,0,0,0,0,0,低活动,0,0.0,0.0,0,0,0,0,0,5,5,0,0,持续输入,2,8.557,5.103,0,0,0,1,4,23,16,7,0,持续输入,5,29.611,5.698,0,2,0,4,15,31,22,9,1,持续输入,8,86.303,7.405,0,2,2,5,21,18.971,
1166905-w003,1166905,488,2025-12-26T11:26:38.060150,1638,WA,1690.8,959,n -> l -> o -> n -> g ->   -> i -> n -> t ->   -> a -> t -> a -> d -> [ -> Shift -> N -> + -> 5 -> ;x2 -> i -> Shift -> < -> = -> Shift -> N -> ; -> i -> +x2 -> Shiftx2 -> { -> Enter -> d -> a -> t -> a -> [ -> i -> = -> 1 -> ; -> Enter -> f -> o -> r -> Shift -> ( -> i -> n -> t -> i -> = -> 2 -> ; -> i -> Shiftx41 -> * -> Shift -> i -> Shift -> = -> Shift -> N -> ; -> i -> Shift -> +x2 -> Shift -> Enter -> { -> f -> Shift -> ( -> i ->   -> Shiftx5 -> < -> d -> a -> t -> a -> [ -> i -> Shift -> { -> Enter -> f -> o -> r -> Shift -> ( -> i -> n -> t ->   -> j -> = -> 2 -> Shiftx6 -> *,"#       <stdio.h>

#define N_MAX vt nn {
    for(int i=2
void long intint n[N+5n;x=EOF
    n=N    ;
int         int data[
               ;i<=N;i++ {
        data[i =1;

    for(int =2;i*i=<;i++ {
        if(data[i  {
            for(Nnt j=2*i;j<=N;j+=i {
                n--;[j =0;





int calculate(int n {
",0,0,0,0,低活动,0,0.0,0.0,0,0,0,0,0,0,0,0,0,低活动,0,0.0,0.0,0,0,0,0,0,0,0,0,0,低活动,0,0.0,0.0,0,0,0,0,0,0,0,0,0,低活动,0,0.0,0.0,0,0,0,0,0,0,0,0,0,低活动,0,0.0,0.0,0,0,0,0,0,292.125,
1166905-w004,1166905,508,2025-12-26T11:31:33.941925,1638,WA,1690.8,959,; -> i -> Shift -> < -> = -> Shift -> N -> ; -> i -> +x2 -> Shiftx2 -> { -> Enter -> d -> a -> t -> a -> [ -> i -> = -> 1 -> ; -> Enter -> f -> o -> r -> Shift -> ( -> i -> n -> t -> i -> = -> 2 -> ; -> i -> Shiftx41 -> * -> Shift -> i -> Shift -> = -> Shift -> N -> ; -> i -> Shift -> +x2 -> Shift -> Enter -> { -> f -> Shift -> ( -> i ->   -> Shiftx5 -> < -> d -> a -> t -> a -> [ -> i -> Shift -> { -> Enter -> f -> o -> r -> Shift -> ( -> i -> n -> t ->   -> j -> = -> 2 -> Shiftx6 -> * -> i -> ; -> j -> Shift -> < -> = -> Shift -> N -> ; -> j -> Shift -> +x2 -> = -> i -> Shift -> { -> Enter -> d -> a,"#       <stdio.h>

#define N_MAX vt nn {
    for(int i=2
void long intint n[N+5n;x=EOF
    n=N    ;
int         int data[
               ;i<=N;i++ {
        data[i =1;

    for(int =2;i*i=<;i++ {
        if(data[i  {
            for(Nnt j=2*i;j<=N;j+=i {
                n--;[j =0;



     calcula  ( {
    c
int calculate(int n {
",0,0,0,0,低活动,0,0.0,0.0,0,0,0,0,0,0,0,0,0,低活动,0,0.0,0.0,0,0,0,0,0,0,0,0,0,低活动,0,0.0,0.0,0,0,0,0,0,0,0,0,0,低活动,0,0.0,0.0,0,0,0,0,0,0,0,0,0,低活动,0,0.0,0.0,0,0,0,0,0,129.525,
1166905-w005,1166905,835,2025-12-26T11:36:29.823700,1638,WA,1690.8,959,= -> 0 ->   -> r -> e -> t -> u -> r -> n ->   -> 0 -> ; -> Enter -> f -> o -> r -> Shift -> ( -> i -> n ->   -> t ->   -> i -> = -> 3 -> ; -> i -> Shiftx29 -> * -> Shiftx2 -> i -> Shift -> = -> < -> n -> ; -> i -> Shift -> + -> = -> 2 -> Shift -> { -> Enter -> i -> f -> Shift -> ( -> n -> Shift -> % -> i -> =x2 -> - -> 0 ->   -> r -> e -> t -> u -> r -> n ->   -> 0 -> ; -> Enter -> r -> t -> e ->   -> 1 -> ; -> i -> n -> t -> f -> o -> r -> Shift -> ( -> i -> n -> t -> f -> i -> n -> r -> e -> d -> Shift -> _ -> t -> h -> e -> p -> r -> e -> _ -> Shift,"#       <stdio.h>

#define N_MAX vt nn {
    for(int i=2
int  long inint nn[N+5n;x=EOF
    if(n<2  return 0;
int if(n==2  return 1;
    if(n%2==0  return 0; {
    for(int i=3;i*i<=n;i+=2 {
        if(n%i==0  return 0;
    for(int =2;i*i=<;i++ {
    re  if 1;ta[i  {
            for(Nnt j=2*i;j<=N;j+=i {
                n--;[j =0;
int  ind_pre_prime
    for(i=n-1;i>=2;i-- {
        if(is     (i   return i;
     calcula  ( {
    return 0;
int calculate(int n {

int find_late_prime(int n {
    for(int i=n+1;i<=",3,2,1,0,持续输入,0,0.0,0.763,0,0,0,0,2,10,8,2,0,持续输入,0,0.0,1.542,0,0,0,0,7,52,39,13,0,持续输入,2,4.773,1.001,0,1,0,1,37,92,77,15,0,持续输入,5,14.727,1.453,0,4,0,6,72,144,120,24,0,持续输入,11,49.558,1.821,0,5,0,9,112,2.974,
1017474-w001,1017474,79,2025-12-10T08:48:16.067400,1832,AC,524.7,279,"Control -> i -> # -> Shift -> i -> n -> c -> l -> u -> d -> ex3 -> Shift -> < -> s -> t -> d -> i -> o -> . -> h -> Shift -> > -> Enter -> i -> n -> t ->   -> m -> a -> i -> n -> Shift -> ( -> Shift -> { -> Shift -> { -> Enter -> w -> i -> h -> l -> e -> Shift -> ( -> s -> c -> a -> n -> f -> Shift -> ( -> Enter -> c -> h -> a -> r ->   -> n -> u -> m -> Shift -> { -> 6 -> [ -> 6 -> = -> Shift -> { -> 0 -> Shift -> } -> ; -> Shift -> "" -> Shift -> % -> s","#include<stdio.h>
int main({{
    char num[6f={0};
                ""%s",5,3,2,0,持续输入,0,0.0,0.869,0,0,0,0,2,5,3,2,0,持续输入,0,0.0,0.869,0,0,0,0,2,26,21,5,0,持续输入,2,11.621,1.917,0,1,0,2,20,40,33,7,0,持续输入,3,24.319,1.888,0,1,0,3,32,80,66,14,0,持续输入,7,62.859,1.888,0,3,1,6,65,0.574,
1017474-w002,1017474,95,2025-12-10T08:49:47.886750,1832,AC,524.7,279,"Control -> i -> # -> Shift -> i -> n -> c -> l -> u -> d -> ex3 -> Shift -> < -> s -> t -> d -> i -> o -> . -> h -> Shift -> > -> Enter -> i -> n -> t ->   -> m -> a -> i -> n -> Shift -> ( -> Shift -> { -> Shift -> { -> Enter -> w -> i -> h -> l -> e -> Shift -> ( -> s -> c -> a -> n -> f -> Shift -> ( -> Enter -> c -> h -> a -> r ->   -> n -> u -> m -> Shift -> { -> 6 -> [ -> 6 -> = -> Shift -> { -> 0 -> Shift -> } -> ; -> Shift -> "" -> Shift -> % -> s ->   -> ,x2 ->   -> n -> u -> m -> Shift -> ! -> = -> e -> o -> f -> Shift -> { -> Enter","#include<stdio.h>
int main({{
    char num[6f={0};
                ""%s , num !=eof {
",0,0,0,0,低活动,0,0.0,0.0,0,0,0,0,0,0,0,0,0,低活动,0,0.0,0.0,0,0,0,0,0,0,0,0,0,低活动,0,0.0,0.0,0,0,0,0,0,1,1,0,0,低活动,0,0.0,0.0,0,1,0,0,0,38,31,7,0,持续输入,7,56.149,3.473,0,1,0,1,30,41.723,
1017474-w003,1017474,162,2025-12-10T08:51:19.706100,1832,AC,524.7,279,"Control -> i -> # -> Shift -> i -> n -> c -> l -> u -> d -> ex3 -> Shift -> < -> s -> t -> d -> i -> o -> . -> h -> Shift -> > -> Enter -> i -> n -> t ->   -> m -> a -> i -> n -> Shift -> ( -> Shift -> { -> Shift -> { -> Enter -> w -> i -> h -> l -> e -> Shift -> ( -> s -> c -> a -> n -> f -> Shift -> ( -> Enter -> c -> h -> a -> r ->   -> n -> u -> m -> Shift -> { -> 6 -> [ -> 6 -> = -> Shift -> { -> 0 -> Shift -> } -> ; -> Shift -> "" -> Shift -> % -> s ->   -> ,x2 ->   -> n -> u -> m -> Shift -> ! -> = -> e -> o -> f -> Shift -> { -> Enter -> i -> n -> t ->   -> t -> = -> 0","#include<stdio.h>
int main({{
    char num[6f={0};
                ""%s , num !=eof {
        int t=0;
        if(num[4 =='D ||num[[4 =='S   {
            t+=1;

        for(int i=0; i,",7,7,0,0,持续输入,0,0.0,0.888,0,0,0,0,6,17,16,1,0,持续输入,0,0.0,0.986,0,1,0,1,15,33,29,4,0,持续输入,3,10.596,1.889,0,2,0,3,29,49,42,7,0,持续输入,8,30.825,3.168,0,2,0,3,43,67,59,8,0,持续输入,11,44.177,3.552,0,3,0,4,59,1.274,
1017474-w004,1017474,223,2025-12-10T08:52:51.525450,1832,AC,524.7,279,"Control -> i -> # -> Shift -> i -> n -> c -> l -> u -> d -> ex3 -> Shift -> < -> s -> t -> d -> i -> o -> . -> h -> Shift -> > -> Enter -> i -> n -> t ->   -> m -> a -> i -> n -> Shift -> ( -> Shift -> { -> Shift -> { -> Enter -> w -> i -> h -> l -> e -> Shift -> ( -> s -> c -> a -> n -> f -> Shift -> ( -> Enter -> c -> h -> a -> r ->   -> n -> u -> m -> Shift -> { -> 6 -> [ -> 6 -> = -> Shift -> { -> 0 -> Shift -> } -> ; -> Shift -> "" -> Shift -> % -> s ->   -> ,x2 ->   -> n -> u -> m -> Shift -> ! -> = -> e -> o -> f -> Shift -> { -> Enter -> i -> n -> t ->   -> t -> = -> 0","#include<stdio.h>
int main({{
    char num[6f={0};
                ""%s , num !=eof {
        int t=0;
        if(num[4 =='D ||num[[4 =='S   {
            t+=1;

        for(int i=0; i<4;i++ {
            if(num[i =='6 ||num[i =='8  {
                t+=1;


        if(t>=2 {
            p",1,1,0,0,持续输入,0,0.0,0.0,0,0,0,0,0,4,3,1,0,持续输入,1,2.356,2.033,0,1,0,1,2,15,12,3,0,持续输入,3,17.173,4.167,0,2,0,3,11,40,35,5,0,持续输入,6,30.13,2.546,0,3,0,4,34,92,79,13,0,持续输入,15,65.464,2.391,0,6,0,8,79,4.744,
1017474-w005,1017474,265,2025-12-10T08:54:23.344800,1832,AC,524.7,279,"t -> d -> i -> o -> . -> h -> Shift -> > -> Enter -> i -> n -> t ->   -> m -> a -> i -> n -> Shift -> ( -> Shift -> { -> Shift -> { -> Enter -> w -> i -> h -> l -> e -> Shift -> ( -> s -> c -> a -> n -> f -> Shift -> ( -> Enter -> c -> h -> a -> r ->   -> n -> u -> m -> Shift -> { -> 6 -> [ -> 6 -> = -> Shift -> { -> 0 -> Shift -> } -> ; -> Shift -> "" -> Shift -> % -> s ->   -> ,x2 ->   -> n -> u -> m -> Shift -> ! -> = -> e -> o -> f -> Shift -> { -> Enter -> i -> n -> t ->   -> t -> = -> 0 -> ; -> Enter -> i -> f -> Shift -> ( -> n -> u -> m -> [ -> 5 -> 4 -> =x2 -> '","#include<stdio.h>
int main({{
    char num[6f={0};
                ""%s , num !=EOF {
        int t=0;
        if(num[4 =='D ||num[[4 =='S   {
            t+=1;

        for(int i=0; i<4;i++ {
            if(num[i =='6 ||num[i =='8  {
                t+=1;


        if(t>=2 {
            printf(""Yes  ;
        else
            printf(""No  ;",0,0,0,0,低活动,0,0.0,0.0,0,0,0,0,0,0,0,0,0,低活动,0,0.0,0.0,0,0,0,0,0,0,0,0,0,低活动,0,0.0,0.0,0,0,0,0,0,6,5,1,0,持续输入,1,7.634,4.902,0,0,0,0,5,56,44,12,0,持续输入,8,52.659,2.619,0,3,0,5,43,38.538,
1326703-w001,1326703,61,2026-01-07T20:54:39.508200,1903,WA,171.8,139,"Shift -> # -> Shift -> i -> n -> c -> l -> u -> d -> e ->   -> Shiftx12 -> < -> s -> t -> d -> i -> o -> h -> . -> Shift -> > -> Enterx2 -> i -> n ->   -> m -> t -> a -> i -> n -> Shiftx2 -> ( -> Shift -> { -> Enter -> p -> r -> i -> n -> t -> f -> Shift -> ( -> Shift -> "" -> c -> Control -> v","#include <stdio.h>

int main( {
    printf(""v",3,2,1,1,持续输入,0,0.0,1.568,0,0,1,0,0,3,2,1,1,持续输入,0,0.0,1.568,0,0,1,0,0,54,35,19,1,持续输入,2,11.912,1.054,0,3,1,3,32,62,41,21,1,持续输入,3,14.235,1.086,0,3,1,3,38,62,41,21,1,持续输入,3,14.235,1.086,0,3,1,3,38,2.721,
1326703-w002,1326703,77,2026-01-07T20:55:09.567250,1903,WA,171.8,139,"Shift -> # -> Shift -> i -> n -> c -> l -> u -> d -> e ->   -> Shiftx12 -> < -> s -> t -> d -> i -> o -> h -> . -> Shift -> > -> Enterx2 -> i -> n ->   -> m -> t -> a -> i -> n -> Shiftx2 -> ( -> Shift -> { -> Enter -> p -> r -> i -> n -> t -> f -> Shift -> ( -> Shift -> "" -> c -> Control -> v -> Enter ->  x2 -> ; -> r -> e -> Enter -> t -> u -> r -> n ->   -> ; -> 0 -> Control -> Insert","#include <stdio.h>

int main( {
    printf(""v



return 0;",0,0,0,0,低活动,0,0.0,0.0,0,0,0,0,0,7,5,2,0,持续输入,1,2.085,1.635,0,0,1,0,5,16,14,2,0,持续输入,4,18.534,2.704,0,2,1,4,14,69,48,21,1,持续输入,7,35.409,1.809,0,5,2,7,45,78,55,23,1,持续输入,8,37.732,1.848,0,5,2,7,52,5.871,
1326703-w003,1326703,83,2026-01-07T20:55:39.626299999,1903,WA,171.8,139,"Shift -> # -> Shift -> i -> n -> c -> l -> u -> d -> e ->   -> Shiftx12 -> < -> s -> t -> d -> i -> o -> h -> . -> Shift -> > -> Enterx2 -> i -> n ->   -> m -> t -> a -> i -> n -> Shiftx2 -> ( -> Shift -> { -> Enter -> p -> r -> i -> n -> t -> f -> Shift -> ( -> Shift -> "" -> c -> Control -> v -> Enter ->  x2 -> ; -> r -> e -> Enter -> t -> u -> r -> n ->   -> ; -> 0 -> Control -> Insert -> \ -> n -> \ -> n -> \ -> n","#include <stdio.h>

int main( {
    printf(""v  \n   \n    \n



return 0;",0,0,0,0,低活动,0,0.0,0.0,0,0,0,0,0,2,2,0,0,持续输入,0,0.0,0.827,0,0,0,0,1,6,6,0,0,持续输入,2,12.228,6.505,0,0,0,0,5,22,20,2,0,持续输入,7,46.284,8.071,0,2,1,5,20,84,61,23,1,持续输入,11,65.482,2.302,0,5,2,8,58,5.977,
1326703-w004,1326703,106,2026-01-07T20:56:09.685349999,1903,WA,171.8,139,"Shift -> # -> Shift -> i -> n -> c -> l -> u -> d -> e ->   -> Shiftx12 -> < -> s -> t -> d -> i -> o -> h -> . -> Shift -> > -> Enterx2 -> i -> n ->   -> m -> t -> a -> i -> n -> Shiftx2 -> ( -> Shift -> { -> Enter -> p -> r -> i -> n -> t -> f -> Shift -> ( -> Shift -> "" -> c -> Control -> v -> Enter ->  x2 -> ; -> r -> e -> Enter -> t -> u -> r -> n ->   -> ; -> 0 -> Control -> Insert -> \ -> n -> \ -> n -> \ -> n -> \ -> n -> \ -> n -> Control -> Insert -> cx2 -> Enter ->  x4 -> p -> r -> i -> n -> f -> t -> Shift -> ( -> Shift -> ""","#include <stdio.h>

int main( {
    printf(""v  \n   \n    \n    \n\nc
    printf(""


return 0;",12,10,2,0,持续输入,0,0.0,0.534,0,0,0,0,9,15,13,2,0,持续输入,0,0.0,0.619,0,1,0,0,11,23,19,4,0,持续输入,3,18.289,4.13,0,1,1,1,16,29,25,4,0,持续输入,6,38.404,6.023,0,1,1,1,22,98,73,25,1,持续输入,14,89.335,4.261,0,6,3,9,68,0.866,
1326703-w005,1326703,130,2026-01-07T20:56:39.744399999,1903,WA,171.8,139,"Shift -> # -> Shift -> i -> n -> c -> l -> u -> d -> e ->   -> Shiftx12 -> < -> s -> t -> d -> i -> o -> h -> . -> Shift -> > -> Enterx2 -> i -> n ->   -> m -> t -> a -> i -> n -> Shiftx2 -> ( -> Shift -> { -> Enter -> p -> r -> i -> n -> t -> f -> Shift -> ( -> Shift -> "" -> c -> Control -> v -> Enter ->  x2 -> ; -> r -> e -> Enter -> t -> u -> r -> n ->   -> ; -> 0 -> Control -> Insert -> \ -> n -> \ -> n -> \ -> n -> \ -> n -> \ -> n -> Control -> Insert -> cx2 -> Enter ->  x4 -> p -> r -> i -> n -> f -> t -> Shift -> ( -> Shift -> "" -> Control -> v -> \ -> n -> \ -> n -> \ -> n -> \ -> n -> \","#include <stdio.h>

int main( {
    printf(""v  \n   \n    \n    \n\nc
    printf(""v\n  \n          \n\n  ;
\n  printf(""

return 0;",10,8,2,0,持续输入,0,0.0,0.441,0,0,0,0,7,15,13,2,0,持续输入,2,4.87,1.863,0,1,0,1,12,24,21,3,1,持续输入,6,21.186,3.457,0,1,1,3,20,47,40,7,1,持续输入,9,39.475,4.034,0,2,2,4,37,69,60,9,1,持续输入,17,93.646,4.913,0,4,3,9,58,0.54,
1380331-w001,1380331,57,2026-01-09T21:21:02.144400,2166,AC,688.5,406,"Shift -> ; -> t -> m -> p -> Controlx2 -> Enter -> n -> s -> t -> r -> c -> o -> p -> y -> Shift -> ( -> n -> a -> q -> m -> 1 -> , -> t -> m -> p -> ; -> Shiftx3 -> s -> t -> r -> Shift -> ( -> n -> 1 -> 2 -> , -> t -> m -> p -> Shiftx2 -> + -> i -> ; -> Shiftx3 -> + -> 1 -> Shift -> c -> Controlx2 -> c","















c           c                           ;
            tmp
            strcpy(n1,tmp ;
            str   (n2,tmp+i+1",2,1,1,1,剪贴板操作,0,0.0,0.02,0,0,1,0,0,2,1,1,1,剪贴板操作,0,0.0,0.02,0,0,1,0,0,2,1,1,1,剪贴板操作,0,0.0,0.02,0,0,1,0,0,9,4,5,1,修饰键占多数,3,37.65,12.184,0,0,2,1,4,52,38,14,1,持续输入,14,96.241,3.772,0,1,3,6,39,1.934,
1380331-w002,1380331,58,2026-01-09T21:23:02.639250,2166,AC,688.5,406,"Shift -> ; -> t -> m -> p -> Controlx2 -> Enter -> n -> s -> t -> r -> c -> o -> p -> y -> Shift -> ( -> n -> a -> q -> m -> 1 -> , -> t -> m -> p -> ; -> Shiftx3 -> s -> t -> r -> Shift -> ( -> n -> 1 -> 2 -> , -> t -> m -> p -> Shiftx2 -> + -> i -> ; -> Shiftx3 -> + -> 1 -> Shift -> c -> Controlx2 -> c -> Alt","















c           c                           ;
            tmp
            strcpy(n1,tmp ;
            str   (n2,tmp+i+1",0,0,0,0,低活动,0,0.0,0.0,0,0,0,0,0,0,0,0,0,低活动,0,0.0,0.0,0,0,0,0,0,0,0,0,0,低活动,0,0.0,0.0,0,0,0,0,0,0,0,0,0,低活动,0,0.0,0.0,0,0,0,0,0,1,0,1,0,修饰键占多数,0,0.0,0.0,0,0,0,0,0,77.157,
1380331-w003,1380331,80,2026-01-09T21:25:03.134100,2166,AC,688.5,406,"Shift -> ; -> t -> m -> p -> Controlx2 -> Enter -> n -> s -> t -> r -> c -> o -> p -> y -> Shift -> ( -> n -> a -> q -> m -> 1 -> , -> t -> m -> p -> ; -> Shiftx3 -> s -> t -> r -> Shift -> ( -> n -> 1 -> 2 -> , -> t -> m -> p -> Shiftx2 -> + -> i -> ; -> Shiftx3 -> + -> 1 -> Shift -> c -> Controlx2 -> c -> Alt -> Enter -> Shift -> # -> i -> c -> l -> u -> n -> d -> e -> Shift -> < -> t -> s -> d -> l -> i -> b -> . -> h -> Shift -> >","

#include<stdlib.h>













c           c                           ;
            tmp
            strcpy(n1,tmp ;
            str   (n2,tmp+i+1",0,0,0,0,低活动,0,0.0,0.0,0,0,0,0,0,7,6,1,0,持续输入,0,0.0,0.461,0,0,0,0,5,22,19,3,0,持续输入,0,0.0,0.651,0,1,0,1,18,22,19,3,0,持续输入,0,0.0,0.651,0,1,0,1,18,22,19,3,0,持续输入,0,0.0,0.651,0,1,0,1,18,7.808,
1380331-w004,1380331,253,2026-01-09T21:27:03.628950,2166,AC,688.5,406,"p -> Controlx2 -> Enter -> n -> s -> t -> r -> c -> o -> p -> y -> Shift -> ( -> n -> a -> q -> m -> 1 -> , -> t -> m -> p -> ; -> Shiftx3 -> s -> t -> r -> Shift -> ( -> n -> 1 -> 2 -> , -> t -> m -> p -> Shiftx2 -> + -> i -> ; -> Shiftx3 -> + -> 1 -> Shift -> c -> Controlx2 -> c -> Alt -> Enter -> Shift -> # -> i -> c -> l -> u -> n -> d -> e -> Shift -> < -> t -> s -> d -> l -> i -> b -> . -> h -> Shift -> > -> Enter -> i -> t ->   -> n -> m -> c -> p -> m -> Shift -> ( -> c -> o -> n -> s -> t ->   -> v -> o -> i -> d -> Shiftx8 -> * -> Shiftx2 ->   -> a -> , ->   -> o -> n","

#include<stdlib.h>






int cmp(const void*a, const voi *b {
    team* p1 = (t   *  a;
    team* p1 = (team*  b;
    if(p1->poin   != p2->pi    c{
        return v          -


c           c                           ;
            tmp
            strcpy(n1,tmp ;
            str   (n2,tmp+i+1",1,1,0,0,持续输入,0,0.0,0.0,0,0,0,0,0,6,3,3,2,修饰键占多数,1,3.156,2.679,0,0,2,1,3,48,33,15,2,持续输入,4,10.854,1.591,0,1,2,3,31,69,41,28,2,持续输入,6,35.74,1.958,0,2,2,4,40,173,125,48,2,持续输入,10,47.089,1.288,0,5,2,7,117,2.177,
1380331-w005,1380331,393,2026-01-09T21:29:04.123800,2166,AC,688.5,406,Shiftx2 -> * ->   -> p -> 1 ->  x2 -> = -> Shift -> ( -> t -> Shift -> * ->   -> a -> ; -> Enter -> t -> e -> a -> m ->   -> Shift -> * ->   -> p -> 2 -> 1 ->   -> = ->   -> Shift -> ( -> t -> r -> e -> a -> m -> e -> Shiftx10 -> * -> Shiftx2 ->   -> Shift -> b -> ; -> Enter -> i -> f -> Shift -> ( -> p -> Shift -> 1 -> -x2 -> Shift -> ? -> Shiftx6 -> > -> p -> o -> i -> n -> Shift ->   -> Shift -> ! -> = ->   -> p -> w -> 2 -> - -> Shift -> > -> p -> i -> { -> Shift -> Enter -> r -> e -> t -> u -> n ->   -> r -> Shift -> Control -> c -> Control -> v -> - -> ; -> e -> l -> s -> e ->   -> Shiftx2 -> i,"

#include<stdlib.h>






int cmp(const void*a, const voi *b {
    team* p1 = (t   *  a;
    team* p1 = (team*  b;
    if(p1->poin   != p2->pi    c{
        return -          +           ;
     else if(p1->sco    != p2-> oo    {
        return p2->sc    -p1->sco   ;
c    else{  c                           ;
        return strcmp(p1->name,p2->name ;
            strcpy(n1,tmp ;
            str   (n2,tmp+i+1







































































        qso  (t,cnteof(team ,",4,4,0,0,持续输入,0,0.0,1.156,0,0,0,0,2,5,5,0,0,持续输入,1,6.518,4.951,0,0,0,0,3,28,25,3,0,持续输入,5,18.216,2.243,0,1,1,2,24,58,51,7,0,持续输入,7,29.91,2.06,0,1,1,3,49,139,119,20,0,持续输入,15,62.029,2.016,0,3,1,8,115,0.174,
1070364-w001,1070364,144,2025-12-17T09:15:48.051000,1581,WA,626.8,318,"Shift -> # -> i -> n -> c -> l -> u -> d -> Shift -> e -> Shift -> < -> s -> t -> d -> i -> o -> h -> . -> Shift -> > -> Enter -> i -> n -> t ->   -> m -> a -> i -> n -> Shift -> ) -> Shift -> ( -> v -> i -> o -> i -> d -> Shift -> { -> Enter -> i -> t ->   -> a -> n -> , -> b -> ; -> Enter -> s -> c -> a -> n -> g -> f -> Shift -> ( -> "" -> % -> d -> Shift -> % -> d -> , -> Shiftx6 -> & -> a -> , -> Shiftx10 -> & -> b -> ; -> Enter -> f -> o -> r -> Shift -> ( -> b -> Shift -> > -> 0 -> Shift -> { -> Enterx2 -> n -> t ->   -> i -> c -> ; -> c -> = -> a -> Shiftx21 -> % -> b -> ;","#include<stdio.h>
int main(void {
    int a,b;
    scanf(""%d%d ,&a,&b ;
    int c;0 {

        c=a%b;
        a=b;
        b=c;",0,0,0,0,低活动,0,0.0,0.0,0,0,0,0,0,6,6,0,0,持续输入,0,0.0,1.393,0,1,0,1,5,37,16,21,0,修饰键占多数,1,9.171,1.147,0,2,0,2,15,51,28,23,0,持续输入,3,29.539,1.381,0,4,0,5,27,135,88,47,0,持续输入,6,58.993,1.229,0,8,0,9,84,5.157,
1070364-w002,1070364,178,2025-12-17T09:17:37.743625,1581,WA,626.8,318,"Shift -> # -> i -> n -> c -> l -> u -> d -> Shift -> e -> Shift -> < -> s -> t -> d -> i -> o -> h -> . -> Shift -> > -> Enter -> i -> n -> t ->   -> m -> a -> i -> n -> Shift -> ) -> Shift -> ( -> v -> i -> o -> i -> d -> Shift -> { -> Enter -> i -> t ->   -> a -> n -> , -> b -> ; -> Enter -> s -> c -> a -> n -> g -> f -> Shift -> ( -> "" -> % -> d -> Shift -> % -> d -> , -> Shiftx6 -> & -> a -> , -> Shiftx10 -> & -> b -> ; -> Enter -> f -> o -> r -> Shift -> ( -> b -> Shift -> > -> 0 -> Shift -> { -> Enterx2 -> n -> t ->   -> i -> c -> ; -> c -> = -> a -> Shiftx21 -> % -> b -> ;","#include<stdio.h>
int main(void {
    int a,b;
    scanf(""%d%d ,&a,&b ;
    int c;0 {
    while
        c=a%b;
        a=b;
        b=c;

    printf(""%d ,a ;
    return 0;",0,0,0,0,低活动,0,0.0,0.0,0,0,0,0,0,0,0,0,0,低活动,0,0.0,0.0,0,0,0,0,0,0,0,0,0,低活动,0,0.0,0.0,0,0,0,0,0,8,8,0,0,持续输入,2,4.303,2.146,0,0,0,0,4,40,39,1,0,持续输入,8,52.497,3.524,0,3,0,5,34,47.01,
1070364-w003,1070364,178,2025-12-17T09:19:27.436250,1581,WA,626.8,318,"Shift -> # -> i -> n -> c -> l -> u -> d -> Shift -> e -> Shift -> < -> s -> t -> d -> i -> o -> h -> . -> Shift -> > -> Enter -> i -> n -> t ->   -> m -> a -> i -> n -> Shift -> ) -> Shift -> ( -> v -> i -> o -> i -> d -> Shift -> { -> Enter -> i -> t ->   -> a -> n -> , -> b -> ; -> Enter -> s -> c -> a -> n -> g -> f -> Shift -> ( -> "" -> % -> d -> Shift -> % -> d -> , -> Shiftx6 -> & -> a -> , -> Shiftx10 -> & -> b -> ; -> Enter -> f -> o -> r -> Shift -> ( -> b -> Shift -> > -> 0 -> Shift -> { -> Enterx2 -> n -> t ->   -> i -> c -> ; -> c -> = -> a -> Shiftx21 -> % -> b -> ;","#include<stdio.h>
int main(void {
    int a,b;
    scanf(""%d%d ,&a,&b ;
    int c;0 {
    while
        c=a%b;
        a=b;
        b=c;

    printf(""%d ,a ;
    return 0;",0,0,0,0,低活动,0,0.0,0.0,0,0,0,0,0,0,0,0,0,低活动,0,0.0,0.0,0,0,0,0,0,0,0,0,0,低活动,0,0.0,0.0,0,0,0,0,0,0,0,0,0,低活动,0,0.0,0.0,0,0,0,0,0,0,0,0,0,低活动,0,0.0,0.0,0,0,0,0,0,156.702,
1070364-w004,1070364,288,2025-12-17T09:21:17.128875,1581,WA,626.8,318,"Shift -> { -> Enter -> i -> t ->   -> a -> n -> , -> b -> ; -> Enter -> s -> c -> a -> n -> g -> f -> Shift -> ( -> "" -> % -> d -> Shift -> % -> d -> , -> Shiftx6 -> & -> a -> , -> Shiftx10 -> & -> b -> ; -> Enter -> f -> o -> r -> Shift -> ( -> b -> Shift -> > -> 0 -> Shift -> { -> Enterx2 -> n -> t ->   -> i -> c -> ; -> c -> = -> a -> Shiftx21 -> % -> b -> ; -> Enter -> a -> = -> b -> ; -> Enter -> b -> = -> c -> ; -> Enter -> p -> r -> i -> n -> t -> f -> Shift -> ( -> "" -> % -> d -> , -> a -> ; -> Enter -> r -> e -> y -> t -> u -> r -> n ->   -> 0 -> ; -> e -> w -> f","#include<stdio.h>
int main(void {
    int a,b;
    while(""%d%d ,&a,&b ;     !=EOF){
    int c;0 {
    while
        c=a%b;
        a=b;
        b=c;

    printf(""%d\na ;
    }eturn 0;",0,0,0,0,低活动,0,0.0,0.0,0,0,0,0,0,1,1,0,0,低活动,0,0.0,0.0,0,1,0,0,0,1,1,0,0,低活动,0,0.0,0.0,0,1,0,0,0,65,5,60,0,修饰键占多数,2,46.206,0.183,0,2,0,3,4,110,18,92,0,修饰键占多数,4,58.074,0.546,0,2,0,4,17,9.388,
1070364-w005,1070364,290,2025-12-17T09:23:06.821500,1581,WA,626.8,318,"Enter -> i -> t ->   -> a -> n -> , -> b -> ; -> Enter -> s -> c -> a -> n -> g -> f -> Shift -> ( -> "" -> % -> d -> Shift -> % -> d -> , -> Shiftx6 -> & -> a -> , -> Shiftx10 -> & -> b -> ; -> Enter -> f -> o -> r -> Shift -> ( -> b -> Shift -> > -> 0 -> Shift -> { -> Enterx2 -> n -> t ->   -> i -> c -> ; -> c -> = -> a -> Shiftx21 -> % -> b -> ; -> Enter -> a -> = -> b -> ; -> Enter -> b -> = -> c -> ; -> Enter -> p -> r -> i -> n -> t -> f -> Shift -> ( -> "" -> % -> d -> , -> a -> ; -> Enter -> r -> e -> y -> t -> u -> r -> n ->   -> 0 -> ; -> e -> w -> f -> h -> i","cinclude<stdio.h>
int main(void {
    int a,b;
    while(""%d%d ,&a,&b ;     !=EOF){
    int c;0 {
    while
        c=a%b;
        a=b;
        b=c;

    printf(""%d\na ;
    }eturn 0;",0,0,0,0,低活动,0,0.0,0.0,0,0,0,0,0,0,0,0,0,低活动,0,0.0,0.0,0,0,0,0,0,0,0,0,0,低活动,0,0.0,0.0,0,0,0,0,0,0,0,0,0,低活动,0,0.0,0.0,0,0,0,0,0,3,2,1,1,剪贴板操作,1,44.118,44.118,0,1,1,1,1,74.963,
1271224-w001,1271224,143,2026-01-05T16:10:35.908200,1657,AC,1183.8,545,"ArrowDownx8 -> ArrowUpx2 -> ArrowDownx3 -> ArrowUpx8 -> ArrowDown -> ArrowUpx2 -> Shift -> # -> i -> n -> l -> c -> u -> d -> e -> Shift -> < -> s -> t -> d -> i -> o -> . -> h -> Shift -> > -> Enter -> i -> n -> t ->   -> m -> a -> n -> i -> ( -> Shiftx2 -> { -> Enter -> w -> h -> i -> l -> e -> ( -> Shift -> c -> s -> a -> f -> n -> s -> c -> a -> n -> f -> Shift -> ( -> Shift -> "" -> Shift -> % -> d -> , -> n -> Shift -> & -> = -> Shiftx25 -> ! -> Shiftx2 -> E -> O -> F -> Shift -> { -> Enter -> i -> n -> t ->   -> n -> ; -> Enter -> i -> n -> t ->   -> z -> h -> a -> n -> g -> [ -> a -> i -> c -> Control -> ArrowRightx2","#include<stdio.h>
int main( {
    while(scanf(""%d ,&  ! EOF {
        int n;
        int zhang[aic",0,0,0,0,低活动,0,0.0,0.0,0,0,0,0,0,0,0,0,0,低活动,0,0.0,0.0,0,0,0,0,0,0,0,0,0,低活动,0,0.0,0.0,0,0,0,0,0,4,1,1,0,持续输入,1,6.179,5.253,0,0,1,0,0,23,20,1,0,持续输入,5,63.86,8.486,0,1,1,1,19,42.727,
1271224-w002,1271224,261,2026-01-05T16:14:03.069000,1657,AC,1183.8,545,"ArrowDown -> ArrowUpx8 -> ArrowDown -> ArrowUpx2 -> Shift -> # -> i -> n -> l -> c -> u -> d -> e -> Shift -> < -> s -> t -> d -> i -> o -> . -> h -> Shift -> > -> Enter -> i -> n -> t ->   -> m -> a -> n -> i -> ( -> Shiftx2 -> { -> Enter -> w -> h -> i -> l -> e -> ( -> Shift -> c -> s -> a -> f -> n -> s -> c -> a -> n -> f -> Shift -> ( -> Shift -> "" -> Shift -> % -> d -> , -> n -> Shift -> & -> = -> Shiftx25 -> ! -> Shiftx2 -> E -> O -> F -> Shift -> { -> Enter -> i -> n -> t ->   -> n -> ; -> Enter -> i -> n -> t ->   -> z -> h -> a -> n -> g -> [ -> a -> i -> c -> Control -> ArrowRightx2 -> Control -> v -> Enter","#include<stdio.h>
vnt main( {
    whi n;scanf(""%d ,&  ! EOF {
        int n;
        int zhang[aicv



        int odd_count=0,event_count=0;
        for(int i=0;i<n;i++ {
            int num;
            scanf (""%d ,&num ;
            if (nu",7,6,1,0,持续输入,0,0.0,1.284,0,0,0,0,5,12,11,1,0,持续输入,1,2.9,1.365,0,1,0,1,10,49,35,14,0,持续输入,2,6.411,1.458,0,3,0,3,34,84,65,19,0,持续输入,5,14.379,1.662,0,4,0,4,64,111,90,21,1,持续输入,6,43.145,1.618,0,6,1,7,88,0.25,
1271224-w003,1271224,430,2026-01-05T16:17:30.229800,1657,AC,1183.8,545,"o -> u -> n -> t -> = -> 0 -> ; -> Enter -> f -> o -> r -> Shift -> ( -> i -> n -> t ->   -> i -> = -> 0 -> ; -> i -> Shift -> < -> n -> ; -> i -> + -> Shift -> + -> Shift -> { -> Enter -> i -> n -> t ->   -> n -> u -> m -> ; -> Enter -> s -> a -> c -> n -> f ->   -> Shift -> ( -> Shift -> "" -> Shiftx7 -> % -> Shift -> d -> Shiftx2 -> , -> n -> / -> Shift -> & -> u -> m -> n -> ; -> Enter -> i -> f ->   -> Shift -> ( -> n -> u -> m -> Shift -> % -> 2 -> =x2 -> 0 -> { -> Shift -> Enter -> e -> v -> e -> n -> [ -> e -> v -> e -> n -> Shift -> _ -> o -> c -> u -> n -> t -> Shift","#include<stdio.h>
vnt main( {
    whi n;scanf(""%d ,&  ! EOF {
        int n;
        int zhang[aicv



        int odd_count=0,event_count=0;
        for(int i=0;i<n;i++ {
            int num;
            scanf (""%d ,&num ;
            if (num%2==0 {
                even[even_count++ =num;
             else{
                odd[odd_count++ =num;


        v

        for(inti=0;i<odd_count;i++ {
            printf(""%d ,odd[i  ;
            if(i<odd_count-1 printf(""   ;

        printf(""\n",5,4,1,0,持续输入,1,2.017,1.619,0,0,0,0,2,14,12,2,0,持续输入,1,2.017,0.942,0,1,0,1,10,28,24,4,0,持续输入,4,18.114,2.247,0,1,0,2,22,48,41,7,0,持续输入,7,38.445,2.746,0,2,0,3,39,103,87,16,0,持续输入,15,64.701,2.591,0,4,0,5,85,0.984,
1271224-w004,1271224,504,2026-01-05T16:20:57.390600,1657,AC,1183.8,545,i -> f ->   -> Shift -> ( -> n -> u -> m -> Shift -> % -> 2 -> =x2 -> 0 -> { -> Shift -> Enter -> e -> v -> e -> n -> [ -> e -> v -> e -> n -> Shift -> _ -> o -> c -> u -> n -> t -> Shift -> +x2 -> = -> n -> u -> m -> ; -> e -> l -> s -> e -> Shift -> { -> Enter -> o -> dx2 -> [ -> o -> dx2 -> Shift -> _ -> c -> u -> o -> n -> t -> Shift -> +x2 -> = -> n -> u -> m -> ; -> Enter -> Control -> v -> Enter -> f -> o -> r -> Shift -> ( -> i -> n -> t -> i -> = -> 0 -> ; -> i -> Shift -> < -> o -> dx2 -> _ -> c -> o -> Shift -> u -> n -> t -> ; -> i -> Shift -> +x2 -> Shift -> { -> Enter,"#include<stdio.h>
vnt main( {
    whi n;scanf(""%d ,&  ! EOF {
        int n;
        int zhang[aicv



        int odd_count=0,event_count=0;
        for(int i=0;i<n;i++ {
            int num;
            scanf (""%d ,&num ;
            if (num%2==0 {
                even[even_count++ =num;
             else{
                odd[odd_count++ =num;


        v

        for(int =0;i<odd_count;i++ {
            printf(""%d ,odd[i  ;
            if(i<odd_count-1 printf(""   ;

        printf(""\n  ;
        v



c

    v",1,0,0,0,低活动,0,0.0,0.0,0,0,0,0,0,1,0,0,0,低活动,0,0.0,0.0,0,0,0,0,0,5,2,2,2,剪贴板操作,1,12.108,8.892,0,0,2,1,1,8,2,2,2,剪贴板操作,2,56.442,24.998,0,0,2,1,2,41,2,2,2,剪贴板操作,3,83.16,1.586,0,0,2,1,2,0.432,
1271224-w005,1271224,530,2026-01-05T16:24:24.551400,1657,AC,1183.8,545,"Shift -> _ -> o -> c -> u -> n -> t -> Shift -> +x2 -> = -> n -> u -> m -> ; -> e -> l -> s -> e -> Shift -> { -> Enter -> o -> dx2 -> [ -> o -> dx2 -> Shift -> _ -> c -> u -> o -> n -> t -> Shift -> +x2 -> = -> n -> u -> m -> ; -> Enter -> Control -> v -> Enter -> f -> o -> r -> Shift -> ( -> i -> n -> t -> i -> = -> 0 -> ; -> i -> Shift -> < -> o -> dx2 -> _ -> c -> o -> Shift -> u -> n -> t -> ; -> i -> Shift -> +x2 -> Shift -> { -> Enter -> p -> i -> r -> n -> t -> f -> Shift -> % -> Shift -> ( -> Shift -> "" -> Shift -> % -> d -> , -> o -> dx2 -> [ -> i -> ; -> Enter -> i -> f -> Shift","#include<stdio.h>
vnt main( {
    whi n;scanf(""%d ,&  ! EOF {
        int n;
        int zhang[aicv

    v
    v
        int odd_count=0,event_count=0;
        for(int i=0;i<n;i++ {
            int num;
            scanf (""%d ,&num ;
            if (num%2==0 {
                even[even_count++ =num;
             else{
                odd[odd_count++ =num;


        v

        for(int =0;i<odd_count;i++ {
            printf(""%d ,odd[i  ;
            if(i<odd_count-1 printf(""   ;

        printf(""\n  ;
        v



c
        c
c   v           ;",0,0,0,0,低活动,0,0.0,0.0,0,0,0,0,0,3,2,1,1,剪贴板操作,0,0.0,0.182,0,1,1,1,1,10,3,2,1,持续输入,2,20.032,6.411,0,1,2,3,3,10,3,2,1,持续输入,2,20.032,6.411,0,1,2,3,3,13,5,3,2,持续输入,3,69.115,14.822,0,2,3,4,5,7.683,
1040795-w001,1040795,104,2025-12-13T18:50:47.103600,1098,WA,543.8,290,"Shift -> # -> I -> N -> C -> L -> D -> E -> U -> CapsLock -> Shiftx2 -> # -> i -> n -> c -> l -> u -> d -> e -> Shift -> < -> s -> d -> t -> i -> o -> . -> h -> Shift -> > -> Enter -> i -> n -> t ->   -> m -> a -> i -> n -> Shift -> ( -> Shift -> { -> Enter -> i -> n -> t ->   -> n -> ; -> Enter -> h -> w -> i -> l -> e -> Shift -> ( -> c -> s -> a -> n -> f -> Shift -> ( -> Shift -> "" -> Shiftx16 -> % -> Shiftx2 -> d -> , -> n -> Shift -> ! -> = -> CapsLock -> E -> O -> F -> CapsLock -> Shift -> { -> Enterx2 -> c -> h -> a","#include<stdio.h>
int main( {
    int n;
    chale(scanf(""%d ,n !=EOF {
",4,4,0,0,持续输入,0,0.0,1.394,0,1,0,1,3,4,4,0,0,持续输入,0,0.0,1.394,0,1,0,1,3,7,6,1,0,持续输入,1,14.764,8.194,0,2,0,2,5,46,22,24,0,修饰键占多数,5,38.559,2.412,0,2,0,2,22,105,72,33,0,持续输入,8,52.429,1.794,0,5,0,5,72,2.434,
1040795-w002,1040795,128,2025-12-13T18:52:22.265625,1098,WA,543.8,290,"Shift -> # -> I -> N -> C -> L -> D -> E -> U -> CapsLock -> Shiftx2 -> # -> i -> n -> c -> l -> u -> d -> e -> Shift -> < -> s -> d -> t -> i -> o -> . -> h -> Shift -> > -> Enter -> i -> n -> t ->   -> m -> a -> i -> n -> Shift -> ( -> Shift -> { -> Enter -> i -> n -> t ->   -> n -> ; -> Enter -> h -> w -> i -> l -> e -> Shift -> ( -> c -> s -> a -> n -> f -> Shift -> ( -> Shift -> "" -> Shiftx16 -> % -> Shiftx2 -> d -> , -> n -> Shift -> ! -> = -> CapsLock -> E -> O -> F -> CapsLock -> Shift -> { -> Enterx2 -> c -> h -> a -> r ->   -> n -> [ -> 1 -> 0x2 -> ; -> i -> f -> s -> c -> a -> f","#include<stdio.h>
int main( {
    int n;
    char n[100f;""%d ,n !=EOF {

        scanf(""%s ,n",2,2,0,0,持续输入,1,2.634,2.634,0,0,0,0,1,7,5,2,0,持续输入,2,5.35,2.675,0,0,0,0,4,9,6,3,0,持续输入,2,5.35,2.659,0,0,0,0,5,14,11,3,0,持续输入,3,50.755,2.7,0,0,0,0,10,31,27,4,0,持续输入,7,98.111,11.848,0,2,0,3,26,1.766,
1040795-w003,1040795,168,2025-12-13T18:53:57.427650,1098,WA,543.8,290,"Shift -> # -> I -> N -> C -> L -> D -> E -> U -> CapsLock -> Shiftx2 -> # -> i -> n -> c -> l -> u -> d -> e -> Shift -> < -> s -> d -> t -> i -> o -> . -> h -> Shift -> > -> Enter -> i -> n -> t ->   -> m -> a -> i -> n -> Shift -> ( -> Shift -> { -> Enter -> i -> n -> t ->   -> n -> ; -> Enter -> h -> w -> i -> l -> e -> Shift -> ( -> c -> s -> a -> n -> f -> Shift -> ( -> Shift -> "" -> Shiftx16 -> % -> Shiftx2 -> d -> , -> n -> Shift -> ! -> = -> CapsLock -> E -> O -> F -> CapsLock -> Shift -> { -> Enterx2 -> c -> h -> a -> r ->   -> n -> [ -> 1 -> 0x2 -> ; -> i -> f -> s -> c -> a -> f","#include<stdio.h>
#include<string.h>
    int n;
    char n[100f;""%d ,n !=EOF {
         a
        scanf(""%s ,n ;
                   a
        int len=strlen",6,6,0,0,持续输入,0,0.0,0.789,0,0,0,0,5,6,6,0,0,持续输入,0,0.0,0.789,0,0,0,0,5,11,11,0,0,持续输入,2,15.9,3.863,0,0,0,1,10,26,25,1,0,持续输入,5,44.113,8.987,0,0,0,4,24,49,43,6,0,持续输入,12,82.788,8.845,0,2,0,6,42,1.713,
1040795-w004,1040795,226,2025-12-13T18:55:32.589675,1098,WA,543.8,290,"Shift -> # -> I -> N -> C -> L -> D -> E -> U -> CapsLock -> Shiftx2 -> # -> i -> n -> c -> l -> u -> d -> e -> Shift -> < -> s -> d -> t -> i -> o -> . -> h -> Shift -> > -> Enter -> i -> n -> t ->   -> m -> a -> i -> n -> Shift -> ( -> Shift -> { -> Enter -> i -> n -> t ->   -> n -> ; -> Enter -> h -> w -> i -> l -> e -> Shift -> ( -> c -> s -> a -> n -> f -> Shift -> ( -> Shift -> "" -> Shiftx16 -> % -> Shiftx2 -> d -> , -> n -> Shift -> ! -> = -> CapsLock -> E -> O -> F -> CapsLock -> Shift -> { -> Enterx2 -> c -> h -> a -> r ->   -> n -> [ -> 1 -> 0x2 -> ; -> i -> f -> s -> c -> a -> f","#include<stdio.h>
#include<string.h>
    int n;
    char n[100f;""%d ,n !=EOF {
         a
        scanf(""%s ,n ;
                   a
        int len=strlen(a ;
        int count=0;
        for(int i=0;i<len;i++ {
            if(a[i <'9",2,1,1,0,修饰键占多数,1,2.763,2.763,0,0,0,0,1,5,3,2,0,持续输入,3,8.892,3.44,0,0,0,0,3,12,9,3,0,持续输入,7,19.902,3.585,0,0,0,0,9,30,24,6,0,持续输入,12,46.764,3.614,0,1,0,1,24,69,61,8,0,持续输入,19,80.878,3.16,0,3,0,4,60,0.078,
1040795-w005,1040795,270,2025-12-13T18:57:07.751700,1098,WA,543.8,290,"< -> s -> d -> t -> i -> o -> . -> h -> Shift -> > -> Enter -> i -> n -> t ->   -> m -> a -> i -> n -> Shift -> ( -> Shift -> { -> Enter -> i -> n -> t ->   -> n -> ; -> Enter -> h -> w -> i -> l -> e -> Shift -> ( -> c -> s -> a -> n -> f -> Shift -> ( -> Shift -> "" -> Shiftx16 -> % -> Shiftx2 -> d -> , -> n -> Shift -> ! -> = -> CapsLock -> E -> O -> F -> CapsLock -> Shift -> { -> Enterx2 -> c -> h -> a -> r ->   -> n -> [ -> 1 -> 0x2 -> ; -> i -> f -> s -> c -> a -> f -> n -> Shift -> ( -> Shift -> "" -> Shift -> % -> s -> , -> n -> ; -> Enterx2 -> # -> Shift -> i -> n -> c -> l -> u -> d","#include<stdio.h>
#include<string.h>
    int n;
    char n[100f;""%d ,n !=EOF {
         a
        scanf(""%s ,n ;
                   a
        int len=strlen(a ;
        int count=0;
        for(int i=0;i<len;i++ {
            if(a[i <'9 &&a[i >'0  {
                count=count+1;


        printf(""%d\n ,",0,0,0,0,低活动,0,0.0,0.0,0,0,0,0,0,3,3,0,0,持续输入,0,0.0,1.507,0,0,0,0,2,17,14,3,0,持续输入,2,9.277,2.698,0,1,0,1,13,26,22,4,0,持续输入,3,36.531,2.856,0,1,0,2,21,56,47,9,0,持续输入,16,83.326,3.379,0,2,0,3,46,5.297,
1391662-w001,1391662,42,2026-01-10T10:29:13.079800,1514,WA,1046.6,749,Shift -> # -> i -> n -> c -> l -> u -> e -> Shift -> < -> > -> d -> sx2 -> t -> i -> o -> dx2 -> i -> o -> . -> h -> Enterx2 -> i -> n -> t ->   -> m -> a -> i -> Shift -> ( -> n -> v -> o -> i -> d -> Enter -> { -> Shift -> Enter,"#include<stdio.h

int main(void
{
",0,0,0,0,低活动,0,0.0,0.0,0,0,0,0,0,0,0,0,0,低活动,0,0.0,0.0,0,0,0,0,0,0,0,0,0,低活动,0,0.0,0.0,0,0,0,0,0,0,0,0,0,低活动,0,0.0,0.0,0,0,0,0,0,0,0,0,0,低活动,0,0.0,0.0,0,0,0,0,0,193.599,
1391662-w002,1391662,155,2026-01-10T10:32:16.227625,1514,WA,1046.6,749,"Shift -> # -> i -> n -> c -> l -> u -> e -> Shift -> < -> > -> d -> sx2 -> t -> i -> o -> dx2 -> i -> o -> . -> h -> Enterx2 -> i -> n -> t ->   -> m -> a -> i -> Shift -> ( -> n -> v -> o -> i -> d -> Enter -> { -> Shift -> Enter -> c -> h -> a -> i -> n -> t -> a ->   -> s -> Enter -> i -> n -> t ->   -> c -> a -> rx3 -> [ -> 1 -> 0x3 -> 1 -> ; -> 2 -> Enter -> s -> w -> h -> i -> e -> l -> Shiftx2 -> ( -> s -> c -> Shift -> n -> f -> Shift -> a -> Shiftx41 -> ( -> Shiftx2 -> : -> Shift -> "" -> Shift -> % -> c -> a -> r -> h -> s -> , -> a -> rx2 -> Shift -> ! -> Shift -> E -> O","#include<stdio.h

int main(void
{
    int s
   char arr[1002 ;
    while(scanf(""%s ,arr !=EOF  {
",0,0,0,0,低活动,0,0.0,0.0,0,0,0,0,0,0,0,0,0,低活动,0,0.0,0.0,0,0,0,0,0,20,17,3,0,持续输入,4,10.233,2.179,0,1,0,1,16,97,45,52,0,修饰键占多数,7,24.38,1.368,0,2,0,3,42,104,52,52,0,修饰键占多数,8,40.683,1.496,0,3,0,4,48,10.853,
1391662-w003,1391662,326,2026-01-10T10:35:19.375450,1514,WA,1046.6,749,"Shiftx2 -> ( -> s -> c -> Shift -> n -> f -> Shift -> a -> Shiftx41 -> ( -> Shiftx2 -> : -> Shift -> "" -> Shift -> % -> c -> a -> r -> h -> s -> , -> a -> rx2 -> Shift -> ! -> Shift -> E -> O -> = -> F ->   -> Shift -> { -> Enter -> i -> n -> t ->   -> Shift -> # -> i -> n -> c -> l -> u -> d -> e -> < -> Shift -> > -> s -> t -> r -> i -> n -> . -> g -> h -> s -> t -> r -> l -> e -> l -> e -> n ->   -> = ->   -> s -> rx2 -> t -> r -> l -> e -> Shiftx5 -> ( -> a -> rx2 -> ; -> Enter -> i -> f -> Shiftx2 -> ( -> Shiftx2 -> "" -> l -> e -> n -> Shiftx3 -> % -> 3 -> =x2 -> 0 ->   -> { -> Enter","#include<stdio.h
#include<string.h
int main(void
{
    int s
   char arr[1002 ;
    while(scanf(""%s ,arr+11EOF  {
        int len = strle (arr+1
        if(len%3==0  {
            for(int i=1;i<=len++  {
                int num=arr[i *100+arr[i+1 *10+arr[i+2 ;",3,3,0,0,持续输入,0,0.0,0.188,0,0,0,0,2,9,8,1,0,持续输入,1,6.16,2.762,0,0,0,1,8,50,34,16,0,持续输入,2,8.548,1.326,0,0,0,1,32,83,62,21,0,持续输入,4,17.772,1.568,0,1,0,4,60,167,129,38,0,持续输入,9,44.312,1.589,0,3,0,8,126,0.199,
1391662-w004,1391662,496,2026-01-10T10:38:22.523275,1514,WA,1046.6,749,Shift -> + -> 1 ->   -> o -> i -> = -> 1 -> ; -> i -> Shift -> < -> = -> ; -> i -> + -> Shift -> + ->   -> { -> Enter -> Shift -> i -> n -> t ->   -> u -> n -> m -> = -> a -> rx2 -> [ -> i -> Shift -> * -> 1 -> 0 -> 1 -> 0 -> Shift -> + -> a -> rx2 -> [ -> i -> Shift -> + -> 1 -> Shift -> * -> 1 -> 0 -> Shiftx9 -> + -> Shiftx2 -> a -> rx2 -> 1 -> [ -> Shift -> i -> + -> 2 -> ; -> l -> e -> n -> - -> 2 -> Enterx2 -> - -> ' -> 0 -> ' -> Shift -> ) -> Shift -> ( -> Shift -> ( -> Shift -> ) -> - -> ' -> 0 -> - -> ' -> 0 -> s -> i -> = -> i -> n -> t ->   -> i -> s -> Shift -> P,"#include<stdio.h
#include<string.h
int isPrime(int n  {
{   if(n<=1  return 0;
    for(int i=2;i<=n/i;i++  {
   char if(n%i==0; r      0;
    while(scanf(""%s ,arr+11EOF  {
    r   in 1;en = strle (arr+1
        if(len%3==0  {
            for(int i=1;i<=len-2  {
                int num=arr[i *100+arr[i+1 *10+arr[i+2 ;
                        (     -'0')      (        -'0              -'0


                               ,judge=1



                if(!   (   num   {
                    judeg=0;",3,3,0,0,持续输入,0,0.0,0.816,0,0,0,0,2,11,11,0,0,持续输入,1,2.358,1.48,0,0,0,0,10,32,28,4,0,持续输入,5,15.612,2.156,0,1,0,2,27,47,42,5,0,持续输入,8,31.743,2.803,0,2,0,5,41,133,108,25,0,持续输入,15,62.059,2.109,0,5,0,8,109,3.693,
1391662-w005,1391662,625,2026-01-10T10:41:25.671100,1514,WA,1046.6,749,"i -> f -> Shift -> ( -> n -> Shift -> < -> = -> 1 ->   -> Shift -> { -> e -> r -> t -> u -> r -> n ->   -> f -> 0 -> Enter -> ; -> f -> r -> Shift -> o -> Shiftx3 -> ( -> i -> Shift -> n -> t -> i ->   -> = -> 2 -> ; -> i -> Shift -> < -> = -> / -> n -> i -> ; -> i -> Shift -> +x2 ->   -> { -> Enter -> Shift -> i -> f -> Shift -> ( -> n -> Shift -> % -> i -> =x2 -> 0 ->   -> Shiftx5 -> { -> r ->   -> 0 -> ; -> Enter -> r ->   -> 1 -> ; -> i -> s -> Shift -> ( -> i -> f -> Shift -> ( -> ) -> Shift -> n -> m -> u ->   -> Shift -> { -> Enter -> Shift -> ! -> , -> j -> u -> g -> e -> d","#include<stdio.h
#include<string.h
int isPrime(int n  {
{   if(n<=1  return 0;
    for(int i=2;i<=n/i;i++  {
   char if(n%i==0; r      0;
    while(scanf(""%s ,arr+11EOF  {
    r   in 1;en = strle (arr+1
        if(len%3==0  {
            for(int i=1;i<=len-2  {
                int num=arr[i *100+arr[i+1 *10+arr[i+2 ;
                        (     -'0')      (        -'0              -'0


                               ,judge=1



                if(!   (   num   {
                    judeg=0;


          es   if (len%3==1  {
                                 3


                           c


            ifv         a  [len
                        c  ;
          else {
            v                  4





                               -1 *10+arr[len

            }",2,1,1,0,修饰键占多数,0,0.0,0.4,0,1,0,1,1,2,1,1,0,修饰键占多数,0,0.0,0.4,0,1,0,1,1,2,1,1,0,修饰键占多数,0,0.0,0.4,0,1,0,1,1,23,18,5,0,持续输入,3,48.151,4.07,0,3,0,4,17,78,42,36,3,持续输入,11,93.295,3.993,0,5,30,12,40,0.154,
1215320-w001,1215320,16,2025-12-30T17:23:50.992400,1662,WA,413.5,31,Controlx12 -> c -> Controlx4,"












































































































 c",0,0,0,0,低活动,0,0.0,0.0,0,0,0,0,0,0,0,0,0,低活动,0,0.0,0.0,0,0,0,0,0,0,0,0,0,低活动,0,0.0,0.0,0,0,0,0,0,0,0,0,0,低活动,0,0.0,0.0,0,0,0,0,0,17,1,16,1,剪贴板操作,0,0.0,0.3,0,0,16,0,0,81.102,
1215320-w002,1215320,20,2025-12-30T17:25:03.363125,1662,WA,413.5,31,Controlx12 -> c -> Controlx6 -> c -> Control,"












































































































 c",0,0,0,0,低活动,0,0.0,0.0,0,0,0,0,0,0,0,0,0,低活动,0,0.0,0.0,0,0,0,0,0,0,0,0,0,低活动,0,0.0,0.0,0,0,0,0,0,4,1,3,1,剪贴板操作,0,0.0,0.917,0,0,3,1,1,4,1,3,1,剪贴板操作,0,0.0,0.917,0,0,3,1,1,55.898,
1215320-w003,1215320,20,2025-12-30T17:26:15.733850,1662,WA,413.5,31,Controlx12 -> c -> Controlx6 -> c -> Control,"












































































































 c",0,0,0,0,低活动,0,0.0,0.0,0,0,0,0,0,0,0,0,0,低活动,0,0.0,0.0,0,0,0,0,0,0,0,0,0,低活动,0,0.0,0.0,0,0,0,0,0,0,0,0,0,低活动,0,0.0,0.0,0,0,0,0,0,0,0,0,0,低活动,0,0.0,0.0,0,0,0,0,0,128.269,
1215320-w004,1215320,20,2025-12-30T17:27:28.104575,1662,WA,413.5,31,Controlx12 -> c -> Controlx6 -> c -> Control,"












































































































 c",0,0,0,0,低活动,0,0.0,0.0,0,0,0,0,0,0,0,0,0,低活动,0,0.0,0.0,0,0,0,0,0,0,0,0,0,低活动,0,0.0,0.0,0,0,0,0,0,0,0,0,0,低活动,0,0.0,0.0,0,0,0,0,0,0,0,0,0,低活动,0,0.0,0.0,0,0,0,0,0,200.64,
1215320-w005,1215320,20,2025-12-30T17:28:40.475300,1662,WA,413.5,31,Controlx12 -> c -> Controlx6 -> c -> Control,"












































































































 c",0,0,0,0,低活动,0,0.0,0.0,0,0,0,0,0,0,0,0,0,低活动,0,0.0,0.0,0,0,0,0,0,0,0,0,0,低活动,0,0.0,0.0,0,0,0,0,0,0,0,0,0,低活动,0,0.0,0.0,0,0,0,0,0,0,0,0,0,低活动,0,0.0,0.0,0,0,0,0,0,273.01,
1440765-w001,1440765,22,2026-03-28T11:37:12.985600,1100,AC,874.2,276,Control -> v -> Shift -> s -> t -> i -> r -> n -> g ->   -> s -> Controlx2 -> t -> r -> i -> s -> n -> g -> s ->   -> ; -> Enter,"v




string s;
",0,0,0,0,低活动,0,0.0,0.0,0,0,0,0,0,0,0,0,0,低活动,0,0.0,0.0,0,0,0,0,0,0,0,0,0,低活动,0,0.0,0.0,0,0,0,0,0,0,0,0,0,低活动,0,0.0,0.0,0,0,0,0,0,21,18,3,0,持续输入,1,3.942,0.708,0,1,2,2,19,84.426,
1440765-w002,1440765,98,2026-03-28T11:39:45.967625,1100,AC,874.2,276,"Control -> v -> Shift -> s -> t -> i -> r -> n -> g ->   -> s -> Controlx2 -> t -> r -> i -> s -> n -> g -> s ->   -> ; -> Enter -> w -> h -> i -> l -> e -> Shift -> ( -> g -> e -> t -> l -> i -> n -> e -> Shift -> ( -> i -> n -> , -> c -> s -> Shift -> { -> Enter -> o -> r -> f -> Shift -> ( -> i -> n -> r -> Control -> n -> t ->   -> ix2 -> = -> 0 -> ; -> i -> Shift -> s -> < -> . -> s -> i -> z -> e -> Shift -> ( -> ; -> i -> Shift -> +x2 -> Shift -> { -> Enter -> i -> f -> Shift -> ( -> s -> i -> a -> l -> p -> h -> a -> Shift -> ( -> s -> [ -> i","v




string s;
while(getline(cin,s  {
    for(int i=0;i<s.size( ;i++ {
        if(isalpha(s[i",3,3,0,0,持续输入,0,0.0,0.275,0,0,0,0,2,3,3,0,0,持续输入,0,0.0,0.275,0,0,0,0,2,55,46,9,0,持续输入,2,12.225,0.812,0,2,1,2,47,76,65,11,0,持续输入,2,12.225,0.805,0,2,1,2,66,76,65,11,0,持续输入,2,12.225,0.805,0,2,1,2,66,0.767,
1440765-w003,1440765,236,2026-03-28T11:42:18.949650,1100,AC,874.2,276,"Control -> v -> Shift -> s -> t -> i -> r -> n -> g ->   -> s -> Controlx2 -> t -> r -> i -> s -> n -> g -> s ->   -> ; -> Enter -> w -> h -> i -> l -> e -> Shift -> ( -> g -> e -> t -> l -> i -> n -> e -> Shift -> ( -> i -> n -> , -> c -> s -> Shift -> { -> Enter -> o -> r -> f -> Shift -> ( -> i -> n -> r -> Control -> n -> t ->   -> ix2 -> = -> 0 -> ; -> i -> Shift -> s -> < -> . -> s -> i -> z -> e -> Shift -> ( -> ; -> i -> Shift -> +x2 -> Shift -> { -> Enter -> i -> f -> Shift -> ( -> s -> i -> a -> l -> p -> h -> a -> Shift -> ( -> s -> [ -> i -> Shift -> { -> Enter -> s","v




string s;int t;
cin>>t;in>>te(cin,s  {
while(t--n{ i=0;i<s.size( ;i++ {
        if(islopha(s[i   {
            s[i =tou    (s[i  ;
         else if(isu    (s[i   {
            s[i =tol    (s[i  ;
    cout<<s<<endl;






}",0,0,0,0,低活动,0,0.0,0.0,0,0,0,0,0,0,0,0,0,低活动,0,0.0,0.0,0,0,0,0,0,38,32,6,0,持续输入,1,4.149,0.875,0,3,1,5,32,70,61,9,0,持续输入,4,16.342,1.333,0,4,1,7,61,105,92,13,0,持续输入,10,65.573,1.831,0,5,1,10,92,11.425,
1440765-w004,1440765,258,2026-03-28T11:44:51.931675,1100,AC,874.2,276,"  -> s -> Controlx2 -> t -> r -> i -> s -> n -> g -> s ->   -> ; -> Enter -> w -> h -> i -> l -> e -> Shift -> ( -> g -> e -> t -> l -> i -> n -> e -> Shift -> ( -> i -> n -> , -> c -> s -> Shift -> { -> Enter -> o -> r -> f -> Shift -> ( -> i -> n -> r -> Control -> n -> t ->   -> ix2 -> = -> 0 -> ; -> i -> Shift -> s -> < -> . -> s -> i -> z -> e -> Shift -> ( -> ; -> i -> Shift -> +x2 -> Shift -> { -> Enter -> i -> f -> Shift -> ( -> s -> i -> a -> l -> p -> h -> a -> Shift -> ( -> s -> [ -> i -> Shift -> { -> Enter -> s -> [ -> i -> = -> t -> o -> u -> Shift -> ( -> s","v




string s;int t;
while(cin>>te{cin,s  {
while(t--n{ i=0;i<s.size( ;i++ {
        if(isl;pha(s[i   {
            s[i =tou    (s[i  ;
         else if(isu    (s[i   {
            s[i =tol    (s[i  ;
    cout<<s<<endl;






}
}",0,0,0,0,低活动,0,0.0,0.0,0,0,0,0,0,0,0,0,0,低活动,0,0.0,0.0,0,0,0,0,0,0,0,0,0,低活动,0,0.0,0.0,0,0,0,0,0,0,0,0,0,低活动,0,0.0,0.0,0,0,0,0,0,7,5,2,0,持续输入,1,54.032,27.751,0,1,0,3,4,62.445,
1440765-w005,1440765,264,2026-03-28T11:47:24.913700,1100,AC,874.2,276,"i -> s -> n -> g -> s ->   -> ; -> Enter -> w -> h -> i -> l -> e -> Shift -> ( -> g -> e -> t -> l -> i -> n -> e -> Shift -> ( -> i -> n -> , -> c -> s -> Shift -> { -> Enter -> o -> r -> f -> Shift -> ( -> i -> n -> r -> Control -> n -> t ->   -> ix2 -> = -> 0 -> ; -> i -> Shift -> s -> < -> . -> s -> i -> z -> e -> Shift -> ( -> ; -> i -> Shift -> +x2 -> Shift -> { -> Enter -> i -> f -> Shift -> ( -> s -> i -> a -> l -> p -> h -> a -> Shift -> ( -> s -> [ -> i -> Shift -> { -> Enter -> s -> [ -> i -> = -> t -> o -> u -> Shift -> ( -> s -> i -> [ -> ; -> Enter -> c","v




string s;int t;
while(cin>>te{cin,s  {
while(t--n{ i=0;i<s.size( ;i++ {
        if(isl;pha(s[i   {
            s[i =tou    (s[i  ;
         else if(isu    (s[i   {
            s[i =tol    (s[i  ;
    cout<<s<<endl;






}
}c",0,0,0,0,低活动,0,0.0,0.0,0,0,0,0,0,0,0,0,0,低活动,0,0.0,0.0,0,0,0,0,0,6,4,2,2,持续输入,1,5.225,3.33,0,0,2,2,2,6,4,2,2,持续输入,1,5.225,3.33,0,0,2,2,2,6,4,2,2,持续输入,1,5.225,3.33,0,0,2,2,2,12.534,
1436269-w001,1436269,163,2026-03-26T13:39:31.209200,1037,NoData,315.5,571,"CapsLock -> Shift -> CapsLock -> Shiftx8 -> # -> i -> n -> c -> l -> u -> d ->   -> Shift -> < -> e -> b -> i -> t -> s -> / -> s -> t -> d -> Shift -> +x2 -> c -> . -> h -> Shift -> > -> Enter -> u -> s -> i -> n -> g -> b ->   -> nx2 -> m -> a ->   -> a -> m -> e -> s -> p -> a -> c -> e ->   -> s -> t -> d -> ; -> Enterx2 -> i -> n ->   -> m -> a -> i -> n -> tx2 -> y -> p -> e -> d -> e -> r -> f ->   -> f -> ; -> lx2 -> o -> n -> g ->   -> l -> o -> n -> g ->   -> lx2 -> ; -> Enter -> Shift -> ( ->   -> { -> Enter -> Shift -> i -> n -> t ->   -> n -> , ->  ","    #include <bits/stdc++.h>
    using namespace std;
    typedef long long ll;
    int main
            (  {
        int n, m;
        while (cin >> n >> m  {
            vector<vector<int",14,11,3,0,持续输入,0,0.0,0.537,0,0,0,0,12,25,21,4,0,持续输入,0,0.0,1.034,0,1,0,1,22,90,81,9,0,持续输入,0,0.0,0.773,0,4,0,4,83,161,141,20,0,持续输入,1,12.902,0.768,0,7,0,8,142,164,141,23,0,持续输入,2,15.451,0.79,0,7,0,8,143,0.246,
1436269-w002,1436269,243,2026-03-26T13:40:26.417500,1037,NoData,315.5,571,"CapsLock -> Shift -> CapsLock -> Shiftx8 -> # -> i -> n -> c -> l -> u -> d ->   -> Shift -> < -> e -> b -> i -> t -> s -> / -> s -> t -> d -> Shift -> +x2 -> c -> . -> h -> Shift -> > -> Enter -> u -> s -> i -> n -> g -> b ->   -> nx2 -> m -> a ->   -> a -> m -> e -> s -> p -> a -> c -> e ->   -> s -> t -> d -> ; -> Enterx2 -> i -> n ->   -> m -> a -> i -> n -> tx2 -> y -> p -> e -> d -> e -> r -> f ->   -> f -> ; -> lx2 -> o -> n -> g ->   -> l -> o -> n -> g ->   -> lx2 -> ; -> Enter -> Shift -> ( ->   -> { -> Enter -> Shift -> i -> n -> t ->   -> n -> , ->  ","    #include <bits/stdc++.h>
    using namespace std;
    typedef long long ll;
    int main
            (  {
        int n, m;
        while (cin >> n >> m  {
            vector<vector<int>> a(n, vector<int>(m  ;c
            for (int i = 0; i < n; i++1     ll        + 1
",19,17,2,0,持续输入,0,0.0,0.541,0,0,0,0,15,28,25,3,0,持续输入,1,2.12,0.677,0,0,0,0,23,45,40,5,0,持续输入,5,17.084,2.016,0,2,0,2,38,94,79,15,1,持续输入,8,29.297,1.73,0,3,2,3,78,244,209,35,1,持续输入,10,44.748,0.905,0,10,2,11,209,0.311,
1436269-w003,1436269,337,2026-03-26T13:41:21.625800,1037,NoData,315.5,571,"n -> g ->   -> l -> o -> n -> g ->   -> lx2 -> ; -> Enter -> Shift -> ( ->   -> { -> Enter -> Shift -> i -> n -> t ->   -> n -> , ->   -> m -> ; -> Enter -> w -> l -> h -> e ->   -> Shift -> i -> ( -> c -> i -> n ->   -> Shift -> > ->   -> n -> > -> . ->   -> Shift -> >x2 ->   -> m ->   -> Shift -> { -> Enter -> v -> e -> t -> c -> o -> r -> Shift -> < -> v -> e -> c -> t -> o -> r -> Shift -> i -> n -> t -> < -> Shiftx2 -> >x2 ->   -> a -> Shift -> ( -> n ->   -> , -> e -> c -> v -> o -> r -> t -> Shift -> < -> i -> n -> Shift -> > -> t -> Shift -> ( -> m -> ; -> c","    #include <bits/stdc++.h>
    using namespace std;
    typedef long long ll;
    int main
            (  {
        int n, m;
        while (cin >> n >> m  {
            vector<vector<int>> a(n, vector<int>(m  ;c
            for (int i = 0; i < n; i++1     ll        + 1
                for (int j = 0; j < m; j++
                    cin >> a[i [j ;


            dp[0][0] = a[0][0];
            for (int i = 1; i <",12,11,1,0,持续输入,0,0.0,0.783,0,0,0,0,10,28,26,2,0,持续输入,0,0.0,0.748,0,1,0,1,25,47,44,3,0,持续输入,2,6.4,1.162,0,1,0,1,43,112,103,9,0,持续输入,4,23.538,0.897,0,4,0,4,103,198,175,23,1,持续输入,12,52.835,1.407,0,8,2,8,176,0.156,
1436269-w004,1436269,421,2026-03-26T13:42:16.834100,1037,NoData,315.5,571,"  -> , -> e -> c -> v -> o -> r -> t -> Shift -> < -> i -> n -> Shift -> > -> t -> Shift -> ( -> m -> ; -> c -> Control -> Enter -> Control -> v -> lx2 -> p -> d -> lx2 ->   -> Shift -> + -> 1 ->  x2 -> Shift -> + ->   -> 1 -> Enterx2 -> f -> o -> r ->   -> Shift -> ( -> i -> n -> t ->   -> i ->   -> = ->   -> 0 -> ; -> i ->   -> Shift -> < ->  x2 -> n -> l -> ; ->   -> i -> Shift -> +x2 -> Enter -> f -> o -> r ->   -> ( -> i -> n -> Shift -> t ->   -> j ->   -> = ->   -> 0 -> ; ->   -> j ->   -> Shift -> < ->   -> m -> ; ->   -> j -> Shift -> +x2 ->   -> Enter -> c -> i -> n","    #include <bits/stdc++.h>
    using namespace std;
    typedef long long ll;
    int main
            (  {
        int n, m;
        while (cin >> n >> m  {
            vector<vector<int>> a(n, vector<int>(m  ;c
            for (int i = 0; i < n; i++1     ll        + 1
                for (int j = 0; j < m; j++
                    cin >> a[i [j ;


            dp[0][0] = a[0][0];
            for (int i = 1; i < n; i++  {
                dp[0 [i  = dp[0 [i - 1  + a[0 [i ;
                dp[i][0] = dp[i - 1 [0] + a[i][0];


            cor (",14,13,1,0,持续输入,0,0.0,0.757,0,2,0,3,11,20,18,2,0,持续输入,0,0.0,0.81,0,2,0,3,17,49,47,2,0,持续输入,2,5.86,1.308,0,3,0,4,46,95,89,6,0,持续输入,5,13.274,1.548,0,4,0,5,88,202,188,14,0,持续输入,10,38.932,1.416,0,8,0,9,188,0.002,
1436269-w005,1436269,542,2026-03-26T13:43:12.042400,1037,NoData,315.5,571,r ->   -> Shift -> ( -> d -> p -> [ -> 0 -> ] -> [ -> 0 ->   -> ] -> = ->   -> a -> [ -> 0 -> [ -> ] -> 0 -> ] -> ; -> Enter -> f -> r ->   -> o -> Shift -> ( -> i -> n -> t ->   -> i ->   -> = ->   -> 1 -> ; ->   -> i ->   -> < -> Shift ->   -> n -> ; ->   -> i -> Shift -> +x2 ->   -> Shift -> { -> Enter -> d -> p -> [ -> 0 -> [ -> i ->   -> = ->   -> d -> p -> [ -> 0 -> [ -> i ->   -> - ->   -> 1 ->   -> Shift -> + ->   -> a -> [ -> 0 -> [ -> i -> ; -> Enter -> d -> p -> [ -> i -> ] -> [ -> 0 -> ] ->   -> = ->   -> d -> p -> [,"    #include <bits/stdc++.h>
    using namespace std;
    typedef long long ll;
    int main
            (  {
        int n, m;
        while (cin >> n >> m  {
            vector<vector<int>> a(n, vector<int>(m  ;c
            for (int i = 0; i < n; i++1     ll        + 1
                for (int j = 0; j < m; j++
                    cin >> a[i [j ;


            dp[0][0] = a[0][0];
            for (int i = 1; i < n; i++  {
                dp[0 [i  = dp[0 [i - 1  + a[0 [i ;
                dp[i][0] = dp[i - 1 [0] + a[i][0];


            for (int i = 1; i < n; i++
                for (int j = 1; j < m; j++
                    dp[i [j  = max(dp[i - 1 [j , dp[i [j - 1   + a[i [j ;

            cout << dp[n][m[]",9,9,0,0,持续输入,0,0.0,0.617,0,0,0,0,8,21,20,1,0,持续输入,0,0.0,1.174,0,2,0,2,19,62,59,3,0,持续输入,1,2.851,1.114,0,2,0,2,58,134,125,9,0,持续输入,3,8.967,1.099,0,6,0,8,124,232,217,15,0,持续输入,8,22.241,1.245,0,9,0,11,217,1.331,
1260897-w001,1260897,103,2026-01-04T19:43:14.404400,1357,WA,709.7,288,"i -> n -> t -> Controlx4 -> v -> Enter -> w -> h -> i -> l -> e ->   -> s -> c -> a -> n -> d -> f -> Shift -> ( -> ) -> i -> n -> t ->   -> m -> a -> i -> n -> Shift -> ( -> ) -> Shiftx2 -> { -> } -> Enter -> w -> h -> l -> e -> i -> Shift -> ( -> ) -> s -> a -> c -> a ->   -> d -> n -> d -> f -> Shift -> ( -> 0 -> Shift -> "" -> Shiftx9 -> % -> d -> , -> Enter -> i -> n -> t ->   -> m -> ; -> m -> Shift -> ! -> = -> Shift -> E -> f -> O -> Shiftx3 -> { -> } -> Enter -> c -> s -> a -> s -> e ->   -> 5 -> 0 -> ;","vnt
int main(){})
    int m;scanf(""%d ,
                     m !=EOf {}
        case 50;",3,3,0,0,持续输入,1,2.115,1.927,0,0,0,0,2,3,3,0,0,持续输入,1,2.115,1.927,0,0,0,0,2,3,3,0,0,持续输入,1,2.115,1.927,0,0,0,0,2,22,17,5,0,持续输入,5,49.786,4.723,0,1,0,1,14,90,69,21,0,持续输入,10,72.913,2.123,0,3,0,5,60,0.44,
1260897-w002,1260897,181,2026-01-04T19:45:18.601375,1357,WA,709.7,288,"i -> n -> t -> Controlx4 -> v -> Enter -> w -> h -> i -> l -> e ->   -> s -> c -> a -> n -> d -> f -> Shift -> ( -> ) -> i -> n -> t ->   -> m -> a -> i -> n -> Shift -> ( -> ) -> Shiftx2 -> { -> } -> Enter -> w -> h -> l -> e -> i -> Shift -> ( -> ) -> s -> a -> c -> a ->   -> d -> n -> d -> f -> Shift -> ( -> 0 -> Shift -> "" -> Shiftx9 -> % -> d -> , -> Enter -> i -> n -> t ->   -> m -> ; -> m -> Shift -> ! -> = -> Shift -> E -> f -> O -> Shiftx3 -> { -> } -> Enter -> c -> s -> a -> s -> e ->   -> 5 -> 0 -> ; -> , -> ; -> Shift -> : -> p -> i -> n -> t -> p -> r","vnt
int main(){})
    int m;scanf(""%d ,
                     m !=EOf {}
        switch(mp{intf(""106  ;
        case                  break;
             10;printf(""2  ;break;
        }",7,7,0,0,持续输入,0,0.0,0.847,0,0,0,0,6,8,8,0,0,持续输入,1,2.365,1.47,0,0,0,0,7,30,28,2,0,持续输入,5,14.81,2.309,0,0,0,1,25,47,42,5,0,持续输入,10,40.737,2.667,0,1,0,4,38,77,69,8,0,持续输入,17,84.055,3.139,0,3,0,8,63,1.067,
1260897-w003,1260897,204,2026-01-04T19:47:22.798350,1357,WA,709.7,288,"i -> n -> t -> Controlx4 -> v -> Enter -> w -> h -> i -> l -> e ->   -> s -> c -> a -> n -> d -> f -> Shift -> ( -> ) -> i -> n -> t ->   -> m -> a -> i -> n -> Shift -> ( -> ) -> Shiftx2 -> { -> } -> Enter -> w -> h -> l -> e -> i -> Shift -> ( -> ) -> s -> a -> c -> a ->   -> d -> n -> d -> f -> Shift -> ( -> 0 -> Shift -> "" -> Shiftx9 -> % -> d -> , -> Enter -> i -> n -> t ->   -> m -> ; -> m -> Shift -> ! -> = -> Shift -> E -> f -> O -> Shiftx3 -> { -> } -> Enter -> c -> s -> a -> s -> e ->   -> 5 -> 0 -> ; -> , -> ; -> Shift -> : -> p -> i -> n -> t -> p -> r","vnt
int main(){})
    int m;scanf(""%d ,
                     m !=EOf {}
        switch(mp{intf(""106  ;
        case                  break;
        c    10;printf(""2  ;break;
        v      0         828
        v    2          27

            0;",0,0,0,0,低活动,0,0.0,0.0,0,0,0,0,0,2,2,0,0,持续输入,0,0.0,0.61,0,0,0,0,1,5,5,0,0,持续输入,1,16.54,11.761,0,0,0,1,4,8,8,0,0,持续输入,2,33.177,16.579,0,0,0,2,7,20,14,6,2,持续输入,7,105.616,17.431,0,2,3,7,14,9.349,
1260897-w004,1260897,230,2026-01-04T19:49:26.995325,1357,WA,709.7,288,"i -> n -> t -> Controlx4 -> v -> Enter -> w -> h -> i -> l -> e ->   -> s -> c -> a -> n -> d -> f -> Shift -> ( -> ) -> i -> n -> t ->   -> m -> a -> i -> n -> Shift -> ( -> ) -> Shiftx2 -> { -> } -> Enter -> w -> h -> l -> e -> i -> Shift -> ( -> ) -> s -> a -> c -> a ->   -> d -> n -> d -> f -> Shift -> ( -> 0 -> Shift -> "" -> Shiftx9 -> % -> d -> , -> Enter -> i -> n -> t ->   -> m -> ; -> m -> Shift -> ! -> = -> Shift -> E -> f -> O -> Shiftx3 -> { -> } -> Enter -> c -> s -> a -> s -> e ->   -> 5 -> 0 -> ; -> , -> ; -> Shift -> : -> p -> i -> n -> t -> p -> r","vnt
int main(){})
    int m,ncanf(""%d ,
                     m !=EOf {}
        switch(mp{intf(""106  ;
        case                  break;
        n=10610;printf(""2  ;break;
        v      :         828
        n=2  2  :       27
               :  =828        n
            0;",3,3,0,0,持续输入,1,2.278,2.082,0,1,0,0,2,4,4,0,0,持续输入,1,2.278,1.9,0,1,0,0,3,4,4,0,0,持续输入,1,2.278,1.9,0,1,0,0,3,11,10,1,0,持续输入,5,52.037,10.296,0,2,0,2,9,26,21,5,0,持续输入,10,97.166,7.261,0,3,0,8,20,2.072,
1260897-w005,1260897,281,2026-01-04T19:51:31.192300,1357,WA,709.7,288,"Shift -> ( -> ) -> Shiftx2 -> { -> } -> Enter -> w -> h -> l -> e -> i -> Shift -> ( -> ) -> s -> a -> c -> a ->   -> d -> n -> d -> f -> Shift -> ( -> 0 -> Shift -> "" -> Shiftx9 -> % -> d -> , -> Enter -> i -> n -> t ->   -> m -> ; -> m -> Shift -> ! -> = -> Shift -> E -> f -> O -> Shiftx3 -> { -> } -> Enter -> c -> s -> a -> s -> e ->   -> 5 -> 0 -> ; -> , -> ; -> Shift -> : -> p -> i -> n -> t -> p -> r -> i -> n -> t -> f -> Shift -> ( -> 0 -> "" -> Shift -> 1 -> 0 -> 6 -> Enter -> c -> s -> e -> a -> s -> e -> ; -> Enter -> s -> i -> w -> t -> c -> h -> 9 -> 0","cnt
int main(){})
    int m,ncanf(""%d ,
                     & !=EOf {}
        nwitch(mp{intf(""106  ;
        case                  break;
        n=10610;printf(""2  ;break;
        v      :         828
        n=2  2  :       27
               :  =828        n
            0;
                 =13


        printf(""n\n ,n



                %d",2,2,0,0,持续输入,0,0.0,0.437,0,1,0,1,1,2,2,0,0,持续输入,0,0.0,0.437,0,1,0,1,1,17,3,14,0,修饰键占多数,1,22.007,0.473,0,1,0,1,2,22,7,15,0,修饰键占多数,3,56.017,15.943,0,3,0,4,5,51,29,22,1,持续输入,10,102.426,5.931,0,7,5,10,27,0.088,
1415836-w001,1415836,58,2026-02-20T11:48:20.540000,1006,AC,79.6,126,Control -> Insert -> Control -> Insert -> Shiftx8 -> # -> i -> c -> l -> n -> u -> d -> Shift -> < -> e -> S -> t -> d -> i -> o -> s -> . -> h -> Shift -> > -> Enter -> i -> n -> t ->   -> m -> a -> n -> i -> Shift -> ( -> Shift -> O -> V -> I -> v -> o -> i -> d -> Shift -> { -> Enter -> r -> e -> u -> t -> r,"#include<stdio.h>
int main(void {
    retur",9,8,1,0,持续输入,0,0.0,1.144,0,1,0,1,7,16,14,2,0,持续输入,0,0.0,1.59,0,1,0,1,13,59,42,17,0,持续输入,4,10.048,1.826,0,2,2,2,41,59,42,17,0,持续输入,4,10.048,1.826,0,2,2,2,41,59,42,17,0,持续输入,4,10.048,1.826,0,2,2,2,41,0.107,
1415836-w002,1415836,69,2026-02-20T11:48:30.947750,1006,AC,79.6,126,Control -> Insert -> Control -> Insert -> Shiftx8 -> # -> i -> c -> l -> n -> u -> d -> Shift -> < -> e -> S -> t -> d -> i -> o -> s -> . -> h -> Shift -> > -> Enter -> i -> n -> t ->   -> m -> a -> n -> i -> Shift -> ( -> Shift -> O -> V -> I -> v -> o -> i -> d -> Shift -> { -> Enter -> r -> e -> u -> t -> r -> n ->   -> 0 -> ; -> Enter -> n -> t ->   -> i -> n -> ;,"#include<stdio.h>
int main(void {
    int n; 0;",6,6,0,0,持续输入,0,0.0,1.279,0,0,0,0,5,9,9,0,0,持续输入,1,4.698,2.671,0,1,0,2,8,43,39,4,0,持续输入,3,9.451,1.831,0,3,0,4,38,70,53,17,0,持续输入,5,14.746,1.824,0,3,2,4,52,70,53,17,0,持续输入,5,14.746,1.824,0,3,2,4,52,0.113,
1415836-w003,1415836,93,2026-02-20T11:48:41.355500,1006,AC,79.6,126,"Control -> Insert -> Control -> Insert -> Shiftx8 -> # -> i -> c -> l -> n -> u -> d -> Shift -> < -> e -> S -> t -> d -> i -> o -> s -> . -> h -> Shift -> > -> Enter -> i -> n -> t ->   -> m -> a -> n -> i -> Shift -> ( -> Shift -> O -> V -> I -> v -> o -> i -> d -> Shift -> { -> Enter -> r -> e -> u -> t -> r -> n ->   -> 0 -> ; -> Enter -> n -> t ->   -> i -> n -> ; -> Enter -> h -> i -> w -> l -> e -> Shift -> ( -> s -> c -> a -> n -> f -> Shift -> ( -> Shift -> "" -> Shift -> % -> d -> , -> Shift -> ^ -> &","#include<stdio.h>
int main(void {
    int n; 0;
    while(scanf(""%d ,&",8,6,2,0,持续输入,0,0.0,1.404,0,0,0,0,4,23,18,5,0,持续输入,0,0.0,0.908,0,0,0,0,16,51,44,7,0,持续输入,1,4.698,1.564,0,3,0,4,42,94,72,22,0,持续输入,5,14.746,1.577,0,4,2,5,70,94,72,22,0,持续输入,5,14.746,1.577,0,4,2,5,70,0.62,
1415836-w004,1415836,105,2026-02-20T11:48:51.763250,1006,AC,79.6,126,"Control -> Insert -> Control -> Insert -> Shiftx8 -> # -> i -> c -> l -> n -> u -> d -> Shift -> < -> e -> S -> t -> d -> i -> o -> s -> . -> h -> Shift -> > -> Enter -> i -> n -> t ->   -> m -> a -> n -> i -> Shift -> ( -> Shift -> O -> V -> I -> v -> o -> i -> d -> Shift -> { -> Enter -> r -> e -> u -> t -> r -> n ->   -> 0 -> ; -> Enter -> n -> t ->   -> i -> n -> ; -> Enter -> h -> i -> w -> l -> e -> Shift -> ( -> s -> c -> a -> n -> f -> Shift -> ( -> Shift -> "" -> Shift -> % -> d -> , -> Shift -> ^ -> & -> n ->   -> Shift -> ! -> = -> Shift -> E -> O -> F -> Shift -> { -> Enter","#include<stdio.h>
int main(void {
    int n; 0;
    while(scanf(""%d ,&n  !=EOF {
",3,2,1,0,持续输入,0,0.0,0.465,0,1,0,0,1,11,8,3,0,持续输入,0,0.0,0.547,0,1,0,0,7,44,36,8,0,持续输入,2,7.191,1.508,0,3,0,3,34,104,81,23,0,持续输入,5,14.328,1.546,0,5,1,5,79,106,81,25,0,持续输入,6,17.239,1.574,0,5,2,5,79,4.333,
1415836-w005,1415836,118,2026-02-20T11:49:02.171000,1006,AC,79.6,126,"Control -> Insert -> Control -> Insert -> Shiftx8 -> # -> i -> c -> l -> n -> u -> d -> Shift -> < -> e -> S -> t -> d -> i -> o -> s -> . -> h -> Shift -> > -> Enter -> i -> n -> t ->   -> m -> a -> n -> i -> Shift -> ( -> Shift -> O -> V -> I -> v -> o -> i -> d -> Shift -> { -> Enter -> r -> e -> u -> t -> r -> n ->   -> 0 -> ; -> Enter -> n -> t ->   -> i -> n -> ; -> Enter -> h -> i -> w -> l -> e -> Shift -> ( -> s -> c -> a -> n -> f -> Shift -> ( -> Shift -> "" -> Shift -> % -> d -> , -> Shift -> ^ -> & -> n ->   -> Shift -> ! -> = -> Shift -> E -> O -> F -> Shift -> { -> Enter -> r","#include<stdio.h>
int main(void {
    int n; 0;
    while(scanf(""%d ,&n  !=EOF {
        printf(""%o",5,3,2,0,持续输入,0,0.0,1.363,0,0,0,0,2,13,10,3,0,持续输入,0,0.0,0.93,0,0,0,0,9,47,36,11,0,持续输入,2,9.225,1.128,0,1,0,1,34,92,77,15,0,持续输入,5,18.676,1.577,0,5,0,6,75,119,91,28,0,持续输入,7,23.971,1.611,0,5,2,6,89,1.736,
1116414-w001,1116414,25,2025-12-22T16:40:25.891200,2108,WA,272.3,84,Controlx5 -> v -> - -> n ->  x2 -> Shift -> &x2 -> n -> Shift -> ! -> = -> 0 -> Shift -> &x2 -> Shift -> ! -> m -> = -> 0,"v


















                    &&n!=0&&m!=0
                            n",5,4,1,0,持续输入,0,0.0,0.757,0,0,0,0,3,13,10,3,0,持续输入,0,0.0,1.059,0,0,0,0,9,16,12,4,0,持续输入,1,2.031,1.193,0,0,0,0,11,26,17,9,1,持续输入,3,40.521,2.006,0,0,5,2,16,26,17,9,1,持续输入,3,40.521,2.006,0,0,5,2,16,3.09,
1116414-w002,1116414,57,2025-12-22T16:41:13.550000,2108,WA,272.3,84,Controlx5 -> v -> - -> n ->  x2 -> Shift -> &x2 -> n -> Shift -> ! -> = -> 0 -> Shift -> &x2 -> Shift -> ! -> m -> = -> 0 -> Enter -> i -> f -> Shift -> ( -> * -> Shiftx22 -> n -> =x2 -> 0,"v


















                    &&n!=0&&m!=0
                            n


        if(n==0",0,0,0,0,低活动,0,0.0,0.0,0,0,0,0,0,0,0,0,0,低活动,0,0.0,0.0,0,0,0,0,0,0,0,0,0,低活动,0,0.0,0.0,0,0,0,0,0,48,21,27,0,修饰键占多数,3,7.788,1.151,0,1,0,2,19,58,26,32,1,修饰键占多数,5,46.278,1.92,0,1,5,4,24,39.597,
1116414-w003,1116414,57,2025-12-22T16:42:01.208800,2108,WA,272.3,84,Controlx5 -> v -> - -> n ->  x2 -> Shift -> &x2 -> n -> Shift -> ! -> = -> 0 -> Shift -> &x2 -> Shift -> ! -> m -> = -> 0 -> Enter -> i -> f -> Shift -> ( -> * -> Shiftx22 -> n -> =x2 -> 0,"v


















                    &&n!=0&&m!=0
                            n


        if(n==0",0,0,0,0,低活动,0,0.0,0.0,0,0,0,0,0,0,0,0,0,低活动,0,0.0,0.0,0,0,0,0,0,0,0,0,0,低活动,0,0.0,0.0,0,0,0,0,0,0,0,0,0,低活动,0,0.0,0.0,0,0,0,0,0,48,21,27,0,修饰键占多数,3,7.788,1.151,0,1,0,2,19,87.256,
1116414-w004,1116414,57,2025-12-22T16:42:48.867600,2108,WA,272.3,84,Controlx5 -> v -> - -> n ->  x2 -> Shift -> &x2 -> n -> Shift -> ! -> = -> 0 -> Shift -> &x2 -> Shift -> ! -> m -> = -> 0 -> Enter -> i -> f -> Shift -> ( -> * -> Shiftx22 -> n -> =x2 -> 0,"v


















                    &&n!=0&&m!=0
                            n


        if(n==0",0,0,0,0,低活动,0,0.0,0.0,0,0,0,0,0,0,0,0,0,低活动,0,0.0,0.0,0,0,0,0,0,0,0,0,0,低活动,0,0.0,0.0,0,0,0,0,0,0,0,0,0,低活动,0,0.0,0.0,0,0,0,0,0,0,0,0,0,低活动,0,0.0,0.0,0,0,0,0,0,134.915,
1116414-w005,1116414,73,2025-12-22T16:43:36.526400,2108,WA,272.3,84,Controlx5 -> v -> - -> n ->  x2 -> Shift -> &x2 -> n -> Shift -> ! -> = -> 0 -> Shift -> &x2 -> Shift -> ! -> m -> = -> 0 -> Enter -> i -> f -> Shift -> ( -> * -> Shiftx22 -> n -> =x2 -> 0 -> \ -> n -> Shiftx12 -> E -> Shift,"v










                    E    \n







                    &&n!=0&&m!=0
                            n


        if(n==0",14,1,13,0,修饰键占多数,0,0.0,0.291,0,0,0,0,0,14,1,13,0,修饰键占多数,0,0.0,0.291,0,0,0,0,0,16,3,13,0,修饰键占多数,1,15.577,0.455,0,0,0,0,2,16,3,13,0,修饰键占多数,1,15.577,0.455,0,0,0,0,2,16,3,13,0,修饰键占多数,1,15.577,0.455,0,0,0,0,2,2.666,
1036007-w001,1036007,207,2025-12-12T10:00:01.891600,2176,WA,768.3,509,"Shift -> # -> i -> n -> c -> l -> u -> d -> e -> Shift -> s -> t -> < -> d -> i -> o -> . -> h -> Shift -> > -> Enter -> i -> n -> t -> m -> a -> i -> n ->   -> Shift -> ( -> Enter -> Shift -> { -> Enter -> i -> n -> t ->   -> m -> , -> n -> ; -> Enter -> c -> h -> a -> r ->   -> c -> h -> ; -> Enter -> w -> s -> w -> h -> i -> l -> e -> Shift -> ( -> s -> c -> a -> n -> f -> Shift -> ( -> Shift -> "" -> Shiftx8 -> % -> D -> d ->   -> Shift -> % -> d ->   -> Shift -> % -> c -> , -> Shift -> &x3 -> Shiftx5 -> m -> , -> m -> , -> c -> h -> Shift -> ! -> =x2 -> Shift -> E -> O -> F","#include<stdio.h>
int main(
{
    int m,n;
    char ch;
    while(scanf(""%d %d %c ,&m, n, ch !=EOF {
 =      int k[m [n0={}m;i++ {
            for(int j=0;j<n;j++ {
                scanf(""%d ,&",3,3,0,0,持续输入,0,0.0,0.702,0,0,0,0,1,11,9,2,0,持续输入,0,0.0,1.049,0,0,0,0,6,40,27,13,0,持续输入,2,9.292,1.051,0,1,0,2,25,91,71,20,0,持续输入,3,14.612,1.007,0,3,0,5,68,127,96,31,0,持续输入,6,59.847,1.163,0,4,0,7,93,3.249,
1036007-w002,1036007,214,2025-12-12T10:02:16.336750,2176,WA,768.3,509,"Shift -> # -> i -> n -> c -> l -> u -> d -> e -> Shift -> s -> t -> < -> d -> i -> o -> . -> h -> Shift -> > -> Enter -> i -> n -> t -> m -> a -> i -> n ->   -> Shift -> ( -> Enter -> Shift -> { -> Enter -> i -> n -> t ->   -> m -> , -> n -> ; -> Enter -> c -> h -> a -> r ->   -> c -> h -> ; -> Enter -> w -> s -> w -> h -> i -> l -> e -> Shift -> ( -> s -> c -> a -> n -> f -> Shift -> ( -> Shift -> "" -> Shiftx8 -> % -> D -> d ->   -> Shift -> % -> d ->   -> Shift -> % -> c -> , -> Shift -> &x3 -> Shiftx5 -> m -> , -> m -> , -> c -> h -> Shift -> ! -> =x2 -> Shift -> E -> O -> F","#include<stdio.h>
int main(
{
    int m,n;
    char ch;
    while(scanf(""%d %d %c ,&m, n, ch !=EOF {
 =      int k[m [n0={}m;i++ {
            for(int j=0;j<n;j++ {
                scanf(""%d ,&
                            k[i [j  ;


",0,0,0,0,低活动,0,0.0,0.0,0,0,0,0,0,0,0,0,0,低活动,0,0.0,0.0,0,0,0,0,0,0,0,0,0,低活动,0,0.0,0.0,0,0,0,0,0,0,0,0,0,低活动,0,0.0,0.0,0,0,0,0,0,1,1,0,0,低活动,0,0.0,0.0,0,1,0,0,0,118.991,
1036007-w003,1036007,214,2025-12-12T10:04:30.781900,2176,WA,768.3,509,"Shift -> # -> i -> n -> c -> l -> u -> d -> e -> Shift -> s -> t -> < -> d -> i -> o -> . -> h -> Shift -> > -> Enter -> i -> n -> t -> m -> a -> i -> n ->   -> Shift -> ( -> Enter -> Shift -> { -> Enter -> i -> n -> t ->   -> m -> , -> n -> ; -> Enter -> c -> h -> a -> r ->   -> c -> h -> ; -> Enter -> w -> s -> w -> h -> i -> l -> e -> Shift -> ( -> s -> c -> a -> n -> f -> Shift -> ( -> Shift -> "" -> Shiftx8 -> % -> D -> d ->   -> Shift -> % -> d ->   -> Shift -> % -> c -> , -> Shift -> &x3 -> Shiftx5 -> m -> , -> m -> , -> c -> h -> Shift -> ! -> =x2 -> Shift -> E -> O -> F","#include<stdio.h>
int main(
{
    int m,n;
    char ch;
    while(scanf(""%d %d %c ,&m, n, ch !=EOF {
 =      int k[m [n0={}m;i++ {
            for(int j=0;j<n;j++ {
                scanf(""%d ,&
                            k[i [j  ;


",0,0,0,0,低活动,0,0.0,0.0,0,0,0,0,0,0,0,0,0,低活动,0,0.0,0.0,0,0,0,0,0,0,0,0,0,低活动,0,0.0,0.0,0,0,0,0,0,0,0,0,0,低活动,0,0.0,0.0,0,0,0,0,0,0,0,0,0,低活动,0,0.0,0.0,0,0,0,0,0,253.436,
1036007-w004,1036007,319,2025-12-12T10:06:45.227050,2176,WA,768.3,509,""" -> Shiftx8 -> % -> D -> d ->   -> Shift -> % -> d ->   -> Shift -> % -> c -> , -> Shift -> &x3 -> Shiftx5 -> m -> , -> m -> , -> c -> h -> Shift -> ! -> =x2 -> Shift -> E -> O -> F -> Shift -> { -> Enter -> n -> f -> o -> r -> Shift -> ) -> Shift -> ( -> i -> n -> t -> i -> = ->   -> 0 -> ; -> i -> Shift -> < -> m -> i -> ; -> +x2 -> Shift -> { -> Enter -> f -> o -> r -> Shift -> ( -> i -> n -> t ->   -> j -> = -> 0 -> ; -> j -> Shift -> < -> n -> ; -> j -> +x2 -> Shift -> { -> Enter -> s -> a -> c -> n -> f -> Shiftx3 -> ( -> Shiftx2 -> % -> "" -> d -> , -> Shiftx6 -> & -> Enter -> i -> n -> t","#include<stdio.h>
int main(
{
    int m,n;
    char ch;
    while(scanf(""%d %d %c ,&m, n, ch !=EOF {
 =      int k[m [n0={}m;i++ {
            for(int j=0;j<n;j++ {
                scanf(""%d ,&
                            k[i [j  ;


        if(ch=='L  {
            for(int i=(m-1n;i>=0{ --
                for(int j=0;j<m;j++ {
                    printf(""%d  ,k[",2,2,0,0,持续输入,0,0.0,0.482,0,0,0,0,1,5,5,0,0,持续输入,1,5.969,4.519,0,0,0,0,4,19,16,3,0,持续输入,2,20.807,2.587,0,0,0,1,17,38,23,15,0,持续输入,5,32.388,3.259,0,0,0,1,24,105,79,26,0,持续输入,10,79.402,1.339,0,3,0,4,81,1.096,
1036007-w005,1036007,431,2025-12-12T10:08:59.672200,2176,WA,768.3,509,", -> Shiftx6 -> & -> Enter -> i -> n -> t ->   -> k -> [ -> m -> [ -> b -> n -> = -> Shiftx2 -> { -> 0 -> } -> ; -> k -> [ -> i -> [ -> j -> ; -> Enter -> f -> i -> f -> Shift -> ( -> c -> h -> =x2 -> Shift -> "" -> Shift -> : -> ' -> Shift -> L -> Shift -> { -> Enter -> f -> o -> r -> Shift -> ( -> n -> t ->   -> ix2 -> = -> 0 -> ; -> Shift -> i -> < -> n -> i -> ; -> +x2 -> { -> Shift -> Enter -> f -> o -> Shift -> r -> ( -> i -> n -> t ->   -> j -> = -> 0 -> ; -> j -> Shift -> < -> m -> ; -> j -> +x2 -> Shift -> { -> Enter -> Shiftx5 -> ( -> m -> - -> 1 -> Shiftx4 -> > -> Shiftx3 -> = -> 0","#include<stdio.h>
int main(
{
    int m,n;
    char ch;
    while(scanf(""%d %d %c ,&m, n, ch !=EOF {
 =      int k[m [n0={}m;i++ {
            for(int j=0;j<n;j++ {
                scanf(""%d ,&
                            k[i [j  ;


        if(ch=='L  {
            for(int i=(m-1n;i>=0{ --
                for(int j=0;j<m;j++ {
                    printf(""%d  ,k[j[ i  ;

                printf(""\n  ;


        else if(ch=='R  {
    return 0for(int i=0;i<m;i++ {
                for(int j=(n-1 ;j>-",6,3,3,0,修饰键占多数,0,0.0,1.039,0,0,0,0,2,13,10,3,0,持续输入,1,3.54,1.877,0,0,0,0,9,51,33,18,0,持续输入,3,8.686,1.344,0,1,0,1,31,62,43,19,0,持续输入,4,14.937,1.3,0,1,0,1,41,111,86,25,0,持续输入,10,75.854,1.945,0,5,0,9,82,0.24,
1019177-w001,1019177,161,2025-12-10T10:08:42.780400,2011,AC,1150.1,543,"Shift -> # -> i -> n -> c -> l -> u -> d -> e -> Shift -> > -> < -> s -> t -> d -> i -> o -> . -> h -> Enter -> i -> n -> t ->   -> m -> a -> i -> n -> Shift -> ( -> ) -> Shift -> { -> Enterx2 -> r -> e -> t -> u -> r -> n ->   -> 0 -> ; -> Enterx3 -> i -> t -> n ->   -> a -> rx2 -> [ -> 8 -> = -> 0 -> ; -> w -> h -> i -> l -> Enter -> e -> w -> h -> i -> l -> e -> Shift -> ( -> ) -> Shiftx10 -> S -> Shiftx2 -> s -> c -> n -> a -> f -> Shift -> ( -> ) -> Shift -> "" -> Shiftx9 -> "" -> Shiftx10 -> % -> d -> Enter -> u -> i -> n -> t ->   -> n -> ; -> , -> Shiftx16 -> & -> n -> Shift","#include<stdio.h
int main(){

    return whil
    int n;scanf(""%d
                    ,&n !=EOF {


    }
",3,2,1,0,持续输入,0,0.0,1.071,0,1,0,0,0,3,2,1,0,持续输入,0,0.0,1.071,0,1,0,0,0,45,21,24,0,修饰键占多数,2,9.002,1.236,0,3,0,4,19,104,46,58,0,修饰键占多数,5,22.428,1.169,0,4,0,6,41,115,57,58,0,修饰键占多数,5,22.428,1.168,0,4,0,6,52,2.84,
1019177-w002,1019177,190,2025-12-10T10:12:04.049125,2011,AC,1150.1,543,"Shift -> # -> i -> n -> c -> l -> u -> d -> e -> Shift -> > -> < -> s -> t -> d -> i -> o -> . -> h -> Enter -> i -> n -> t ->   -> m -> a -> i -> n -> Shift -> ( -> ) -> Shift -> { -> Enterx2 -> r -> e -> t -> u -> r -> n ->   -> 0 -> ; -> Enterx3 -> i -> t -> n ->   -> a -> rx2 -> [ -> 8 -> = -> 0 -> ; -> w -> h -> i -> l -> Enter -> e -> w -> h -> i -> l -> e -> Shift -> ( -> ) -> Shiftx10 -> S -> Shiftx2 -> s -> c -> n -> a -> f -> Shift -> ( -> ) -> Shift -> "" -> Shiftx9 -> "" -> Shiftx10 -> % -> d -> Enter -> u -> i -> n -> t ->   -> n -> ; -> , -> Shiftx16 -> & -> n -> Shift","#include<stdio.h
void turn({

    return whil
    int n;scanf(""%d
                    ,&n !=EOF {

    turn(arr,int n
    }
",9,8,1,0,持续输入,0,0.0,0.789,0,0,0,0,7,11,10,1,0,持续输入,0,0.0,0.751,0,0,0,0,9,24,22,2,0,持续输入,3,16.905,2.027,0,0,0,1,21,27,25,2,0,持续输入,3,16.905,1.996,0,0,0,1,24,27,25,2,0,持续输入,3,16.905,1.996,0,0,0,1,24,1.382,
1019177-w003,1019177,245,2025-12-10T10:15:25.317850,2011,AC,1150.1,543,"Shift -> # -> i -> n -> c -> l -> u -> d -> e -> Shift -> > -> < -> s -> t -> d -> i -> o -> . -> h -> Enter -> i -> n -> t ->   -> m -> a -> i -> n -> Shift -> ( -> ) -> Shift -> { -> Enterx2 -> r -> e -> t -> u -> r -> n ->   -> 0 -> ; -> Enterx3 -> i -> t -> n ->   -> a -> rx2 -> [ -> 8 -> = -> 0 -> ; -> w -> h -> i -> l -> Enter -> e -> w -> h -> i -> l -> e -> Shift -> ( -> ) -> Shiftx10 -> S -> Shiftx2 -> s -> c -> n -> a -> f -> Shift -> ( -> ) -> Shift -> "" -> Shiftx9 -> "" -> Shiftx10 -> % -> d -> Enter -> u -> i -> n -> t ->   -> n -> ; -> , -> Shiftx16 -> & -> n -> Shift","#include<stdio.h
void turn(int *rr ,int n {
whilint m=7;
    return whil
    arr[m--c=nf(""%d
                    ,&n !=EOF {

    turn(arr,int n
    }
",0,0,0,0,低活动,0,0.0,0.0,0,0,0,0,0,0,0,0,0,低活动,0,0.0,0.0,0,0,0,0,0,0,0,0,0,低活动,0,0.0,0.0,0,0,0,0,0,0,0,0,0,低活动,0,0.0,0.0,0,0,0,0,0,35,29,6,0,持续输入,2,14.303,1.663,0,2,0,3,28,64.403,
1019177-w004,1019177,319,2025-12-10T10:18:46.586574999,2011,AC,1150.1,543,"Shift -> ( -> ) -> Shiftx10 -> S -> Shiftx2 -> s -> c -> n -> a -> f -> Shift -> ( -> ) -> Shift -> "" -> Shiftx9 -> "" -> Shiftx10 -> % -> d -> Enter -> u -> i -> n -> t ->   -> n -> ; -> , -> Shiftx16 -> & -> n -> Shift -> ! -> Shift -> = -> Shift -> O -> E -> F -> Shiftx4 -> { -> Enterx2 -> Shift -> } -> Enterx2 -> t -> r -> u -> n -> Shift -> ( -> ; -> a -> rx2 -> , -> i -> n -> t ->   -> n -> v -> o -> d -> i ->   -> t -> u -> r -> n -> Shift -> ( -> i -> n -> t ->   -> a -> rx2 -> Shift -> * -> , -> n -> t ->   -> i -> n -> Shift -> { -> Enterx3 -> w -> h -> i -> l -> e -> Shiftx4 -> n -> ( -> Shift -> >","#include<stdio.h
void turn(int *rr ,int n {
whilint m=7;
    return whil
    arr[m--c=n%2;%d
    n=n/2;          ,&n !=EOF {
}
    turn(arr,int n
    find(int *rrr {
    for(int i=1;i<8;i++ {
        if(arr[i ==1",1,1,0,0,持续输入,0,0.0,0.0,0,0,0,0,0,1,1,0,0,持续输入,0,0.0,0.0,0,0,0,0,0,24,20,4,0,持续输入,3,15.092,2.186,0,1,0,1,19,53,45,8,0,持续输入,8,33.955,2.338,0,2,0,2,44,62,52,10,0,持续输入,11,78.298,4.945,0,3,0,4,51,3.811,
1019177-w005,1019177,488,2025-12-10T10:22:07.855299999,2011,AC,1150.1,543,rx2 -> [ -> m -> -x2 -> = -> n -> Shift -> % -> 2 -> ; -> Enter -> n -> = -> n -> / -> 2 -> ; -> Shiftx2 -> } -> Enter ->   -> f -> i -> n -> d -> Shift -> ( -> i -> n -> t ->   -> r -> a -> rx2 -> Shift -> * -> Shift -> { -> Enter -> f -> o -> r -> Shift -> ( -> i -> n -> t ->   -> i -> = -> 1 -> ; -> i -> Shift -> < -> 8 -> ; -> i -> Shift -> +x2 -> Shift -> { -> Enter -> i -> f -> Shift -> ( -> a -> rx2 -> [ -> i -> = -> 0 -> = -> 1 -> Enter -> i -> n -> t ->   -> o -> = -> 0 -> ; -> o -> Shift -> +x2 -> ; -> Enter -> i -> f -> Enter -> i -> f -> Shift -> ( -> o -> = -> Shiftx8 -> %,"#include<stdio.h
void turn(int *rr ,int n {
whilint m=7;
    return whil
    arr[m--c=n%2;%d
    n=n/2;          ,&n !=EOF {
}
    turn(arr,int n
    find(int *rrr {
    int o=0;i=1;i<8;i++ {
        if(arr[i ==1
                     o++;
        if
    int y=1;0 {
              y=0;
    if(y==arr[0  printf(""Yes\n  ;
    if(y!=arr[0  printf(""No\n  ;
    return -1;




               {0}

    find(arr ;",0,0,0,0,低活动,0,0.0,0.0,0,0,0,0,0,0,0,0,0,低活动,0,0.0,0.0,0,0,0,0,0,5,3,2,0,持续输入,0,0.0,0.886,0,0,0,0,2,32,15,17,0,修饰键占多数,3,38.74,1.352,0,0,0,2,14,111,75,36,0,持续输入,8,51.468,1.65,0,2,0,4,73,13.335,
1142006-w001,1142006,81,2025-12-24T17:45:29.281400,1249,WA,578.5,484,"Shift -> # -> n -> c -> l -> i -> u -> d -> e -> Shift -> < -> s -> t -> d -> i -> o -> . -> Shift -> > -> Enter -> h -> Shiftx8 -> # -> i -> n -> c -> l -> u -> e -> d -> Shift -> s -> < -> t -> r -> i -> n -> g -> . -> h -> Shift -> < -> Enter -> > -> Shift -> Enter -> i -> n -> t ->   -> b -> i -> g -> Shift -> _ -> n -> u -> m -> Shift -> _ -> m -> o -> d -> Shift -> ( -> c -> h -> r ->   -> a -> s -> t -> r -> [ -> ,","#include<stdio.h>
#include<string.h>
int big_num_mod(char str[ ,",0,0,0,0,低活动,0,0.0,0.0,0,0,0,0,0,0,0,0,0,低活动,0,0.0,0.0,0,0,0,0,0,0,0,0,0,低活动,0,0.0,0.0,0,0,0,0,0,0,0,0,0,低活动,0,0.0,0.0,0,0,0,0,0,82,65,17,0,持续输入,2,15.455,0.565,0,3,0,2,65,77.438,
1142006-w002,1142006,157,2025-12-24T17:47:10.526250,1249,WA,578.5,484,"Shift -> # -> n -> c -> l -> i -> u -> d -> e -> Shift -> < -> s -> t -> d -> i -> o -> . -> Shift -> > -> Enter -> h -> Shiftx8 -> # -> i -> n -> c -> l -> u -> e -> d -> Shift -> s -> < -> t -> r -> i -> n -> g -> . -> h -> Shift -> < -> Enter -> > -> Shift -> Enter -> i -> n -> t ->   -> b -> i -> g -> Shift -> _ -> n -> u -> m -> Shift -> _ -> m -> o -> d -> Shift -> ( -> c -> h -> r ->   -> a -> s -> t -> r -> [ -> , -> i -> n -> t ->   -> l -> ; -> p -> i -> n -> t ->   -> p -> { -> Enter -> Shift -> l -> o -> n ->   -> g -> l -> o -> n -> g -> i","#include<stdio.h>
#include<string.h>
int big_num_mod(char str[ ,int l;long long
    int x=1;
    int num=0;{
    int flag=l-1",3,3,0,0,持续输入,0,0.0,1.204,0,0,0,0,2,7,7,0,0,持续输入,1,5.673,3.477,0,0,0,0,6,26,26,0,0,持续输入,3,20.063,2.949,0,3,0,3,25,52,49,3,0,持续输入,7,37.313,3.036,0,4,0,4,46,76,72,4,0,持续输入,10,46.342,2.594,0,5,0,5,69,0.771,
1142006-w003,1142006,221,2025-12-24T17:48:51.771100,1249,WA,578.5,484,"Shift -> # -> n -> c -> l -> i -> u -> d -> e -> Shift -> < -> s -> t -> d -> i -> o -> . -> Shift -> > -> Enter -> h -> Shiftx8 -> # -> i -> n -> c -> l -> u -> e -> d -> Shift -> s -> < -> t -> r -> i -> n -> g -> . -> h -> Shift -> < -> Enter -> > -> Shift -> Enter -> i -> n -> t ->   -> b -> i -> g -> Shift -> _ -> n -> u -> m -> Shift -> _ -> m -> o -> d -> Shift -> ( -> c -> h -> r ->   -> a -> s -> t -> r -> [ -> , -> i -> n -> t ->   -> l -> ; -> p -> i -> n -> t ->   -> p -> { -> Enter -> Shift -> l -> o -> n ->   -> g -> l -> o -> n -> g -> i","#include<stdio.h>
#include<string.h>
int big_num_mod(char str[ ,int l;long long
    int x=1;
    int num=0;{
    int flag=l-1;
          flagg=
        int y=str[--  -- -'0 ;
        int part=(x*y %p",3,2,1,0,持续输入,0,0.0,1.744,0,0,0,0,1,5,4,1,0,持续输入,1,5.782,4.625,0,0,0,0,3,29,26,3,0,持续输入,3,14.276,2.363,0,0,0,1,25,37,34,3,0,持续输入,6,41.537,4.984,0,1,0,3,32,77,74,3,0,持续输入,10,72.648,4.421,0,2,0,6,69,0.029,
1142006-w004,1142006,391,2025-12-24T17:50:33.015950,1249,WA,578.5,484,= -> 0 -> ; -> Enter -> i -> n -> t -> f ->   -> l -> a -> g -> = -> l -> - -> 1 -> ; -> f -> l -> a -> h -> gx2 -> = -> t -> r -> s -> i -> n -> t ->   -> y -> = -> s -> t -> r -> [ -> l -> f -> -x2 -> = -> - -> ' -> 0 -> ; -> Enter -> -x2 -> = -> 0 -> -x2 -> s -> u -> m -> + -> = -> Shift -> ( -> x -> * -> y -> i -> n -> t ->   -> p -> a -> r -> t -> = -> Shift -> ( -> x -> y -> * -> Shift -> % -> p -> ; -> Enter -> u -> s -> m -> + -> m -> + -> = -> p -> ; -> Enter -> s -> u -> m -> Shift -> % -> = -> p -> ; -> Enter -> x -> * -> 1,"#include<stdio.h>
#include<string.h>
int big_num_mod(char str[ ,int l;long long
    int x=1;
    int num=0;{
    int flag=l-1;
          flagg=
        int y=str[--  -- -'0 ;
        int part=(x*y %p;
        sum+=p   ;
        sum%=p;
        x*=10;x%
        x%=p;

    return sum;

int main( {
    char str[10005 ;
    int p;m
    while(scanf(""%s ,%d,str,&p !+EOF {
        int result=blt=       (st",10,9,1,0,持续输入,0,0.0,1.025,0,0,0,0,8,18,17,1,0,持续输入,1,2.386,1.141,0,0,0,0,16,57,50,7,0,持续输入,2,4.714,1.142,0,1,0,1,46,119,108,11,0,持续输入,4,9.275,1.428,0,4,0,4,102,187,171,16,0,持续输入,12,38.269,1.72,0,10,0,13,164,0.113,
1142006-w005,1142006,450,2025-12-24T17:52:14.260800,1249,WA,578.5,484,( -> x -> * -> y -> i -> n -> t ->   -> p -> a -> r -> t -> = -> Shift -> ( -> x -> y -> * -> Shift -> % -> p -> ; -> Enter -> u -> s -> m -> + -> m -> + -> = -> p -> ; -> Enter -> s -> u -> m -> Shift -> % -> = -> p -> ; -> Enter -> x -> * -> 1 -> 0 -> = -> x -> ; -> Shift -> % -> ; -> Enter -> x -> Shift -> % -> = -> p -> ; -> r -> Enter -> e -> t -> u -> r ->   -> s -> n -> u -> m -> ; -> Enter -> i -> n -> t ->   -> a -> i -> n -> m -> Shift -> ( -> Shift -> Enter -> { -> h -> a -> c -> r ->   -> s -> t -> r -> [ -> 1 -> 0x4 -> 5 -> l -> ; -> Enter,"#include<stdio.h>
#include<string.h>
int big_num_mod(char str[ ,int l,long long
    int x=1;
    int sum=0;{
    int flag=l-1;
          flagg=
        int y=str[--  -- -'0 ;
        int part=(x*y %p;
        sum+=p   ;
        sum%=p;
        x*=10;x%
        x%=p;

    return sum;

int main( {
    char str[10005 ;
    int p;m
    while(scanf(""%s ,%d,str,&p !=EOF {
        int l=strlen(str ;    (str,l,p ;

        printf(""%d\n ,r ;

    return 0;",0,0,0,0,低活动,0,0.0,0.0,0,0,0,0,0,0,0,0,0,低活动,0,0.0,0.0,0,0,0,0,0,1,1,0,0,持续输入,0,0.0,0.0,0,0,0,0,0,2,2,0,0,持续输入,1,12.023,12.023,0,0,0,1,1,100,93,7,0,持续输入,9,56.818,1.817,0,5,0,13,91,26.881,
1212504-w001,1212504,1,2025-12-30T14:44:39.827000,1464,AC,1006.2,71,Control -> Insert,,0,0,0,0,低活动,0,0.0,0.0,0,0,0,0,0,0,0,0,0,低活动,0,0.0,0.0,0,0,0,0,0,0,0,0,0,低活动,0,0.0,0.0,0,0,0,0,0,0,0,0,0,低活动,0,0.0,0.0,0,0,0,0,0,0,0,0,0,低活动,0,0.0,0.0,0,0,0,0,0,201.244,
1212504-w002,1212504,10,2025-12-30T14:47:35.916375,1464,AC,1006.2,71,Control -> Insert -> 3 -> 4 -> 0 -> Backspace -> 5 -> Backspace -> 0x3,"


               340",0,0,0,0,低活动,0,0.0,0.0,0,0,0,0,0,0,0,0,0,低活动,0,0.0,0.0,0,0,0,0,0,0,0,0,0,低活动,0,0.0,0.0,0,0,0,0,0,0,0,0,0,低活动,0,0.0,0.0,0,0,0,0,0,0,0,0,0,低活动,0,0.0,0.0,0,0,0,0,0,131.098,
1212504-w003,1212504,12,2025-12-30T14:50:32.005750,1464,AC,1006.2,71,Control -> Insert -> 3 -> 4 -> 0 -> Backspace -> 5 -> Backspace -> 0x3 -> Control -> Insert,"


               340",0,0,0,0,低活动,0,0.0,0.0,0,0,0,0,0,0,0,0,0,低活动,0,0.0,0.0,0,0,0,0,0,0,0,0,0,低活动,0,0.0,0.0,0,0,0,0,0,0,0,0,0,低活动,0,0.0,0.0,0,0,0,0,0,0,0,0,0,低活动,0,0.0,0.0,0,0,0,0,0,122.64,
1212504-w004,1212504,12,2025-12-30T14:53:28.095125,1464,AC,1006.2,71,Control -> Insert -> 3 -> 4 -> 0 -> Backspace -> 5 -> Backspace -> 0x3 -> Control -> Insert,"


               340",0,0,0,0,低活动,0,0.0,0.0,0,0,0,0,0,0,0,0,0,低活动,0,0.0,0.0,0,0,0,0,0,0,0,0,0,低活动,0,0.0,0.0,0,0,0,0,0,0,0,0,0,低活动,0,0.0,0.0,0,0,0,0,0,0,0,0,0,低活动,0,0.0,0.0,0,0,0,0,0,298.729,
1212504-w005,1212504,53,2025-12-30T14:56:24.184500,1464,AC,1006.2,71,"Control -> Insert -> 3 -> 4 -> 0 -> Backspace -> 5 -> Backspace -> 0x3 -> Control -> Insert -> 1 -> 3 -> 6 -> 4 -> Enterx3 -> Shift -> Control -> Shift -> Control -> Shiftx2 -> ( -> i -> t -> n ->   -> m -> = -> 0 -> ; -> m -> Shift -> < -> 5 -> ; -> m -> Shift -> +x2 -> Shift -> { -> Shift -> } -> 6 -> c -> [ -> m -> ] -> ,","


               1364























                   (int m=0;m<5;m++ {


                           6                  c[m],

















                 }",4,4,0,0,持续输入,0,0.0,1.374,0,0,0,0,3,5,5,0,0,持续输入,0,0.0,1.356,0,0,0,0,4,8,7,1,0,持续输入,2,20.095,9.794,0,0,0,1,6,27,23,4,0,持续输入,6,46.651,6.627,0,0,0,2,22,41,31,10,0,持续输入,10,96.45,7.026,0,3,2,5,30,1.839,
1041521-w001,1041521,71,2025-12-13T20:16:00.762800,1902,AC,1103.1,776,Shiftx18 -> # -> Shiftx3 -> i -> Shift -> c -> l -> n -> d -> u -> e -> Shift -> < -> > -> s -> t -> d -> i -> o -> . -> h -> Enter -> i -> n -> t -> m -> i ->   -> a -> n -> a -> i -> n -> Shift -> ( -> v -> i -> d -> o -> Shift -> { -> Enter -> e -> t -> r -> u -> r -> n ->   -> 0 -> ; -> \ -> Enter,"#include<stdio.h
int main(void {\
    return 0;",0,0,0,0,低活动,0,0.0,0.0,0,0,0,0,0,0,0,0,0,低活动,0,0.0,0.0,0,0,0,0,0,0,0,0,0,低活动,0,0.0,0.0,0,0,0,0,0,0,0,0,0,低活动,0,0.0,0.0,0,0,0,0,0,0,0,0,0,低活动,0,0.0,0.0,0,0,0,0,0,196.575,
1041521-w002,1041521,276,2025-12-13T20:19:13.813874999,1902,AC,1103.1,776,"d -> u -> e -> Shift -> < -> > -> s -> t -> d -> i -> o -> . -> h -> Enter -> i -> n -> t -> m -> i ->   -> a -> n -> a -> i -> n -> Shift -> ( -> v -> i -> d -> o -> Shift -> { -> Enter -> e -> t -> r -> u -> r -> n ->   -> 0 -> ; -> \ -> Enter -> i -> n -> t ->   -> n -> ; -> Enter -> w -> h -> i -> l -> e -> Shiftx3 -> ( -> Shift -> ) -> Shift -> ( -> "" -> % -> d -> Shift -> & -> , -> n -> =x2 -> 1 -> Shiftx2 -> { -> Enter -> Shiftx6 -> Enter -> Shiftx27 -> i -> n -> t ->   -> p -> r -> i -> m -> e -> [ -> ; -> Enter -> f -> p -> e -> o -> e -> o -> r -> Shift -> ( -> i","#include<stdio.h
#include<string.h
#include<stdbool.h {
    whilp(     (""%d ,&n ==1 {
    int is_prime;
",0,0,0,0,低活动,0,0.0,0.0,0,0,0,0,0,8,8,0,0,持续输入,0,0.0,0.72,0,0,0,0,7,49,35,14,0,持续输入,2,5.618,0.794,0,2,0,2,32,84,60,24,0,持续输入,6,26.752,0.946,0,4,0,6,56,171,103,68,0,持续输入,10,40.583,0.975,0,6,0,9,100,6.21,
1041521-w003,1041521,522,2025-12-13T20:22:26.864949999,1902,AC,1103.1,776,"o -> l -> . -> h -> [ -> 7 -> 9 -> 2 -> 0 -> m -> e -> m -> s -> e -> t -> Shiftx4 -> ( -> i -> s -> Shift -> _ -> p -> i -> m -> e -> r -> , -> 1 -> t -> r -> u -> e -> , -> i -> z -> s -> e -> o -> f -> Shiftx3 -> ( -> i -> s -> Shift -> _ -> p -> r -> i -> m -> e -> ; -> Enter -> i -> s -> Shift -> _ -> p -> r -> i -> m -> e -> Shiftx23 -> [ -> 0 -> = -> i -> s -> Shift -> _ -> p -> i -> m -> e -> r -> [ -> 1 -> = -> f -> a -> s -> e -> l -> ; -> Enter -> f -> o -> r -> Shift -> ( -> i -> n -> t ->   -> i -> = -> 2 -> ; -> i -> Shiftx12 -> <","#include<stdio.h
#include<string.h
#include<stdbool.h {
    whilp(     (""%d ,&n ==1 {
c   int is_prime;
                [7920
    memset(is_prime,true,sizeof(is_prime  ;
    is_prime[0 =is_prime[1 =false;
    for(int i=2;i<7920;i++ {
        if(is_prime[i  {
            for(int j=i*i;j<7920;j++
                is_prime[j =false;",0,0,0,0,低活动,0,0.0,0.0,0,0,0,0,0,0,0,0,0,低活动,0,0.0,0.0,0,0,0,0,0,22,1,21,1,剪贴板操作,0,0.0,0.05,0,0,21,0,0,53,29,24,1,持续输入,3,16.599,1.25,0,1,21,2,29,150,95,55,1,持续输入,9,42.727,1.199,0,4,21,7,94,27.645,
1041521-w004,1041521,529,2025-12-13T20:25:39.916025,1902,AC,1103.1,776,"2 -> 0 -> m -> e -> m -> s -> e -> t -> Shiftx4 -> ( -> i -> s -> Shift -> _ -> p -> i -> m -> e -> r -> , -> 1 -> t -> r -> u -> e -> , -> i -> z -> s -> e -> o -> f -> Shiftx3 -> ( -> i -> s -> Shift -> _ -> p -> r -> i -> m -> e -> ; -> Enter -> i -> s -> Shift -> _ -> p -> r -> i -> m -> e -> Shiftx23 -> [ -> 0 -> = -> i -> s -> Shift -> _ -> p -> i -> m -> e -> r -> [ -> 1 -> = -> f -> a -> s -> e -> l -> ; -> Enter -> f -> o -> r -> Shift -> ( -> i -> n -> t ->   -> i -> = -> 2 -> ; -> i -> Shiftx12 -> < -> 7 -> 9 -> 2 -> 0 -> ; -> i -> Shift","#include<stdio.h
#include<string.h
#include<stdbool.h c
    whilp(1000 (""%d ,&n ==1 {
c   int is_prime;
                [7920
    memset(is_prime,true,sizeof(is_prime  ;
    is_prime[0 =is_prime[1 =false;
    for(int i=2;i<7920;i++ {
        if(is_prime[i  {
            for(int j=i*i;j<7920;j++
                is_prime[j =false;


",1,1,0,0,低活动,0,0.0,0.0,0,1,0,0,0,1,1,0,0,低活动,0,0.0,0.0,0,1,0,0,0,5,5,0,0,持续输入,1,14.23,10.16,0,1,0,1,4,5,5,0,0,持续输入,1,14.23,10.16,0,1,0,1,4,5,5,0,0,持续输入,1,14.23,10.16,0,1,0,1,4,0.108,
1041521-w005,1041521,681,2025-12-13T20:28:52.967099999,1902,AC,1103.1,776,p -> r -> i -> m -> e -> [ -> i -> Shift -> { -> f -> Enter -> o -> Shift -> ( -> r -> i -> n -> t ->   -> j -> = -> 0 -> i -> Shiftx10 -> * -> Shiftx2 -> i -> ; -> j -> Shift -> < -> 7 -> 9 -> 2 -> 0 -> j -> ; -> Shift -> +x2 -> Enter -> i -> s -> Shift -> _ -> p -> r -> i -> m -> e -> [ -> j -> = -> f -> l -> s -> a -> e -> ; -> Controlx21 -> c -> Control -> c -> 1 -> 0x3 -> Enter -> p -> r -> i -> n -> t -> f -> = -> i -> Enter -> p -> r -> i -> n -> t -> = -> m -> e -> [ -> k -> Shift -> +x2 -> = -> ; -> i -> Enter -> i -> n -> t ->   -> k -> = -> 0 -> ; -> i -> f,"#include<stdio.h
#include<string.h
#include<stdbool.h c
    whilp(1000 (""%d ,&n ==1 {
c   int is_prcme;
                [7920
    memset(is_prime,true,sizeof(is_prime  ;
    is_prime[0 =is_prime[1 =false;
    int k=0;i=2;i<7920;i++ {
        if(is_prime[i  {
            for(int j=i*i;j<7920;j+=i
                is_prime[j =false;
            prime[k++ =i;
            if(k<1000
    printf




    v       ();

        inr(int i=0;prime[i+2 <n;i++ {
            if(a[i +a[i+1 +a[i+2 ==n {
                break;",4,4,0,0,持续输入,1,2.607,2.181,0,2,0,2,3,4,4,0,0,持续输入,1,2.607,2.181,0,2,0,2,3,16,15,1,0,持续输入,4,23.221,5.345,0,3,0,4,14,67,41,26,0,持续输入,8,35.092,2.054,0,4,0,5,42,106,72,34,2,持续输入,11,68.242,2.015,0,5,3,8,73,0.017,
1146055-w001,1146055,147,2025-12-25T10:10:42.911600,2110,AC,357.6,283,"Control -> Shift -> # -> i -> n -> l -> u -> c -> d -> ex2 -> Shift -> < -> s -> t -> i -> o -> d -> o -> i -> . -> h -> Shiftx7 -> > -> Shift -> Enter -> Shift -> i -> n -> t ->   -> m -> a -> i -> n -> Shift -> ( -> Control -> v -> Enter -> i ->   -> n -> m -> a -> i -> t -> n -> Shift -> ( -> Shift -> { -> Enter -> t -> i ->   -> nx2 -> ; -> Enter -> w -> i -> l -> e -> h -> Shiftx24 -> ( -> a -> c -> n -> s -> c -> a -> n -> f -> Shift -> ( -> Shiftx3 -> "" -> Shift -> % -> d -> , -> Shift -> & -> n -> Shift -> ! -> + -> = -> d -> # -> E -> Shiftx2 -> E -> O -> F -> Shiftx16 -> { -> Enter -> Shift","#include<stdio.h>
vnt main(













int main( {
    int n;
    while(scanf(""%d ,&n !=EOF {
",0,0,0,0,低活动,0,0.0,0.0,0,0,0,0,0,0,0,0,0,低活动,0,0.0,0.0,0,0,0,0,0,52,26,26,0,修饰键占多数,0,0.0,0.689,0,1,0,0,24,107,53,54,1,修饰键占多数,3,19.194,0.668,0,4,1,4,51,148,82,66,1,持续输入,3,19.194,0.711,0,5,2,5,80,16.062,
1146055-w002,1146055,239,2025-12-25T10:11:45.488625,2110,AC,357.6,283,"Control -> Shift -> # -> i -> n -> l -> u -> c -> d -> ex2 -> Shift -> < -> s -> t -> i -> o -> d -> o -> i -> . -> h -> Shiftx7 -> > -> Shift -> Enter -> Shift -> i -> n -> t ->   -> m -> a -> i -> n -> Shift -> ( -> Control -> v -> Enter -> i ->   -> n -> m -> a -> i -> t -> n -> Shift -> ( -> Shift -> { -> Enter -> t -> i ->   -> nx2 -> ; -> Enter -> w -> i -> l -> e -> h -> Shiftx24 -> ( -> a -> c -> n -> s -> c -> a -> n -> f -> Shift -> ( -> Shiftx3 -> "" -> Shift -> % -> d -> , -> Shift -> & -> n -> Shift -> ! -> + -> = -> d -> # -> E -> Shiftx2 -> E -> O -> F -> Shiftx16 -> { -> Enter -> Shift -> i","#include<stdio.h>
vnt main(













int main( {
    int n;
    while(scanf(""%d ,&n !=EOF {
        int arr[n ;
        for(int i=0;i<n;i++ {
            scanf(""%d ,&arr[i",6,5,1,0,持续输入,0,0.0,0.894,0,0,0,0,5,29,10,19,0,修饰键占多数,0,0.0,0.771,0,0,0,0,9,82,39,43,0,修饰键占多数,3,7.344,0.999,0,2,0,2,39,92,49,43,0,持续输入,5,13.04,1.289,0,2,0,2,48,196,101,95,0,持续输入,9,71.231,0.961,0,6,0,7,99,1.839,
1146055-w003,1146055,249,2025-12-25T10:12:48.065650,2110,AC,357.6,283,"Control -> Shift -> # -> i -> n -> l -> u -> c -> d -> ex2 -> Shift -> < -> s -> t -> i -> o -> d -> o -> i -> . -> h -> Shiftx7 -> > -> Shift -> Enter -> Shift -> i -> n -> t ->   -> m -> a -> i -> n -> Shift -> ( -> Control -> v -> Enter -> i ->   -> n -> m -> a -> i -> t -> n -> Shift -> ( -> Shift -> { -> Enter -> t -> i ->   -> nx2 -> ; -> Enter -> w -> i -> l -> e -> h -> Shiftx24 -> ( -> a -> c -> n -> s -> c -> a -> n -> f -> Shift -> ( -> Shiftx3 -> "" -> Shift -> % -> d -> , -> Shift -> & -> n -> Shift -> ! -> + -> = -> d -> # -> E -> Shiftx2 -> E -> O -> F -> Shiftx16 -> { -> Enter -> Shift -> i","#include<stdio.h>
vnt main(













int main( {
    int n;
    while(scanf(""%d ,&n !=EOF {
        int arr[n ;
        for(int i=0;i<n;i++ {
            scanf(""%d ,&arr[i  ;

        bu        (arr[",0,0,0,0,低活动,0,0.0,0.0,0,0,0,0,0,0,0,0,0,低活动,0,0.0,0.0,0,0,0,0,0,8,7,1,0,持续输入,1,2.935,2.322,0,0,0,0,6,10,9,1,0,持续输入,2,34.867,8.734,0,1,0,2,8,102,58,44,0,持续输入,8,55.112,1.589,0,3,0,4,57,16.811,
1146055-w004,1146055,271,2025-12-25T10:13:50.642675,2110,AC,357.6,283,"Shiftx7 -> > -> Shift -> Enter -> Shift -> i -> n -> t ->   -> m -> a -> i -> n -> Shift -> ( -> Control -> v -> Enter -> i ->   -> n -> m -> a -> i -> t -> n -> Shift -> ( -> Shift -> { -> Enter -> t -> i ->   -> nx2 -> ; -> Enter -> w -> i -> l -> e -> h -> Shiftx24 -> ( -> a -> c -> n -> s -> c -> a -> n -> f -> Shift -> ( -> Shiftx3 -> "" -> Shift -> % -> d -> , -> Shift -> & -> n -> Shift -> ! -> + -> = -> d -> # -> E -> Shiftx2 -> E -> O -> F -> Shiftx16 -> { -> Enter -> Shift -> i -> n -> t ->   -> a -> rx2 -> 9 -> [ -> n -> ; -> Enter -> f -> o -> r -> Shift -> ( -> i -> n -> t ->   -> i -> =","#include<stdio.h>
vnt main(













int main( {
    int n;
    while(scanf(""%d ,&n !=EOF {
        int arr[n ;
        for(int i=0;i<n;i++ {
            scanf(""%d ,&arr[i  ;

        bu        (arr,n ;
        pri   (""%d ,arr[",0,0,0,0,低活动,0,0.0,0.0,0,0,0,0,0,0,0,0,0,低活动,0,0.0,0.0,0,0,0,0,0,0,0,0,0,低活动,0,0.0,0.0,0,0,0,0,0,20,15,5,0,持续输入,2,4.801,1.906,0,1,0,1,13,32,26,6,0,持续输入,5,58.677,2.726,0,2,0,3,23,45.766,
1146055-w005,1146055,271,2025-12-25T10:14:53.219700,2110,AC,357.6,283,"Shiftx7 -> > -> Shift -> Enter -> Shift -> i -> n -> t ->   -> m -> a -> i -> n -> Shift -> ( -> Control -> v -> Enter -> i ->   -> n -> m -> a -> i -> t -> n -> Shift -> ( -> Shift -> { -> Enter -> t -> i ->   -> nx2 -> ; -> Enter -> w -> i -> l -> e -> h -> Shiftx24 -> ( -> a -> c -> n -> s -> c -> a -> n -> f -> Shift -> ( -> Shiftx3 -> "" -> Shift -> % -> d -> , -> Shift -> & -> n -> Shift -> ! -> + -> = -> d -> # -> E -> Shiftx2 -> E -> O -> F -> Shiftx16 -> { -> Enter -> Shift -> i -> n -> t ->   -> a -> rx2 -> 9 -> [ -> n -> ; -> Enter -> f -> o -> r -> Shift -> ( -> i -> n -> t ->   -> i -> =","#include<stdio.h>
vnt main(













int main( {
    int n;
    while(scanf(""%d ,&n !=EOF {
        int arr[n ;
        for(int i=0;i<n;i++ {
            scanf(""%d ,&arr[i  ;

        bu        (arr,n ;
        pri   (""%d ,arr[",0,0,0,0,低活动,0,0.0,0.0,0,0,0,0,0,0,0,0,0,低活动,0,0.0,0.0,0,0,0,0,0,0,0,0,0,低活动,0,0.0,0.0,0,0,0,0,0,0,0,0,0,低活动,0,0.0,0.0,0,0,0,0,0,19,14,5,0,持续输入,2,4.801,1.328,0,1,0,1,12,108.343,
1055076-w001,1055076,39,2025-12-15T19:20:51.665800,2179,TLE,522.2,332,Shift -> # -> i -> n -> c -> u -> d -> l -> e -> < -> Shift -> . -> s -> t -> s -> t -> i -> o -> dx2 -> i -> o -> h -> Shift -> > -> Enter -> i -> n -> t ->   -> m -> a -> i -> n -> Shift -> ( -> Shift -> { -> Enterx2,"#include<stidio h>
int main( {
",1,1,0,0,低活动,0,0.0,0.0,0,1,0,0,0,1,1,0,0,低活动,0,0.0,0.0,0,1,0,0,0,1,1,0,0,低活动,0,0.0,0.0,0,1,0,0,0,1,1,0,0,低活动,0,0.0,0.0,0,1,0,0,0,40,35,5,0,持续输入,2,89.839,1.096,0,3,0,2,33,2.728,
1055076-w002,1055076,110,2025-12-15T19:22:23.059375,2179,TLE,522.2,332,Shift -> # -> i -> n -> c -> u -> d -> l -> e -> < -> Shift -> . -> s -> t -> s -> t -> i -> o -> dx2 -> i -> o -> h -> Shift -> > -> Enter -> i -> n -> t ->   -> m -> a -> i -> n -> Shift -> ( -> Shift -> { -> Enterx2 -> i -> n -> t ->   -> f -> i -> n -> d -> Shift -> _ -> y -> o -> r -> u -> _ -> Shift -> c -> o -> u -> Shift -> ( -> i -> n -> t ->   -> n -> { -> Shift -> Enter -> f -> o -> Shift -> r -> 9 -> Shiftx3 -> ( -> i -> n -> t ->   -> i ->   -> = ->   -> 1 -> ; -> i -> Shiftx4 -> * -> i -> < -> Shift -> = -> n -> ; -> i -> +x2 -> Shiftx2 -> { -> Enter -> i -> f,"#include<stidio h>
int find(int nc{u
    for(int i = 1;i*i<=n;i++ {
        if(",4,3,1,0,持续输入,0,0.0,0.49,0,0,0,0,2,14,11,3,0,持续输入,0,0.0,1.067,0,1,0,1,11,42,30,12,0,持续输入,2,7.956,1.529,0,1,0,1,30,59,44,15,0,持续输入,6,34.616,2.292,0,2,0,2,44,72,56,16,0,持续输入,7,63.208,1.827,0,3,0,3,56,3.14,
1055076-w003,1055076,185,2025-12-15T19:23:54.452950,2179,TLE,522.2,332,Shift -> # -> i -> n -> c -> u -> d -> l -> e -> < -> Shift -> . -> s -> t -> s -> t -> i -> o -> dx2 -> i -> o -> h -> Shift -> > -> Enter -> i -> n -> t ->   -> m -> a -> i -> n -> Shift -> ( -> Shift -> { -> Enterx2 -> i -> n -> t ->   -> f -> i -> n -> d -> Shift -> _ -> y -> o -> r -> u -> _ -> Shift -> c -> o -> u -> Shift -> ( -> i -> n -> t ->   -> n -> { -> Shift -> Enter -> f -> o -> Shift -> r -> 9 -> Shiftx3 -> ( -> i -> n -> t ->   -> i ->   -> = ->   -> 1 -> ; -> i -> Shiftx4 -> * -> i -> < -> Shift -> = -> n -> ; -> i -> +x2 -> Shiftx2 -> { -> Enter -> i -> f,"#include<stidio h>
int find(int nc{u
    int re=0i = 1;i*i<=n;i++ {
        if(n%i==0 {

            re = re+i+n/i;


    return re;


    int t,n;
    while",14,14,0,0,持续输入,0,0.0,0.66,0,1,0,1,13,17,17,0,0,持续输入,1,4.042,0.919,0,1,0,2,16,25,25,0,0,持续输入,1,4.042,0.904,0,2,0,3,24,42,39,3,0,持续输入,5,41.507,2.014,0,2,0,4,37,115,96,19,0,持续输入,15,74.696,2.389,0,5,0,10,93,0.123,
1055076-w004,1055076,305,2025-12-15T19:25:25.846525,2179,TLE,522.2,332,c -> o -> u -> Shift -> ( -> i -> n -> t ->   -> n -> { -> Shift -> Enter -> f -> o -> Shift -> r -> 9 -> Shiftx3 -> ( -> i -> n -> t ->   -> i ->   -> = ->   -> 1 -> ; -> i -> Shiftx4 -> * -> i -> < -> Shift -> = -> n -> ; -> i -> +x2 -> Shiftx2 -> { -> Enter -> i -> f -> Shift -> ( -> n -> % -> Shift -> 2 -> Shift -> { -> ( -> n -> Shift -> % -> 2 -> i -> =x2 -> 0 -> Shift -> { -> Enterx2 -> n -> t ->   -> i -> r -> e -> ; -> r -> e ->   -> = ->   -> 0 -> = -> Shift -> + -> =x2 ->   -> e -> r -> Shift -> + -> i -> Shift -> + -> n -> / -> i -> ' -> ; -> Enter -> r -> e -> t -> u,"#include<stidio h>
int find(int nc{u
    int re=0i = 1;i*i<=n;i++ {
        if(n%i==0 {

            re = re+i+n/i;


    return re;


    int t,n,re
    while(scanf(""%d ,&t !=EOF {
        for(int j = 0;j<t;j++ {
           scanf(""%d ,&n ;
           re = find(n ;
           printf(""%d\n",2,2,0,0,持续输入,0,0.0,0.404,0,0,0,0,1,8,5,3,0,持续输入,1,3.259,2.274,0,0,0,0,5,45,36,9,0,持续输入,1,3.259,1.272,0,2,0,2,35,53,44,9,0,持续输入,4,17.938,1.543,0,2,0,3,43,145,121,24,0,持续输入,7,42.782,1.301,0,6,0,8,119,2.856,
1055076-w005,1055076,310,2025-12-15T19:26:57.240100,2179,TLE,522.2,332,i -> n -> t ->   -> n -> { -> Shift -> Enter -> f -> o -> Shift -> r -> 9 -> Shiftx3 -> ( -> i -> n -> t ->   -> i ->   -> = ->   -> 1 -> ; -> i -> Shiftx4 -> * -> i -> < -> Shift -> = -> n -> ; -> i -> +x2 -> Shiftx2 -> { -> Enter -> i -> f -> Shift -> ( -> n -> % -> Shift -> 2 -> Shift -> { -> ( -> n -> Shift -> % -> 2 -> i -> =x2 -> 0 -> Shift -> { -> Enterx2 -> n -> t ->   -> i -> r -> e -> ; -> r -> e ->   -> = ->   -> 0 -> = -> Shift -> + -> =x2 ->   -> e -> r -> Shift -> + -> i -> Shift -> + -> n -> / -> i -> ' -> ; -> Enter -> r -> e -> t -> u -> r -> n ->   -> r -> ;,"#include<studio h>
int find(int nc{u
    int re=0i = 1;i*i<=n;i++ {
        if(n%i==0 {

            re = re+i+n/i;


    return re;


    int t,n,re
    while(scanf(""%d ,&t !=EOF {
        for(int j = 0;j<t;j++ {
           scanf(""%d ,&n ;
           re = find(n ;
           printf(""%d\n ,re ;",0,0,0,0,低活动,0,0.0,0.0,0,0,0,0,0,0,0,0,0,低活动,0,0.0,0.0,0,0,0,0,0,0,0,0,0,低活动,0,0.0,0.0,0,0,0,0,0,0,0,0,0,低活动,0,0.0,0.0,0,0,0,0,0,50,41,9,0,持续输入,3,33.717,1.496,0,2,0,3,40,62.317,
1272188-w001,1272188,184,2026-01-05T16:36:35.553400,1336,WA,877.1,418,"Shift -> # -> i -> l -> c -> u -> n -> d -> e -> Shift -> i -> Shift -> # -> n -> l -> u -> d -> e ->   -> c -> < -> Shift -> s -> t -> d -> i -> . -> h -> Shift -> o -> > -> Enter -> i -> n -> t ->   -> a -> m -> i -> n ->   -> Shift -> ( -> Shift -> { -> Enter -> i -> t -> n -> t ->   -> n -> ; -> Enter -> w -> h -> i -> e ->   -> Shift -> ( -> l -> c -> a -> n -> f ->   -> ( -> Shift -> c -> a -> s -> n -> f ->   -> ( -> "" -> Shift -> $ -> Shift -> d -> % -> , -> Shiftx17 -> & -> n -> Shift -> ! -> = -> Shift -> E -> O -> F -> Shift -> { -> Enter -> f -> o -> r ->  ","#include <stdio.h>
int main ( {
    int n;
    while (scanf (""%d ,&n !=EOF {
        for (int i=1;i<n;i++ {
            if (n>=i*(i+1 /2&&n<(i+2)*     /2  x=",3,3,0,0,持续输入,1,3.331,3.051,0,0,0,0,2,8,7,1,0,持续输入,2,5.528,2.651,0,0,0,0,6,30,23,7,0,持续输入,5,15.354,2.483,0,0,0,0,22,47,35,12,0,持续输入,7,37.909,2.51,0,0,0,0,34,138,98,40,0,持续输入,9,72.316,1.474,0,3,0,3,97,0.133,
1272188-w002,1272188,318,2026-01-05T16:39:09.053250,1336,WA,877.1,418,"c -> a -> s -> n -> f ->   -> ( -> "" -> Shift -> $ -> Shift -> d -> % -> , -> Shiftx17 -> & -> n -> Shift -> ! -> = -> Shift -> E -> O -> F -> Shift -> { -> Enter -> f -> o -> r ->   -> Shift -> ( -> i -> n -> t ->   -> i -> = -> ; -> i -> 1 -> Shift -> < -> n -> ; -> i -> Shift -> +x2 -> Shift -> { -> Enter -> i -> f -> Shift -> ( ->   -> n -> Shift -> > -> = -> i -> Shift -> * -> ( -> Shift -> i -> Shift -> + -> 1 -> / -> 2 -> Shift -> &x2 -> n -> Shift -> < -> = -> Shift -> ( -> i -> Shift -> + -> 1 -> ( -> Shift -> i -> Shift -> + -> 2 -> Shift -> ) -> * -> / -> 2 ->   -> x -> = -> i -> ;","#include <stdio.h>
int main ( {
    int n;
    while (scanf (""%d ,&n !=EOF {
        for (int i=1;i<n;i++ {
            if (n>=i*(i+1 /2&&n<(i+2)*     /2  x=i;
            break;

        for (int i=1;i<=;i++  {
            if (i!=k  res+=i*i;
            else res+=(n-k *k;

        printf (""%d\n ,res ;

    return 0;",10,10,0,0,持续输入,0,0.0,0.267,0,1,0,1,9,16,14,2,0,持续输入,1,2.098,1.234,0,1,0,2,13,52,33,19,0,持续输入,3,7.823,1.237,0,2,0,4,32,90,65,25,0,持续输入,5,24.159,1.245,0,3,0,5,64,108,79,29,0,持续输入,9,45.372,1.583,0,4,0,6,78,3.323,
1272188-w003,1272188,337,2026-01-05T16:41:42.553100,1336,WA,877.1,418,Shiftx12 -> & -> n -> Shift -> ! -> = -> Shift -> E -> O -> F -> Shift -> { -> Enter -> f -> o -> r ->   -> Shift -> ( -> i -> n -> t ->   -> i -> = -> ; -> i -> 1 -> Shift -> < -> n -> ; -> i -> Shift -> +x2 -> Shift -> { -> Enter -> i -> f -> Shift -> ( ->   -> n -> Shift -> > -> = -> i -> Shift -> * -> ( -> Shift -> i -> Shift -> + -> 1 -> / -> 2 -> Shift -> &x2 -> n -> Shift -> < -> = -> Shift -> ( -> i -> Shift -> + -> 1 -> ( -> Shift -> i -> Shift -> + -> 2 -> Shift -> ) -> * -> / -> 2 ->   -> x -> = -> i -> ; -> Enterx2 -> b -> e -> a -> k -> r -> ; -> Enter -> f -> o ->   -> r -> Shift -> i,"#include <stdio.h>
int main ( {
    int n,k
    while (scanf (""%d ,&; !=EOF {
        int res=0;=1;i<n;i++ {
            if (n>=i*(i+1 /2&&n<(i+2)*     /2  x=i;
            break;                             k

        for (int i=1;i<=;i++  {
            if (i!=k  res+=i*i;
            else res+=(n-k *k;

        printf (""%d\n ,res ;

c   return 0;",0,0,0,0,低活动,0,0.0,0.0,0,0,0,0,0,0,0,0,0,低活动,0,0.0,0.0,0,0,0,0,0,0,0,0,0,低活动,0,0.0,0.0,0,0,0,0,0,0,0,0,0,低活动,0,0.0,0.0,0,0,0,0,0,5,2,3,1,修饰键占多数,1,16.291,11.579,0,0,2,1,2,87.672,
1272188-w004,1272188,360,2026-01-05T16:44:16.052950,1336,WA,877.1,418,Enter -> f -> o -> r ->   -> Shift -> ( -> i -> n -> t ->   -> i -> = -> ; -> i -> 1 -> Shift -> < -> n -> ; -> i -> Shift -> +x2 -> Shift -> { -> Enter -> i -> f -> Shift -> ( ->   -> n -> Shift -> > -> = -> i -> Shift -> * -> ( -> Shift -> i -> Shift -> + -> 1 -> / -> 2 -> Shift -> &x2 -> n -> Shift -> < -> = -> Shift -> ( -> i -> Shift -> + -> 1 -> ( -> Shift -> i -> Shift -> + -> 2 -> Shift -> ) -> * -> / -> 2 ->   -> x -> = -> i -> ; -> Enterx2 -> b -> e -> a -> k -> r -> ; -> Enter -> f -> o ->   -> r -> Shift -> i -> n -> t -> ( -> i ->   -> = -> 1 -> ; -> i -> Shift -> < -> k,"cinclude <stdio.h>
int main ( {
    int n,k
    while (scanf (""%d ,&; !=EOF {
        int res=0;=1;i<n;i++ {
            if (n>=i*(i+1 /2&&n<(i+2)*     /2  x=i;
            break;                            {k
            c     }
        for (int i=1;i<=;i++  {
            if (i!=k  res+=i*i;
            else res+=(n-k *k;
                         (k+1 *k/2
        printf (""%d\n ,res ;

c   return 0;",0,0,0,0,低活动,0,0.0,0.0,0,0,0,0,0,0,0,0,0,低活动,0,0.0,0.0,0,0,0,0,0,0,0,0,0,低活动,0,0.0,0.0,0,0,0,0,0,0,0,0,0,低活动,0,0.0,0.0,0,0,0,0,0,10,5,5,1,修饰键占多数,4,45.494,14.16,0,1,2,5,5,65.761,
1272188-w005,1272188,380,2026-01-05T16:46:49.552800,1336,WA,877.1,418,i -> Shift -> +x2 -> Shift -> { -> Enter -> i -> f -> Shift -> ( ->   -> n -> Shift -> > -> = -> i -> Shift -> * -> ( -> Shift -> i -> Shift -> + -> 1 -> / -> 2 -> Shift -> &x2 -> n -> Shift -> < -> = -> Shift -> ( -> i -> Shift -> + -> 1 -> ( -> Shift -> i -> Shift -> + -> 2 -> Shift -> ) -> * -> / -> 2 ->   -> x -> = -> i -> ; -> Enterx2 -> b -> e -> a -> k -> r -> ; -> Enter -> f -> o ->   -> r -> Shift -> i -> n -> t -> ( -> i ->   -> = -> 1 -> ; -> i -> Shift -> < -> k -> ; -> i -> Shift -> +x2 -> = -> Shift -> { -> Enter -> r -> e -> s -> Shift -> + -> = -> i -> f ->   -> ( -> Shift -> i,"cinclude <stdio.h>
int main ( {
    int n,k
    while (scanf (""%d ,&; !=EOF {
        int res=0;=1;i<n;i++ {
        k=0;if (n>=i*(i+1 /2&&n<(i+2)*     /2  x=i;
            break;                            {k
            c     }
        for (int i=1;i<=;i++  {
 c          break;=k  res+=i*i;
            else res+=(n-k *k;
                         (k+1 *k/2
        printf (""%d\n ,res ;

c   return 0;",5,2,3,1,剪贴板操作,0,0.0,1.177,0,1,2,1,1,5,2,3,1,剪贴板操作,0,0.0,1.177,0,1,2,1,1,14,10,4,2,持续输入,2,16.093,2.292,0,2,3,4,9,15,11,4,2,持续输入,3,50.34,10.281,0,3,3,4,10,20,16,4,2,持续输入,4,67.777,14.393,0,4,3,6,15,0.006,
1204075-w001,1204075,112,2025-12-29T20:31:27.234999999,1461,WA,591.4,353,"Shift -> # -> i -> n -> l -> u -> d -> e -> c ->   -> Shift -> < -> t -> s -> d -> i -> o -> . -> h -> Shift -> > -> Enter -> i -> Enter -> n -> t ->   -> m -> a -> i -> n -> Shift -> ) -> Shift -> ( -> Shift -> { -> Enter -> i -> n -> t ->   -> y -> , -> m -> , -> d -> , -> m -> i -> n -> y -> t -> e -> u -> t -> e -> , -> s -> ; -> Enter -> w -> h -> i -> l -> e -> Shift -> ( -> s -> c -> a -> n -> f -> Shift -> ( -> "" -> h -> p -> Shift -> % -> d -> Shift -> : -> Shift -> % -> d -> , -> Shift -> % -> d -> / -> Shiftx4 -> % -> d -> / -> Shift -> % -> d -> , ->  ","#include <stdio.h>

int main( {
    int y,m,d,hips;e
    while(scanf(""%d:%d,%d/%d/%d , &h,&p,&",2,1,1,0,修饰键占多数,0,0.0,0.388,0,0,0,0,0,4,3,1,0,持续输入,1,2.673,2.432,0,0,0,0,2,21,14,7,0,持续输入,5,19.778,4.23,0,0,0,0,13,37,25,12,0,持续输入,10,32.383,2.756,0,0,0,1,24,113,93,20,0,持续输入,16,73.665,2.668,0,4,0,8,90,2.017,
1204075-w002,1204075,135,2025-12-29T20:33:10.733500,1461,WA,591.4,353,"Shift -> # -> i -> n -> l -> u -> d -> e -> c ->   -> Shift -> < -> t -> s -> d -> i -> o -> . -> h -> Shift -> > -> Enter -> i -> Enter -> n -> t ->   -> m -> a -> i -> n -> Shift -> ) -> Shift -> ( -> Shift -> { -> Enter -> i -> n -> t ->   -> y -> , -> m -> , -> d -> , -> m -> i -> n -> y -> t -> e -> u -> t -> e -> , -> s -> ; -> Enter -> w -> h -> i -> l -> e -> Shift -> ( -> s -> c -> a -> n -> f -> Shift -> ( -> "" -> h -> p -> Shift -> % -> d -> Shift -> : -> Shift -> % -> d -> , -> Shift -> % -> d -> / -> Shiftx4 -> % -> d -> / -> Shift -> % -> d -> , ->  ","#include <stdio.h>

int main( {
    int y,m,d,hips;e
    while(scanf(""%d:%d,%d/%d/%d , &h,&p,&y)&m,&y !=EOF {
",0,0,0,0,低活动,0,0.0,0.0,0,0,0,0,0,0,0,0,0,低活动,0,0.0,0.0,0,0,0,0,0,2,1,1,0,修饰键占多数,0,0.0,0.01,0,0,0,0,0,4,3,1,0,持续输入,1,13.072,10.797,0,0,0,0,1,31,23,8,0,持续输入,5,79.374,4.683,0,1,0,0,22,21.991,
1204075-w003,1204075,167,2025-12-29T20:34:54.232000,1461,WA,591.4,353,"Shift -> # -> i -> n -> l -> u -> d -> e -> c ->   -> Shift -> < -> t -> s -> d -> i -> o -> . -> h -> Shift -> > -> Enter -> i -> Enter -> n -> t ->   -> m -> a -> i -> n -> Shift -> ) -> Shift -> ( -> Shift -> { -> Enter -> i -> n -> t ->   -> y -> , -> m -> , -> d -> , -> m -> i -> n -> y -> t -> e -> u -> t -> e -> , -> s -> ; -> Enter -> w -> h -> i -> l -> e -> Shift -> ( -> s -> c -> a -> n -> f -> Shift -> ( -> "" -> h -> p -> Shift -> % -> d -> Shift -> : -> Shift -> % -> d -> , -> Shift -> % -> d -> / -> Shiftx4 -> % -> d -> / -> Shift -> % -> d -> , ->  ","#include <stdio.h>

int main( {
    int y,m,d,h1,h;e
    while(scanf(""%d:%d,%d/%d/%1 , &h,&p,&y)&m,&y !=EOF {
        if(h1>=0&&h1<=12 {
            h=h1;",5,5,0,0,持续输入,0,0.0,1.513,0,0,0,0,4,11,10,1,0,持续输入,0,0.0,1.586,0,1,0,1,10,22,18,4,0,持续输入,1,3.957,1.888,0,1,0,1,18,22,18,4,0,持续输入,1,3.957,1.888,0,1,0,1,18,32,27,5,0,持续输入,5,76.45,3.957,0,1,0,4,27,1.502,
1204075-w004,1204075,249,2025-12-29T20:36:37.730500,1461,WA,591.4,353,"Shift -> # -> i -> n -> l -> u -> d -> e -> c ->   -> Shift -> < -> t -> s -> d -> i -> o -> . -> h -> Shift -> > -> Enter -> i -> Enter -> n -> t ->   -> m -> a -> i -> n -> Shift -> ) -> Shift -> ( -> Shift -> { -> Enter -> i -> n -> t ->   -> y -> , -> m -> , -> d -> , -> m -> i -> n -> y -> t -> e -> u -> t -> e -> , -> s -> ; -> Enter -> w -> h -> i -> l -> e -> Shift -> ( -> s -> c -> a -> n -> f -> Shift -> ( -> "" -> h -> p -> Shift -> % -> d -> Shift -> : -> Shift -> % -> d -> , -> Shift -> % -> d -> / -> Shiftx4 -> % -> d -> / -> Shift -> % -> d -> , ->  ","#include <stdio.h>

int main( {
    int y,m,d,h1,h;e
    while(scanf(""%d:%d,%d/%d/%1 , &h,&p,&y)&m,&y !=EOF {
        if(h1>=0&&h1<=12 {
            h=h1;
         else if(h1>=12&&h1<=24 {
            h=(( +12)%24;

        printf(""%d%02d%02d,%02d:%02d",5,4,1,0,持续输入,0,0.0,0.828,0,0,0,0,3,12,9,3,0,持续输入,0,0.0,1.76,0,0,0,0,8,24,19,5,0,持续输入,4,11.06,2.509,0,0,0,0,18,34,28,6,0,持续输入,6,28.655,2.509,0,0,0,0,27,100,82,18,0,持续输入,13,62.231,2.165,0,3,0,5,81,1.747,
1204075-w005,1204075,325,2025-12-29T20:38:21.229000,1461,WA,591.4,353,"h -> p -> Shift -> % -> d -> Shift -> : -> Shift -> % -> d -> , -> Shift -> % -> d -> / -> Shiftx4 -> % -> d -> / -> Shift -> % -> d -> , ->   -> Shift -> & -> h -> , -> & -> Shift -> p -> , -> Shift -> & -> d -> , -> Shift -> & -> m -> , -> & -> y -> Shiftx2 -> ! -> = -> Shift -> E -> O -> F -> Shift -> { -> Enter -> y -> ; -> Shift -> ) -> 1x2 -> , -> h -> i -> f -> Shift -> ( -> h -> 1 -> Shift -> > -> = -> 0 -> Shift -> &x2 -> h -> 1 -> < -> Shift -> = -> 1 -> 2 -> Shift -> Enter -> { -> h -> = -> h -> 1 -> ; -> e -> l -> e ->   -> s -> i -> f -> Shift -> ( -> h -> 1 -> Shift -> > -> =","#include <stdio.h>

int main( {
    int y,m,d,h1,h;e
    while(scanf(""%d:%d,%d/%d/%1 , &h,&p,&y)&m,&y !=EOF {
        if(h1>=0&&h1<=12c{
            h=h1;
         else if(h1>=12&&h1<=24c{
            h=(( +12)%24;

        printf(""%d%02d%02d,%02d:%02d ,y,m,d,h,p ;
        if(v1            {
            printf(""AM  ;
         else if(v              {
            printf(""PM  ;

        return 0;",0,0,0,0,低活动,0,0.0,0.0,0,0,0,0,0,0,0,0,0,低活动,0,0.0,0.0,0,0,0,0,0,28,25,3,1,持续输入,2,5.626,1.517,0,2,1,4,24,57,48,9,4,持续输入,7,25.557,2.082,0,3,4,8,48,94,79,15,4,持续输入,15,66.882,2.745,0,4,4,10,79,13.402,
1322502-w001,1322502,162,2026-01-07T19:10:12.139800,1706,AC,1033.8,599,"# -> Shift -> n -> c -> l -> i -> u -> d -> e -> Shift -> < -> s -> t -> d -> i -> o -> . -> h -> Shift -> > -> Enter -> i -> n -> t ->   -> m -> a -> i -> n -> Shift -> ( -> Shift -> { -> Enter -> i -> n ->   -> t -> i -> n -> t ->   -> n -> , -> ; -> m -> Enter -> h -> i -> w -> l -> e -> Shift -> ( -> s -> c -> a -> n -> f -> Shift -> ( -> Shift -> : -> ""x2 -> Shiftx2 -> % -> d -> "" -> , -> Shift -> & -> n -> . -> Shift -> & -> m ->   -> Shift -> % -> d -> , -> Shift -> ! -> = -> Shift -> E -> O -> F -> Shift -> { -> Enter -> i -> n -> t -> a -> rx2 ->   -> [ -> 1 -> 5","#include<stdio.h>
int main( {int
    int n,m;
    while(scanf(""%d %dn.&m,   !=EOF {
        int arr[105 [105 ;
        for(int i=0;i<n;i++ {
            for(int j=0;j<5;j+  {
",0,0,0,0,低活动,0,0.0,0.0,0,0,0,0,0,0,0,0,0,低活动,0,0.0,0.0,0,0,0,0,0,0,0,0,0,低活动,0,0.0,0.0,0,0,0,0,0,0,0,0,0,低活动,0,0.0,0.0,0,0,0,0,0,62,53,9,0,持续输入,4,15.303,1.46,0,3,0,2,52,84.553,
1322502-w002,1322502,286,2026-01-07T19:13:13.180625,1706,AC,1033.8,599,"t -> i -> n -> t ->   -> n -> , -> ; -> m -> Enter -> h -> i -> w -> l -> e -> Shift -> ( -> s -> c -> a -> n -> f -> Shift -> ( -> Shift -> : -> ""x2 -> Shiftx2 -> % -> d -> "" -> , -> Shift -> & -> n -> . -> Shift -> & -> m ->   -> Shift -> % -> d -> , -> Shift -> ! -> = -> Shift -> E -> O -> F -> Shift -> { -> Enter -> i -> n -> t -> a -> rx2 ->   -> [ -> 1 -> 5 -> 0 -> [ -> 1 -> 0 -> 5 -> ; -> Enter -> f -> o -> r -> Shift -> ( -> i -> n ->   -> t -> i -> = -> 0 -> ; -> i -> Shift -> < -> n -> ; -> i -> Shift -> +x2 -> Shift -> { -> Enter -> o -> r -> f -> Shift -> ( -> i","#include<stdio.h>
int main( {int
    int n,m;
    while(scanf(""%d %dn.&m,   !=EOF {
        int arr[105 [105 ;
        for(int i=0;i<n;i++ {
            for(int j=0;j<5;j+  {
                scanf(""%d ,&arr[i [j  ;


        for(int i=0;i<m;i++ {
            for(int j=0;j<n;j++ {
                printf(""%d  ,arr[i [j  ;

            printf(""\n  ;


    return 0;",0,0,0,0,低活动,0,0.0,0.0,0,0,0,0,0,0,0,0,0,低活动,0,0.0,0.0,0,0,0,0,0,10,10,0,0,持续输入,0,0.0,0.428,0,1,0,1,9,67,57,10,0,持续输入,4,12.801,1.718,0,3,0,5,58,124,105,19,0,持续输入,8,25.894,1.579,0,5,0,8,107,23.363,
1322502-w003,1322502,294,2026-01-07T19:16:14.221450,1706,AC,1033.8,599,"m -> Enter -> h -> i -> w -> l -> e -> Shift -> ( -> s -> c -> a -> n -> f -> Shift -> ( -> Shift -> : -> ""x2 -> Shiftx2 -> % -> d -> "" -> , -> Shift -> & -> n -> . -> Shift -> & -> m ->   -> Shift -> % -> d -> , -> Shift -> ! -> = -> Shift -> E -> O -> F -> Shift -> { -> Enter -> i -> n -> t -> a -> rx2 ->   -> [ -> 1 -> 5 -> 0 -> [ -> 1 -> 0 -> 5 -> ; -> Enter -> f -> o -> r -> Shift -> ( -> i -> n ->   -> t -> i -> = -> 0 -> ; -> i -> Shift -> < -> n -> ; -> i -> Shift -> +x2 -> Shift -> { -> Enter -> o -> r -> f -> Shift -> ( -> i -> n -> t ->   -> j -> = -> 0 -> ; -> j","#include<stdio.h>
int main( {int
    int n,m;
    while(scanf(""%d %dn.&m,   !=EOF {
        int arr[105 [105 ={0};
        for(int i=0;i<n;i++ {
            for(int j=0;j<m;j+  {
                scanf(""%d ,&arr[i [j  ;


        for(int i=0;i<m;i++ {
            for(int j=0;j<n;j++ {
                printf(""%d  ,arr[i [j  ;

            printf(""\n  ;


    return 0;",0,0,0,0,低活动,0,0.0,0.0,0,0,0,0,0,0,0,0,0,低活动,0,0.0,0.0,0,0,0,0,0,0,0,0,0,低活动,0,0.0,0.0,0,0,0,0,0,0,0,0,0,低活动,0,0.0,0.0,0,0,0,0,0,0,0,0,0,低活动,0,0.0,0.0,0,0,0,0,0,164.41,
1322502-w004,1322502,304,2026-01-07T19:19:15.262275,1706,AC,1033.8,599,"c -> a -> n -> f -> Shift -> ( -> Shift -> : -> ""x2 -> Shiftx2 -> % -> d -> "" -> , -> Shift -> & -> n -> . -> Shift -> & -> m ->   -> Shift -> % -> d -> , -> Shift -> ! -> = -> Shift -> E -> O -> F -> Shift -> { -> Enter -> i -> n -> t -> a -> rx2 ->   -> [ -> 1 -> 5 -> 0 -> [ -> 1 -> 0 -> 5 -> ; -> Enter -> f -> o -> r -> Shift -> ( -> i -> n ->   -> t -> i -> = -> 0 -> ; -> i -> Shift -> < -> n -> ; -> i -> Shift -> +x2 -> Shift -> { -> Enter -> o -> r -> f -> Shift -> ( -> i -> n -> t ->   -> j -> = -> 0 -> ; -> j -> Shift -> < -> 5 -> ; -> j -> _ -> Shiftx2 -> +x2 -> j -> Shift","vinclude<stdio.h>
int main( {int
    int n,m;
    while(scanf(""%d %dn.&m,   !=EOF {
        int arr[105 [105 ={0};
        for(int i=0;i<n;i++ {
            for(int j=0;j<m;j+  {
                scanf(""%d ,&arr[i [j  ;


        for(int i=0;i<m;i++ {
            for(int j=m;j<n;j++ {
                printf(""%dn ,arr[i [j  ;

            printf(""\n  ;


    return 0;",0,0,0,0,低活动,0,0.0,0.0,0,0,0,0,0,0,0,0,0,低活动,0,0.0,0.0,0,0,0,0,0,2,1,1,1,剪贴板操作,0,0.0,0.127,0,0,1,0,0,2,1,1,1,剪贴板操作,0,0.0,0.127,0,0,1,0,0,2,1,1,1,剪贴板操作,0,0.0,0.127,0,0,1,0,0,13.944,
1322502-w005,1322502,550,2026-01-07T19:22:16.303100,1706,AC,1033.8,599,"m -> n -> Control -> v -> Shift -> # -> i -> n -> c -> l -> u -> d -> e -> Shift -> < -> s -> t -> d -> o -> i -> . -> h -> Shift -> Enter -> > -> n -> t -> i ->   -> m -> a -> i -> Shift -> ( -> n -> Shift -> { -> i -> Enter -> n -> t ->   -> n -> , -> m -> ; -> Enter -> w -> i -> e -> h -> l -> e -> Shift -> ( -> s -> a -> c -> n -> f -> Shift -> ( -> Shift -> "" -> Shift -> % -> d ->   -> Shift -> % -> d -> , -> Shift -> & -> n -> , -> Shift -> * -> Shift -> & -> m -> Shift -> ! -> = -> Shift -> E -> O -> F -> Shift -> { -> Enter -> f -> o -> r -> Shift -> ( -> i -> n -> t -> i","#include<stdio.h>
int main( {int
    int n,m;
    while(scanf(""%d %dn,&n,&m !=EOF {\
        int arr[105;[105i={0};
        for(for(int j=0;j<m;j++ {
            for(scanf(""%d<,&arr {
                scanf(""%d ,&arr[i [j  ;


        for(int i=0;i<m;i++_{
            for(int j=0;j<n;j++ {
                printf(""%dn ,arr[i [j  ;

            printf(""\n  ;


    return 0;",3,2,1,0,持续输入,0,0.0,0.186,0,1,0,0,1,19,16,3,0,持续输入,1,2.446,0.435,0,1,0,0,15,42,35,7,0,持续输入,4,10.998,1.49,0,2,0,1,31,65,56,9,0,持续输入,8,40.75,2.224,0,3,0,5,52,159,134,25,0,持续输入,11,48.902,1.565,0,6,0,9,130,3.618,
1461898-w001,1461898,59,2026-05-26T00:08:01.741999999,1184,AC,575.6,247,Controlx4 -> c -> Enter -> Control -> v -> Enter -> Control -> v -> Enter -> Control -> v -> Enter -> Control -> Enter -> Control -> v -> Enter -> v -> Control -> Enter -> Control -> vx2 -> Enter -> Control -> v -> Controlx7 -> v -> Enter -> v -> Enter -> Controlx2 -> v -> Enter -> Control -> v -> Enter -> Control -> v -> Enter -> Control -> v -> Enter -> v -> Enter -> Controlx2 -> v -> Control -> v,"

























































c




v   v          v




v   v




v   v




v   v




v   v




v   v




v   v




v   v",2,1,1,1,剪贴板操作,0,0.0,0.078,0,0,1,0,0,2,1,1,1,剪贴板操作,0,0.0,0.078,0,0,1,0,0,7,4,3,2,持续输入,1,28.449,14.369,0,1,3,4,3,57,33,24,18,剪贴板操作,3,33.094,1.402,0,15,24,41,37,60,33,27,18,剪贴板操作,6,96.555,1.995,0,15,27,44,37,0.395,
1461898-w002,1461898,81,2026-05-26T00:09:42.552499999,1184,AC,575.6,247,Controlx4 -> c -> Enter -> Control -> v -> Enter -> Control -> v -> Enter -> Control -> v -> Enter -> Control -> Enter -> Control -> v -> Enter -> v -> Control -> Enter -> Control -> vx2 -> Enter -> Control -> v -> Controlx7 -> v -> Enter -> v -> Enter -> Controlx2 -> v -> Enter -> Control -> v -> Enter -> Control -> v -> Enter -> Control -> v -> Enter -> v -> Enter -> Controlx2 -> v -> Control -> v -> Control -> v -> Control -> v -> Control -> vx2 -> Controlx2 -> v -> Control -> v -> Control -> c -> Enter -> Control -> v -> Enter -> Control -> v -> Control -> v,"

























































c




v   v          v




v   v          v




v   v          v




v   v          v




v   v          v




v   v




v   v          v




c   v          v




v              v




v",0,0,0,0,低活动,0,0.0,0.0,0,0,0,0,0,2,1,1,1,剪贴板操作,0,0.0,0.096,0,0,1,0,0,12,7,5,5,剪贴板操作,2,12.691,2.028,0,2,5,5,6,18,10,8,7,持续输入,5,44.781,9.623,0,2,8,8,6,24,13,11,10,持续输入,8,87.615,10.493,0,2,11,11,6,8.595,
1461898-w003,1461898,150,2026-05-26T00:11:23.363000,1184,AC,575.6,247,Controlx4 -> c -> Enter -> Control -> v -> Enter -> Control -> v -> Enter -> Control -> v -> Enter -> Control -> Enter -> Control -> v -> Enter -> v -> Control -> Enter -> Control -> vx2 -> Enter -> Control -> v -> Controlx7 -> v -> Enter -> v -> Enter -> Controlx2 -> v -> Enter -> Control -> v -> Enter -> Control -> v -> Enter -> Control -> v -> Enter -> v -> Enter -> Controlx2 -> v -> Control -> v -> Control -> v -> Control -> v -> Control -> vx2 -> Controlx2 -> v -> Control -> v -> Control -> c -> Enter -> Control -> v -> Enter -> Control -> v -> Control -> v -> Control -> v -> Control -> c -> Control -> Enterx3 -> Control -> v -> Control -> Enterx2 -> Shift ->   -> Shiftx2 -> ( -> Shift -> { -> Enter -> i -> f -> Shift -> ( ->   -> c -> o -> u -> t ->   -> Shift -> <x2 -> ; -> Enter -> Control,"c

























































c




v   v          v




v   v          v




v   v          v




v   v          v




v   v          v




v   v




v   v          v




c   v          v




v              v




v              v















































v


        ( {
    cf(  cout <<;
    v
    v
    v
    v
    v
    v
    v
    v
    v
    v",14,9,5,4,剪贴板操作,0,0.0,0.305,0,5,5,10,8,33,22,11,11,剪贴板操作,0,0.0,0.304,0,11,11,20,21,57,40,17,11,持续输入,3,10.135,1.336,0,14,11,22,40,67,46,21,12,持续输入,7,20.04,1.991,0,18,15,30,43,71,48,23,14,持续输入,9,88.279,2.317,0,18,17,32,44,1.526,
1461898-w004,1461898,202,2026-05-26T00:13:04.173499999,1184,AC,575.6,247,Controlx4 -> c -> Enter -> Control -> v -> Enter -> Control -> v -> Enter -> Control -> v -> Enter -> Control -> Enter -> Control -> v -> Enter -> v -> Control -> Enter -> Control -> vx2 -> Enter -> Control -> v -> Controlx7 -> v -> Enter -> v -> Enter -> Controlx2 -> v -> Enter -> Control -> v -> Enter -> Control -> v -> Enter -> Control -> v -> Enter -> v -> Enter -> Controlx2 -> v -> Control -> v -> Control -> v -> Control -> v -> Control -> vx2 -> Controlx2 -> v -> Control -> v -> Control -> c -> Enter -> Control -> v -> Enter -> Control -> v -> Control -> v -> Control -> v -> Control -> c -> Control -> Enterx3 -> Control -> v -> Control -> Enterx2 -> Shift ->   -> Shiftx2 -> ( -> Shift -> { -> Enter -> i -> f -> Shift -> ( ->   -> c -> o -> u -> t ->   -> Shift -> <x2 -> ; -> Enter -> Control,"c



c





















































c




v   v          v




v   v          v




v   v          v




v   v          v




v   v          v




v   v




v   v          v




c   v          v




v              v




v              v















































v


        ( {
    vf(  cout <<;
    v
    v
    v           test
    v
    v
    v          test
    v
    v
    v  te  [0  == v  c
    v  v          v
       v             v
       v             v
       v
       v
       v
       v
       v
       v
       v",2,1,1,1,剪贴板操作,0,0.0,0.261,0,0,1,0,0,2,1,1,1,剪贴板操作,0,0.0,0.261,0,0,1,0,0,14,7,7,6,修饰键占多数,3,25.247,8.326,0,0,7,6,2,42,27,15,14,持续输入,8,43.543,3.222,0,0,15,14,16,96,66,30,27,持续输入,14,89.408,2.793,0,13,29,39,57,0.993,
1461898-w005,1461898,232,2026-05-26T00:14:44.983999999,1184,AC,575.6,247,Controlx4 -> c -> Enter -> Control -> v -> Enter -> Control -> v -> Enter -> Control -> v -> Enter -> Control -> Enter -> Control -> v -> Enter -> v -> Control -> Enter -> Control -> vx2 -> Enter -> Control -> v -> Controlx7 -> v -> Enter -> v -> Enter -> Controlx2 -> v -> Enter -> Control -> v -> Enter -> Control -> v -> Enter -> Control -> v -> Enter -> v -> Enter -> Controlx2 -> v -> Control -> v -> Control -> v -> Control -> v -> Control -> vx2 -> Controlx2 -> v -> Control -> v -> Control -> c -> Enter -> Control -> v -> Enter -> Control -> v -> Control -> v -> Control -> v -> Control -> c -> Control -> Enterx3 -> Control -> v -> Control -> Enterx2 -> Shift ->   -> Shiftx2 -> ( -> Shift -> { -> Enter -> i -> f -> Shift -> ( ->   -> c -> o -> u -> t ->   -> Shift -> <x2 -> ; -> Enter -> Control,"c



c





















































c




v   v          v




v   v          v




v   v          v




v   v          v




v   v          v




v   v




v   v          v




c   v          v




v              v




v              v















































v


        ( {
    vf(  cout <<;
    v
    v
    v           test
    v
    v
    v          test
    v
    v
    v  te  [0  == v  c
    v  v          v             v
       v             v         v
       v             v         v
       v          v
       v          v
       v          v
       v          v
       v          v
       v          v
       v",0,0,0,0,低活动,0,0.0,0.0,0,0,0,0,0,2,1,1,1,剪贴板操作,0,0.0,0.083,0,0,1,0,0,6,3,3,3,剪贴板操作,2,16.849,8.497,0,0,3,2,1,20,15,5,5,持续输入,4,46.227,8.331,0,0,5,13,5,35,23,12,11,持续输入,12,106.692,8.7,0,0,12,21,7,5.255,
1262853-w001,1262853,156,2026-01-04T20:19:58.787200,1900,AC,1574.6,403,Controlx141 -> Shiftx2 -> # -> i -> n -> c -> l -> u -> d -> e -> d -> Altx5,#included,0,0,0,0,低活动,0,0.0,0.0,0,0,0,0,0,0,0,0,0,低活动,0,0.0,0.0,0,0,0,0,0,0,0,0,0,低活动,0,0.0,0.0,0,0,0,0,0,1,0,1,0,修饰键占多数,0,0.0,0.0,0,0,0,0,0,2,0,2,0,修饰键占多数,1,72.49,72.49,0,0,0,0,0,32.95,
1262853-w002,1262853,156,2026-01-04T20:24:34.346750,1900,AC,1574.6,403,Controlx141 -> Shiftx2 -> # -> i -> n -> c -> l -> u -> d -> e -> d -> Altx5,#included,0,0,0,0,低活动,0,0.0,0.0,0,0,0,0,0,0,0,0,0,低活动,0,0.0,0.0,0,0,0,0,0,0,0,0,0,低活动,0,0.0,0.0,0,0,0,0,0,0,0,0,0,低活动,0,0.0,0.0,0,0,0,0,0,0,0,0,0,低活动,0,0.0,0.0,0,0,0,0,0,308.51,
1262853-w003,1262853,157,2026-01-04T20:29:09.906299999,1900,AC,1574.6,403,Controlx141 -> Shiftx2 -> # -> i -> n -> c -> l -> u -> d -> e -> d -> Altx5 -> Control,#included,1,0,1,0,修饰键占多数,0,0.0,0.0,0,0,1,0,0,1,0,1,0,修饰键占多数,0,0.0,0.0,0,0,1,0,0,1,0,1,0,修饰键占多数,0,0.0,0.0,0,0,1,0,0,1,0,1,0,修饰键占多数,0,0.0,0.0,0,0,1,0,0,1,0,1,0,修饰键占多数,0,0.0,0.0,0,0,1,0,0,1.089,
1262853-w004,1262853,259,2026-01-04T20:33:45.465850,1900,AC,1574.6,403,"Controlx131 -> Shiftx2 -> # -> i -> n -> c -> l -> u -> d -> e -> d -> Altx5 -> Controlx61 -> v -> p -> Enter -> i -> n -> t -> r -> f -> Shift -> ( -> Shift -> "" -> CapsLockx16 -> \ -> n -> ; -> Controlx2 -> c -> Control -> c -> Alt -> i -> n -> t ->   -> Backspace","vincluded













  printf(""\n  ;



          int




















 c",0,0,0,0,低活动,0,0.0,0.0,0,0,0,0,0,0,0,0,0,低活动,0,0.0,0.0,0,0,0,0,0,1,1,0,0,低活动,0,0.0,0.0,1,0,0,0,0,5,5,0,0,持续输入,1,20.161,14.303,1,0,0,0,4,5,5,0,0,持续输入,1,20.161,14.303,1,0,0,0,4,12.681,
1262853-w005,1262853,351,2026-01-04T20:38:21.025400,1900,AC,1574.6,403,"Controlx39 -> Shiftx2 -> # -> i -> n -> c -> l -> u -> d -> e -> d -> Altx5 -> Controlx61 -> v -> p -> Enter -> i -> n -> t -> r -> f -> Shift -> ( -> Shift -> "" -> CapsLockx16 -> \ -> n -> ; -> Controlx2 -> c -> Control -> c -> Alt -> i -> n -> t ->   -> Backspace -> i -> t ->   -> n -> g ->   -> = -> y -> 2 -> - -> 0 -> g -> < -> Shift ->  x7 -> i -> n ->   -> t -> CapsLock -> Q -> CapsLock -> l -> ; -> Enter -> q -> CapsLock -> Q ->   -> = -> CapsLock ->   -> y ->   -> - -> 2 -> ; -> q -> CapsLock -> Q -> Shiftx3 -> +x2 -> Altx3 -> i -> n -> t ->   -> q -> g -> ; ->   -> g -> Shift -> < -> y -> ; -> g -> Shiftx3 -> +x2 -> n -> t","vincluded








       int Q;
       Q = y -2;
      int g=0<y;g++


  printf(""\n  ;


          int g =0-g<
          int       Q  ++








      int g;g<y;g++











 c",2,2,0,0,持续输入,0,0.0,1.281,0,0,0,0,1,2,2,0,0,持续输入,0,0.0,1.281,0,0,0,0,1,2,2,0,0,持续输入,0,0.0,1.281,0,0,0,0,1,24,18,6,0,持续输入,2,51.562,1.242,0,0,0,1,16,40,31,9,0,持续输入,6,76.933,5.692,0,0,0,2,28,0.098,
1095283-w001,1095283,152,2025-12-19T21:39:19.417200,1509,AC,933.5,532,Shift -> # -> i -> n -> c -> l -> e ->   -> d -> ux2 -> d -> e ->   -> < -> s -> Shift -> t -> d -> i -> o -> . -> h -> Shift -> > -> Enter -> i -> t ->   -> m -> a -> i -> nx2 -> Shift -> ( -> [ -> Shift -> Enterx2 -> Shift -> { -> Enterx3 -> r -> t -> e -> u -> r -> n ->   -> c -> 0 -> ; -> ' -> r -> e -> t -> u -> r -> n ->   -> 0 -> ; -> i -> n -> t ->   -> Enter -> # -> Shift -> i -> c -> l -> d -> y -> u -> n -> e -> u -> d -> e ->   -> Shift -> < -> s -> t -> r -> i -> g -> n -> . -> h -> Shift -> > -> h -> a -> r -> c ->   -> s -> [ -> 1 -> 0x2,"#include <[tdio.h>
#include <string.h>
{
    int
    char s[100 ;
    while(scanf(""%s ,s !=EOF {

",12,8,4,0,持续输入,0,0.0,0.695,0,2,0,1,8,23,16,7,0,持续输入,0,0.0,1.229,0,2,0,1,15,57,48,9,0,持续输入,2,6.873,1.333,0,3,0,2,46,84,72,12,0,持续输入,4,11.412,1.339,0,4,0,4,70,84,72,12,0,持续输入,4,11.412,1.339,0,4,0,4,70,0.207,
1095283-w002,1095283,272,2025-12-19T21:42:02.785999999,1509,AC,933.5,532,Shift -> > -> Enter -> i -> t ->   -> m -> a -> i -> nx2 -> Shift -> ( -> [ -> Shift -> Enterx2 -> Shift -> { -> Enterx3 -> r -> t -> e -> u -> r -> n ->   -> c -> 0 -> ; -> ' -> r -> e -> t -> u -> r -> n ->   -> 0 -> ; -> i -> n -> t ->   -> Enter -> # -> Shift -> i -> c -> l -> d -> y -> u -> n -> e -> u -> d -> e ->   -> Shift -> < -> s -> t -> r -> i -> g -> n -> . -> h -> Shift -> > -> h -> a -> r -> c ->   -> s -> [ -> 1 -> 0x2 -> ; -> Enter -> h -> w -> i -> k -> w -> g -> h -> w -> h -> i -> l -> e -> 9 -> a -> Shift -> I -> Shift -> ( -> s -> c,"#include <[tdio.h>
#include <string.h>
{
    int
    char s[100 ;
    while(scanf(""%s ,s !=EOF {
        int flag=1;
        int len=en(;i<(si;+
                      len     {
            if(s[i !=s[len-1-i  {
                flag=0;
                break;",0,0,0,0,低活动,0,0.0,0.0,0,0,0,0,0,0,0,0,0,低活动,0,0.0,0.0,0,0,0,0,0,0,0,0,0,低活动,0,0.0,0.0,0,0,0,0,0,0,0,0,0,低活动,0,0.0,0.0,0,0,0,0,0,77,70,7,0,持续输入,11,30.708,2.103,0,4,1,5,65,65.628,
1095283-w003,1095283,331,2025-12-19T21:44:46.154800,1509,AC,933.5,532,"e ->   -> Shift -> < -> s -> t -> r -> i -> g -> n -> . -> h -> Shift -> > -> h -> a -> r -> c ->   -> s -> [ -> 1 -> 0x2 -> ; -> Enter -> h -> w -> i -> k -> w -> g -> h -> w -> h -> i -> l -> e -> 9 -> a -> Shift -> I -> Shift -> ( -> s -> c -> a -> n -> Shift -> ( -> f -> Shift -> "" -> Shift -> % -> d -> s -> , -> s -> Shift -> ! -> = -> CapsLock -> E -> O -> F -> CapsLock -> Shift -> { -> Enterx2 -> f -> o -> r -> Shift -> ( -> n -> t ->   -> i -> Enter -> i -> t ->   -> f -> i -> nx2 -> d -> = -> 0 -> f -> l -> a -> g -> = -> 1 -> ; -> i -> = -> 0 -> ; -> i","#include <[tdio.h>
#include <string.h>
{
    int
    char s[100 ;
    while(scanf(""%s ,s !=EOF {
        int flag=1;
        int len=en(;i<(si;+
                      len     {
            if(s[i !=s[len-1-i  {
                flag=0;
                break;

         if(flag==1 {
            char cnt[256 ;

         else{
            printf(""N0\n  ;",5,5,0,0,持续输入,0,0.0,0.827,0,1,0,0,4,9,9,0,0,持续输入,0,0.0,1.18,0,1,0,0,8,15,15,0,0,持续输入,2,20.909,5.017,0,1,0,1,14,55,47,8,0,持续输入,7,35.759,2.369,0,4,0,4,45,59,50,9,0,持续输入,7,35.759,2.221,0,4,0,4,48,2.015,
1095283-w004,1095283,442,2025-12-19T21:47:29.523600,1509,AC,933.5,532,Shift -> +x2 -> Enter -> i -> n -> t ->   -> s -> t -> r -> l -> e -> n -> Shift -> ( -> Control -> l -> e -> n -> = -> Shift -> ( -> s -> ; -> l -> e -> n -> Shift -> { -> Enter -> i -> f -> Shift -> ( -> s -> [ -> o -> 9 -> i -> Shift -> ! -> = -> s -> [ -> ; -> l -> e -> n -> - -> 1 -> - -> i -> Shift -> { -> Enter -> i -> n -> d -> = -> f -> 0 -> ; -> f -> l -> a -> s -> gx2 -> = -> 0 -> ; -> Enter -> b -> r -> e -> a -> l -> k -> ; -> f -> i -> Shift -> ( -> f -> l -> a -> g -> =x2 -> 1 -> Shift -> { -> Enterx2 -> e -> l -> ; -> s -> e -> s -> e -> { -> Shift,"#include <[tdio.h>
#include <string.h>
{
    int
    char s[100 ;
    while(scanf(""%s ,s !=EOF {
        int flag=1;
        int len=en(;i<(si;+
                      len     {
            if(s[i !=s[len-1-i  {
                flag=0;
                break;

         if(flag==1 {
            char cnt[256 ={0}
            int cnt=0;0;i<(en+1 /2;i++ {
         else{  cnt[s[i  ++;
            printf(""N0\n  ;
             for(int i=0;i<256;i++ {
                if(",12,9,3,0,持续输入,0,0.0,0.971,0,1,0,1,8,15,12,3,0,持续输入,0,0.0,0.942,0,1,0,1,11,33,27,6,0,持续输入,1,4.442,1.14,0,1,1,1,27,53,46,7,0,持续输入,5,39.247,1.422,0,3,1,4,46,93,75,18,0,持续输入,14,86.506,2.409,0,4,4,7,75,1.145,
1095283-w005,1095283,516,2025-12-19T21:50:12.892399999,1509,AC,933.5,532,"r -> e -> a -> l -> k -> ; -> f -> i -> Shift -> ( -> f -> l -> a -> g -> =x2 -> 1 -> Shift -> { -> Enterx2 -> e -> l -> ; -> s -> e -> s -> e -> { -> Shift -> Enter -> p -> r -> n -> t -> f -> i -> Shift -> ( -> Shift -> "" -> CapsLock -> N -> 0 -> Shift -> \ -> CapsLock -> Shift -> , -> n -> ; -> c -> h -> a -> r ->   -> c -> n -> t -> [ -> 5 -> 6 -> 2 -> ; -> Enter -> f -> o -> r -> Shift -> ( -> n ->   -> t -> i ->   -> t -> i -> = -> 0 -> ; -> Shift -> < -> i -> e -> n -> l -> Shift -> + -> 1 -> Controlx3 -> Shift -> ( -> Shift -> ) -> / -> 2 -> ; -> i -> Shift -> +x2 -> Shift -> {","#include <[tdio.h>
#include <string.h>
{
    int
    char s[100 ;
    while(scanf(""%s ,s !=EOF {
        int flag=1;
        int len=en(;i<(si;+
                      len     {
            if(s[i !=s[len-1-i  {
                flag=0;
                break;

         if(flag==1 {
            char cnt[256 ={0}
            int count;0;i<(en+1 /2;i++ {
         else{  cnt[s[i  ++;    )
            printf(""N0\n  ;
             for(int i=0;i<256;i++ {
                if(cnt[i ==1 count;

            printf(""YES %d\n ,count",0,0,0,0,低活动,0,0.0,0.0,0,0,0,0,0,0,0,0,0,低活动,0,0.0,0.0,0,0,0,0,0,0,0,0,0,低活动,0,0.0,0.0,0,0,0,0,0,2,1,1,0,修饰键占多数,0,0.0,0.081,0,0,0,0,0,19,18,1,0,持续输入,5,71.627,10.553,0,0,0,4,17,45.206,
1266095-w001,1266095,83,2026-01-05T09:55:06.653600,1518,AC,233.4,247,"Shift -> # -> Shift -> # -> i -> n -> c -> l -> u -> d -> e -> Shift -> < -> s -> t -> d -> i -> o -> . -> h -> > -> Enter -> Shift -> Enter -> i -> n -> t ->   -> m -> a -> i -> n -> Shift -> ( -> v -> o -> i -> d -> Shift -> Enterx2 -> { -> r -> e -> t -> r -> u -> n ->   -> ; -> 0 -> i -> n -> t ->   -> n -> ; -> Enter -> w -> h -> i -> l -> e -> Shift -> ( -> s -> a -> n -> f -> c -> Shift -> ( -> : -> % -> d -> Shift -> "" -> % -> d -> , -> Shift -> & -> n -> Shift","#include<stdio.h>

int main(void {
    int n;
    while(scanf(""%d ,&n",5,3,2,0,持续输入,0,0.0,1.182,0,0,0,0,3,7,5,2,0,持续输入,2,5.506,2.753,0,0,0,0,5,46,40,6,0,持续输入,5,13.013,1.807,0,3,0,5,41,84,73,11,0,持续输入,6,18.171,1.052,0,5,0,7,73,84,73,11,0,持续输入,6,18.171,1.052,0,5,0,7,73,0.751,
1266095-w002,1266095,106,2026-01-05T09:55:47.491250,1518,AC,233.4,247,"Shift -> # -> Shift -> # -> i -> n -> c -> l -> u -> d -> e -> Shift -> < -> s -> t -> d -> i -> o -> . -> h -> > -> Enter -> Shift -> Enter -> i -> n -> t ->   -> m -> a -> i -> n -> Shift -> ( -> v -> o -> i -> d -> Shift -> Enterx2 -> { -> r -> e -> t -> r -> u -> n ->   -> ; -> 0 -> i -> n -> t ->   -> n -> ; -> Enter -> w -> h -> i -> l -> e -> Shift -> ( -> s -> a -> n -> f -> c -> Shift -> ( -> : -> % -> d -> Shift -> "" -> % -> d -> , -> Shift -> & -> n -> Shift -> = -> ! -> CapsLock -> E -> O -> F -> CapsLock -> Shift -> { -> Enterx2 -> i -> n -> t ->   -> s -> h -> u","#include<stdio.h>

int main(void {
    int n;
    int shulie[n""%d ,&n !=EOF {
",11,11,0,0,持续输入,0,0.0,0.933,0,0,0,0,10,12,12,0,0,持续输入,0,0.0,0.913,0,0,0,0,11,13,13,0,0,持续输入,1,16.208,1.094,0,1,0,1,12,45,37,8,0,持续输入,6,43.086,2.222,0,2,0,2,38,107,93,14,0,持续输入,8,50.728,1.08,0,7,0,9,94,0.181,
1266095-w003,1266095,153,2026-01-05T09:56:28.328900,1518,AC,233.4,247,"Shift -> # -> Shift -> # -> i -> n -> c -> l -> u -> d -> e -> Shift -> < -> s -> t -> d -> i -> o -> . -> h -> > -> Enter -> Shift -> Enter -> i -> n -> t ->   -> m -> a -> i -> n -> Shift -> ( -> v -> o -> i -> d -> Shift -> Enterx2 -> { -> r -> e -> t -> r -> u -> n ->   -> ; -> 0 -> i -> n -> t ->   -> n -> ; -> Enter -> w -> h -> i -> l -> e -> Shift -> ( -> s -> a -> n -> f -> c -> Shift -> ( -> : -> % -> d -> Shift -> "" -> % -> d -> , -> Shift -> & -> n -> Shift -> = -> ! -> CapsLock -> E -> O -> F -> CapsLock -> Shift -> { -> Enterx2 -> i -> n -> t ->   -> s -> h -> u","#include<stdio.h>

int main(void {
    int n;
    int shulie[n"";d ,&n !=EOF {

        for(int i=0;i<n;i++ {
            s    (""%d ,&sh    [i  ;

",1,1,0,0,低活动,0,0.0,0.0,0,1,0,0,0,2,2,0,0,持续输入,1,3.74,3.74,0,1,0,1,1,34,23,11,0,持续输入,2,5.889,1.695,0,2,0,2,22,59,47,12,0,持续输入,3,12.468,1.386,0,2,0,3,46,143,119,24,0,持续输入,10,58.038,1.234,0,9,0,12,121,4.641,
1266095-w004,1266095,195,2026-01-05T09:57:09.166550,1518,AC,233.4,247,"Shift -> # -> Shift -> # -> i -> n -> c -> l -> u -> d -> e -> Shift -> < -> s -> t -> d -> i -> o -> . -> h -> > -> Enter -> Shift -> Enter -> i -> n -> t ->   -> m -> a -> i -> n -> Shift -> ( -> v -> o -> i -> d -> Shift -> Enterx2 -> { -> r -> e -> t -> r -> u -> n ->   -> ; -> 0 -> i -> n -> t ->   -> n -> ; -> Enter -> w -> h -> i -> l -> e -> Shift -> ( -> s -> a -> n -> f -> c -> Shift -> ( -> : -> % -> d -> Shift -> "" -> % -> d -> , -> Shift -> & -> n -> Shift -> = -> ! -> CapsLock -> E -> O -> F -> CapsLock -> Shift -> { -> Enterx2 -> i -> n -> t ->   -> s -> h -> u","#include<stdio.h>

int main(void {
    int n;
    int shulie[n"";d ,&n !=EOF {

        for(int i=0;i<n;i++ {
            s    (""%d ,&sh    [i  ;

        if(n%2==1&&s     [0 %2==0&&s     [n-1 %2==0 {
            p",4,3,1,0,持续输入,1,3.363,2.894,0,1,0,1,2,10,8,2,0,持续输入,1,3.363,1.675,0,1,0,1,7,28,24,4,0,持续输入,4,12.319,2.183,0,1,0,1,23,54,46,8,0,持续输入,7,24.632,2.163,0,2,0,3,45,105,85,20,0,持续输入,10,63.768,1.89,0,5,0,7,84,0.014,
1266095-w005,1266095,244,2026-01-05T09:57:50.004200,1518,AC,233.4,247,"Shift -> # -> Shift -> # -> i -> n -> c -> l -> u -> d -> e -> Shift -> < -> s -> t -> d -> i -> o -> . -> h -> > -> Enter -> Shift -> Enter -> i -> n -> t ->   -> m -> a -> i -> n -> Shift -> ( -> v -> o -> i -> d -> Shift -> Enterx2 -> { -> r -> e -> t -> r -> u -> n ->   -> ; -> 0 -> i -> n -> t ->   -> n -> ; -> Enter -> w -> h -> i -> l -> e -> Shift -> ( -> s -> a -> n -> f -> c -> Shift -> ( -> : -> % -> d -> Shift -> "" -> % -> d -> , -> Shift -> & -> n -> Shift -> = -> ! -> CapsLock -> E -> O -> F -> CapsLock -> Shift -> { -> Enterx2 -> i -> n -> t ->   -> s -> h -> u","#include<stdio.h>

int main(void {
    int n;
    int shulie[n"";d ,&n !=EOF {

        for(int i=0;i<n;i++ {
            s    (""%d ,&sh    [i  ;

        if(n%2==1&&s     [0 %2==0&&s     [n-1 %2==0 {
            printf(""Yds\n  ;
         else{
            pr    (""No\n  ;",4,4,0,0,持续输入,0,0.0,1.91,0,0,0,0,3,10,7,3,0,持续输入,0,0.0,1.816,0,0,0,0,8,28,20,8,0,持续输入,7,16.753,2.488,0,1,0,2,22,70,47,23,0,持续输入,13,31.078,2.186,0,2,0,3,50,137,98,39,0,持续输入,17,47.973,2.04,0,4,0,6,100,0.6,
1257843-w001,1257843,57,2026-01-04T17:20:56.166600,1006,AC,468.5,143,Shift -> # -> i -> n -> c -> l -> u -> d -> e ->   -> CapsLock -> Shift -> CapsLock -> Shiftx11 -> < -> Shift -> s -> t -> d -> o -> . -> h -> i -> Shift -> < -> Shift -> > -> Enterx2 -> i -> n ->   -> m -> a -> t -> i -> n -> Shiftx6 -> ( -> Enter -> Shift -> { -> Enter,"#include <stdio.h>

int main(
{
",0,0,0,0,低活动,0,0.0,0.0,0,0,0,0,0,0,0,0,0,低活动,0,0.0,0.0,0,0,0,0,0,0,0,0,0,低活动,0,0.0,0.0,0,0,0,0,0,20,13,7,0,持续输入,0,0.0,0.864,0,3,0,2,11,58,33,25,0,持续输入,1,25.503,0.773,0,4,0,3,30,49.953,
1257843-w002,1257843,112,2026-01-04T17:22:18.147625,1006,AC,468.5,143,"Shift -> # -> i -> n -> c -> l -> u -> d -> e ->   -> CapsLock -> Shift -> CapsLock -> Shiftx11 -> < -> Shift -> s -> t -> d -> o -> . -> h -> i -> Shift -> < -> Shift -> > -> Enterx2 -> i -> n ->   -> m -> a -> t -> i -> n -> Shiftx6 -> ( -> Enter -> Shift -> { -> Enter -> i -> n -> t ->   -> n -> ; -> Enter -> w -> h -> l -> e -> i -> Shift -> ( -> s -> a -> n -> c -> f -> Shift -> ( -> Shift -> "" -> Shift -> d -> % -> , -> Shiftx12 -> & -> n -> Shiftx2 -> ! -> = -> Shift -> E -> O -> F -> Shiftx2 -> Enter -> Shift -> { -> Enter","#include <stdio.h>

int main(
{
    int n;
    while(scanf(""%d ,&n !=EOF
    {
",0,0,0,0,低活动,0,0.0,0.0,0,0,0,0,0,0,0,0,0,低活动,0,0.0,0.0,0,0,0,0,0,48,26,22,0,持续输入,0,0.0,0.746,0,2,0,1,26,55,33,22,0,持续输入,2,13.115,0.766,0,3,0,2,33,55,33,22,0,持续输入,2,13.115,0.766,0,3,0,2,33,12.31,
1257843-w003,1257843,112,2026-01-04T17:23:40.128650,1006,AC,468.5,143,"Shift -> # -> i -> n -> c -> l -> u -> d -> e ->   -> CapsLock -> Shift -> CapsLock -> Shiftx11 -> < -> Shift -> s -> t -> d -> o -> . -> h -> i -> Shift -> < -> Shift -> > -> Enterx2 -> i -> n ->   -> m -> a -> t -> i -> n -> Shiftx6 -> ( -> Enter -> Shift -> { -> Enter -> i -> n -> t ->   -> n -> ; -> Enter -> w -> h -> l -> e -> i -> Shift -> ( -> s -> a -> n -> c -> f -> Shift -> ( -> Shift -> "" -> Shift -> d -> % -> , -> Shiftx12 -> & -> n -> Shiftx2 -> ! -> = -> Shift -> E -> O -> F -> Shiftx2 -> Enter -> Shift -> { -> Enter","#include <stdio.h>

int main(
{
    int n;
    while(scanf(""%d ,&n !=EOF
    {
",0,0,0,0,低活动,0,0.0,0.0,0,0,0,0,0,0,0,0,0,低活动,0,0.0,0.0,0,0,0,0,0,0,0,0,0,低活动,0,0.0,0.0,0,0,0,0,0,0,0,0,0,低活动,0,0.0,0.0,0,0,0,0,0,50,28,22,0,持续输入,1,9.236,0.765,0,3,0,2,28,94.291,
1257843-w004,1257843,141,2026-01-04T17:25:02.109675,1006,AC,468.5,143,"Shift -> # -> i -> n -> c -> l -> u -> d -> e ->   -> CapsLock -> Shift -> CapsLock -> Shiftx11 -> < -> Shift -> s -> t -> d -> o -> . -> h -> i -> Shift -> < -> Shift -> > -> Enterx2 -> i -> n ->   -> m -> a -> t -> i -> n -> Shiftx6 -> ( -> Enter -> Shift -> { -> Enter -> i -> n -> t ->   -> n -> ; -> Enter -> w -> h -> l -> e -> i -> Shift -> ( -> s -> a -> n -> c -> f -> Shift -> ( -> Shift -> "" -> Shift -> d -> % -> , -> Shiftx12 -> & -> n -> Shiftx2 -> ! -> = -> Shift -> E -> O -> F -> Shiftx2 -> Enter -> Shift -> { -> Enter -> r -> i -> n -> t -> f -> p -> Shift -> ( -> Shift -> "" -> Shift -> % -> x -> \ -> n -> b","#include <stdio.h>

int main(
{
    int n;
    while(scanf(""%d ,&n !=EOF
    {
        printf(""%x\nb,n ;

    return 0;",0,0,0,0,低活动,0,0.0,0.0,0,0,0,0,0,0,0,0,0,低活动,0,0.0,0.0,0,0,0,0,0,11,11,0,0,持续输入,0,0.0,0.923,0,1,0,2,10,29,26,3,0,持续输入,3,9.66,1.953,0,1,0,2,25,29,26,3,0,持续输入,3,9.66,1.953,0,1,0,2,25,24.963,
1257843-w005,1257843,141,2026-01-04T17:26:24.090700,1006,AC,468.5,143,"Shift -> # -> i -> n -> c -> l -> u -> d -> e ->   -> CapsLock -> Shift -> CapsLock -> Shiftx11 -> < -> Shift -> s -> t -> d -> o -> . -> h -> i -> Shift -> < -> Shift -> > -> Enterx2 -> i -> n ->   -> m -> a -> t -> i -> n -> Shiftx6 -> ( -> Enter -> Shift -> { -> Enter -> i -> n -> t ->   -> n -> ; -> Enter -> w -> h -> l -> e -> i -> Shift -> ( -> s -> a -> n -> c -> f -> Shift -> ( -> Shift -> "" -> Shift -> d -> % -> , -> Shiftx12 -> & -> n -> Shiftx2 -> ! -> = -> Shift -> E -> O -> F -> Shiftx2 -> Enter -> Shift -> { -> Enter -> r -> i -> n -> t -> f -> p -> Shift -> ( -> Shift -> "" -> Shift -> % -> x -> \ -> n -> b","#include <stdio.h>

int main(
{
    int n;
    while(scanf(""%d ,&n !=EOF
    {
        printf(""%x\nb,n ;

    return 0;",0,0,0,0,低活动,0,0.0,0.0,0,0,0,0,0,0,0,0,0,低活动,0,0.0,0.0,0,0,0,0,0,0,0,0,0,低活动,0,0.0,0.0,0,0,0,0,0,0,0,0,0,低活动,0,0.0,0.0,0,0,0,0,0,15,15,0,0,持续输入,2,6.871,2.667,0,1,0,2,14,106.944,
1128484-w001,1128484,10,2025-12-23T18:24:11.854200,1034,AC,716.8,32,j -> k -> l -> ; -> a -> s -> f -> d -> Insertx3,jkl;asfd,0,0,0,0,低活动,0,0.0,0.0,0,0,0,0,0,0,0,0,0,低活动,0,0.0,0.0,0,0,0,0,0,0,0,0,0,低活动,0,0.0,0.0,0,0,0,0,0,0,0,0,0,低活动,0,0.0,0.0,0,0,0,0,0,3,0,3,0,修饰键占多数,2,8.374,5.057,0,0,0,0,0,106.26,
1128484-w002,1128484,15,2025-12-23T18:26:17.295250,1034,AC,716.8,32,j -> k -> l -> ; -> a -> s -> f -> d -> Insertx3 -> Control -> Insertx4,jkl;asfd,0,0,0,0,低活动,0,0.0,0.0,0,0,0,0,0,0,0,0,0,低活动,0,0.0,0.0,0,0,0,0,0,0,0,0,0,低活动,0,0.0,0.0,0,0,0,0,0,0,0,0,0,低活动,0,0.0,0.0,0,0,0,0,0,5,0,5,0,修饰键占多数,2,8.508,5.339,0,0,1,0,0,68.536,
1128484-w003,1128484,15,2025-12-23T18:28:22.736300,1034,AC,716.8,32,j -> k -> l -> ; -> a -> s -> f -> d -> Insertx3 -> Control -> Insertx4,jkl;asfd,0,0,0,0,低活动,0,0.0,0.0,0,0,0,0,0,0,0,0,0,低活动,0,0.0,0.0,0,0,0,0,0,0,0,0,0,低活动,0,0.0,0.0,0,0,0,0,0,0,0,0,0,低活动,0,0.0,0.0,0,0,0,0,0,0,0,0,0,低活动,0,0.0,0.0,0,0,0,0,0,193.977,
1128484-w004,1128484,15,2025-12-23T18:30:28.177350,1034,AC,716.8,32,j -> k -> l -> ; -> a -> s -> f -> d -> Insertx3 -> Control -> Insertx4,jkl;asfd,0,0,0,0,低活动,0,0.0,0.0,0,0,0,0,0,0,0,0,0,低活动,0,0.0,0.0,0,0,0,0,0,0,0,0,0,低活动,0,0.0,0.0,0,0,0,0,0,0,0,0,0,低活动,0,0.0,0.0,0,0,0,0,0,0,0,0,0,低活动,0,0.0,0.0,0,0,0,0,0,319.418,
1128484-w005,1128484,18,2025-12-23T18:32:33.618400,1034,AC,716.8,32,j -> k -> l -> ; -> a -> s -> f -> d -> Insertx3 -> Control -> Insertx5 -> Control -> c,ckl;asfd,0,0,0,0,低活动,0,0.0,0.0,0,0,0,0,0,3,1,2,1,剪贴板操作,0,0.0,0.308,0,0,1,0,0,3,1,2,1,剪贴板操作,0,0.0,0.308,0,0,1,0,0,3,1,2,1,剪贴板操作,0,0.0,0.308,0,0,1,0,0,3,1,2,1,剪贴板操作,0,0.0,0.308,0,0,1,0,0,8.445,
1169124-w001,1169124,108,2025-12-26T15:06:33.623600,1533,WA,457.4,327,"Shift -> # -> n -> c -> i -> l -> u -> d -> e -> Shift -> < -> s -> t -> d -> i -> . -> h -> Shift -> > -> Enterx2 -> i -> n -> t ->   -> m -> a -> i -> n -> Shift -> ( -> Shift -> { -> Enterx2 -> r -> e -> t -> r -> u -> r -> n ->   -> 0 -> ; -> Enter -> h -> i -> l -> e -> w -> Shift -> s -> c -> ( -> a -> n -> f -> Shift -> ( -> Shift -> "" -> Shift -> % ->   -> d -> , ->   -> Shift -> & -> n ->   -> Shift -> ! -> = ->   -> E -> Shift -> O -> F ->   -> Shift -> Enter -> { -> Enter -> i -> n -> t ->   -> n -> ; -> Enter -> i -> n -> t ->   -> a -> rx2 -> [ -> n -> + -> 1","#include<stdi0h>

int main( {
    int n;scanf(""%d , &n  != EOF  {
    int arr[n+1 ;

",1,1,0,0,持续输入,0,0.0,0.0,0,0,0,0,0,1,1,0,0,持续输入,0,0.0,0.0,0,0,0,0,0,8,6,2,0,持续输入,4,26.445,8.305,0,1,1,3,6,43,37,6,0,持续输入,6,37.991,3.653,0,4,1,6,38,109,94,15,0,持续输入,8,43.01,1.58,0,9,1,11,93,0.335,
1169124-w002,1169124,173,2025-12-26T15:07:53.661250,1533,WA,457.4,327,"Shift -> # -> n -> c -> i -> l -> u -> d -> e -> Shift -> < -> s -> t -> d -> i -> . -> h -> Shift -> > -> Enterx2 -> i -> n -> t ->   -> m -> a -> i -> n -> Shift -> ( -> Shift -> { -> Enterx2 -> r -> e -> t -> r -> u -> r -> n ->   -> 0 -> ; -> Enter -> h -> i -> l -> e -> w -> Shift -> s -> c -> ( -> a -> n -> f -> Shift -> ( -> Shift -> "" -> Shift -> % ->   -> d -> , ->   -> Shift -> & -> n ->   -> Shift -> ! -> = ->   -> E -> Shift -> O -> F ->   -> Shift -> Enter -> { -> Enter -> i -> n -> t ->   -> n -> ; -> Enter -> i -> n -> t ->   -> a -> rx2 -> [ -> n -> + -> 1","#include<stdioh>

int main( {
    int n;scanf(""%d , &n  != EOF  {
    int arr[n+1 ;
        v
        int i = 0; i < n; i++ {
        scanf(
",2,1,1,0,修饰键占多数,0,0.0,0.504,0,0,0,0,0,8,7,1,0,持续输入,1,7.686,3.377,0,0,0,0,5,26,20,6,1,持续输入,5,22.772,3.244,0,1,3,5,18,51,41,10,1,持续输入,9,41.165,3.541,0,2,4,6,40,90,77,13,1,持续输入,17,85.044,3.851,0,5,5,12,76,0.241,
1169124-w003,1169124,233,2025-12-26T15:09:13.698900,1533,WA,457.4,327,"Shift -> # -> n -> c -> i -> l -> u -> d -> e -> Shift -> < -> s -> t -> d -> i -> . -> h -> Shift -> > -> Enterx2 -> i -> n -> t ->   -> m -> a -> i -> n -> Shift -> ( -> Shift -> { -> Enterx2 -> r -> e -> t -> r -> u -> r -> n ->   -> 0 -> ; -> Enter -> h -> i -> l -> e -> w -> Shift -> s -> c -> ( -> a -> n -> f -> Shift -> ( -> Shift -> "" -> Shift -> % ->   -> d -> , ->   -> Shift -> & -> n ->   -> Shift -> ! -> = ->   -> E -> Shift -> O -> F ->   -> Shift -> Enter -> { -> Enter -> i -> n -> t ->   -> n -> ; -> Enter -> i -> n -> t ->   -> a -> rx2 -> [ -> n -> + -> 1","#include<stdioh>

int main( {
    int n;scanf(""%d , &n  != EOF  {
    int arr[200 ;
    int sum = 0;
        int i = 0; i < n; i++ {
        scanf(""%d ,arr[i

        sum = sum
        sum",8,8,0,0,持续输入,0,0.0,1.136,0,0,0,0,7,9,9,0,0,持续输入,0,0.0,1.17,0,0,0,0,8,30,28,2,0,持续输入,3,14.613,1.997,0,3,1,4,27,48,44,4,0,持续输入,8,38.302,2.657,0,5,2,8,43,93,79,14,1,持续输入,19,84.739,3.51,0,6,6,14,77,0.206,
1169124-w004,1169124,295,2025-12-26T15:10:33.736550,1533,WA,457.4,327,"h -> i -> l -> e -> w -> Shift -> s -> c -> ( -> a -> n -> f -> Shift -> ( -> Shift -> "" -> Shift -> % ->   -> d -> , ->   -> Shift -> & -> n ->   -> Shift -> ! -> = ->   -> E -> Shift -> O -> F ->   -> Shift -> Enter -> { -> Enter -> i -> n -> t ->   -> n -> ; -> Enter -> i -> n -> t ->   -> a -> rx2 -> [ -> n -> + -> 1 -> ; -> Control -> Insert ->   -> Enter -> 0 -> o -> f -> o -> r -> Shift -> ( -> i -> n -> t ->   -> i ->   -> = ->   -> 0 -> ; ->   -> i ->   -> Shift -> < ->   -> n -> ; ->   -> i -> +x2 -> Shift -> { -> Enter ->  x5 -> Control -> Insert ->  x4 -> Control -> Insert -> Control -> Insert","#include<stdioh>

int main( {
    int n;scanf(""%d , &n  != EOF  {
    int arr[200 ;
    int sum = 0;
        int i = 0; i < n; i++ {
        scanf(""%d ,arr[i

        sum = sum + arr[i ;
        sum
        if(sum %  == 1&& n%     == 1 {
            printf(""v    ;
",0,0,0,0,低活动,0,0.0,0.0,0,0,0,0,0,2,2,0,0,持续输入,0,0.0,0.387,0,1,0,0,1,25,21,4,1,持续输入,2,5.132,1.706,0,2,1,1,20,40,34,6,1,持续输入,6,29.172,2.277,0,2,1,1,30,93,83,10,1,持续输入,12,57.394,2.241,0,6,2,7,78,8.452,
1169124-w005,1169124,319,2025-12-26T15:11:53.774200,1533,WA,457.4,327,"n ->   -> Shift -> ! -> = ->   -> E -> Shift -> O -> F ->   -> Shift -> Enter -> { -> Enter -> i -> n -> t ->   -> n -> ; -> Enter -> i -> n -> t ->   -> a -> rx2 -> [ -> n -> + -> 1 -> ; -> Control -> Insert ->   -> Enter -> 0 -> o -> f -> o -> r -> Shift -> ( -> i -> n -> t ->   -> i ->   -> = ->   -> 0 -> ; ->   -> i ->   -> Shift -> < ->   -> n -> ; ->   -> i -> +x2 -> Shift -> { -> Enter ->  x5 -> Control -> Insert ->  x4 -> Control -> Insert -> Control -> Insert -> Enter -> Control -> v ->  x8 -> s -> c -> a -> n -> fx2 -> Shift -> ( -> Shift -> "" -> Shift -> % -> d -> , -> a -> rx2 -> [ -> 1 -> i -> Control -> Insert","cinclude<stdioh>

int main( {
    int n;scanf(""%d , &n  != EOF  {
    int arr[200 ;
    int sum = 0;
        int i = 0; i < n; i++ {
        scanf(""%d ,arr[i
                          ;
        sum = sum + arr[i ;
        sum
        if(sum %  == 1&& n%     == 1 {
            printf(""v  \n;c
         else v         \n  c",1,1,0,0,持续输入,0,0.0,0.0,0,0,0,0,0,1,1,0,0,持续输入,0,0.0,0.0,0,0,0,0,0,1,1,0,0,持续输入,0,0.0,0.0,0,0,0,0,0,5,2,3,1,修饰键占多数,1,38.587,27.129,0,0,2,1,1,56,43,13,5,持续输入,9,85.504,2.345,0,2,7,7,40,1.436,
1036995-w001,1036995,32,2025-12-12T12:37:46.801200,2152,AC,229.9,163,Shift -> #x2 -> Shift -> i -> n -> c -> l -> u -> d -> e -> Shift -> < -> s -> t -> i -> o -> d -> . -> h -> > -> Enter -> Shift -> i -> t ->   -> n -> m -> a -> i -> n -> Shift -> (,"#include<stdio.h>
int main(",0,0,0,0,低活动,0,0.0,0.0,0,0,0,0,0,0,0,0,0,低活动,0,0.0,0.0,0,0,0,0,0,0,0,0,0,低活动,0,0.0,0.0,0,0,0,0,0,33,28,5,0,持续输入,1,2.317,0.333,0,1,0,1,27,33,28,5,0,持续输入,1,2.317,0.333,0,1,0,1,27,37.394,
1036995-w002,1036995,64,2025-12-12T12:38:27.025125,2152,AC,229.9,163,"Shift -> #x2 -> Shift -> i -> n -> c -> l -> u -> d -> e -> Shift -> < -> s -> t -> i -> o -> d -> . -> h -> > -> Enter -> Shift -> i -> t ->   -> n -> m -> a -> i -> n -> Shift -> ( -> Shift -> { -> } -> w -> h -> i -> l -> e -> i -> n -> t ->   -> ; -> n -> Shift -> ( -> c -> a -> s -> f -> n -> f -> Shift -> "" -> ( -> % -> d -> , -> Shift -> & -> bx2","#include<stdio.h>
int main( {int n;     (scanf(""%d ,&bb",9,8,1,0,持续输入,0,0.0,0.552,0,0,0,0,7,18,15,3,0,持续输入,0,0.0,0.926,0,0,0,0,14,32,28,4,0,持续输入,2,6.75,1.345,0,0,0,0,26,32,28,4,0,持续输入,2,6.75,1.345,0,0,0,0,26,65,56,9,0,持续输入,4,65.526,1.049,0,1,0,1,54,1.752,
1036995-w003,1036995,81,2025-12-12T12:39:07.249050,2152,AC,229.9,163,"Shift -> #x2 -> Shift -> i -> n -> c -> l -> u -> d -> e -> Shift -> < -> s -> t -> i -> o -> d -> . -> h -> > -> Enter -> Shift -> i -> t ->   -> n -> m -> a -> i -> n -> Shift -> ( -> Shift -> { -> } -> w -> h -> i -> l -> e -> i -> n -> t ->   -> ; -> n -> Shift -> ( -> c -> a -> s -> f -> n -> f -> Shift -> "" -> ( -> % -> d -> , -> Shift -> & -> bx2 -> n -> Shift -> ! -> = -> E -> O -> Shift -> F -> Shift -> { -> } -> a -> , -> b -> , -> Shift -> %","#include<stdio.h>
int main( {int a,b,   (scanf(""%d ,%nb!=EOF {}",3,2,1,0,持续输入,1,4.241,3.839,0,0,0,0,1,6,5,1,0,持续输入,1,4.241,3.098,0,0,0,0,4,6,5,1,0,持续输入,1,4.241,3.098,0,0,0,0,4,46,39,7,0,持续输入,5,38.844,1.894,0,0,0,0,39,62,52,10,0,持续输入,7,98.942,2.214,0,1,0,1,52,0.143,
1036995-w004,1036995,100,2025-12-12T12:39:47.472975,2152,AC,229.9,163,"Shift -> #x2 -> Shift -> i -> n -> c -> l -> u -> d -> e -> Shift -> < -> s -> t -> i -> o -> d -> . -> h -> > -> Enter -> Shift -> i -> t ->   -> n -> m -> a -> i -> n -> Shift -> ( -> Shift -> { -> } -> w -> h -> i -> l -> e -> i -> n -> t ->   -> ; -> n -> Shift -> ( -> c -> a -> s -> f -> n -> f -> Shift -> "" -> ( -> % -> d -> , -> Shift -> & -> bx2 -> n -> Shift -> ! -> = -> E -> O -> Shift -> F -> Shift -> { -> } -> a -> , -> b -> , -> Shift -> % -> d -> Shift -> ~ -> Shift -> % -> d -> , -> Shift -> &x2 -> a -> b ->   -> ,x2 -> i -> f -> Shift -> (","#include<stdio.h>
int main( {int a,b,   (scanf(""%d ,%d~%d,OF {&a,b ,          if(",0,0,0,0,低活动,0,0.0,0.0,0,0,0,0,0,0,0,0,0,低活动,0,0.0,0.0,0,0,0,0,0,11,10,1,0,持续输入,1,3.725,1.705,0,0,0,0,7,25,20,5,0,持续输入,3,12.556,3.055,0,0,0,0,17,68,56,12,0,持续输入,8,50.798,2.573,0,0,0,0,53,19.224,
1036995-w005,1036995,126,2025-12-12T12:40:27.696900,2152,AC,229.9,163,"Shift -> #x2 -> Shift -> i -> n -> c -> l -> u -> d -> e -> Shift -> < -> s -> t -> i -> o -> d -> . -> h -> > -> Enter -> Shift -> i -> t ->   -> n -> m -> a -> i -> n -> Shift -> ( -> Shift -> { -> } -> w -> h -> i -> l -> e -> i -> n -> t ->   -> ; -> n -> Shift -> ( -> c -> a -> s -> f -> n -> f -> Shift -> "" -> ( -> % -> d -> , -> Shift -> & -> bx2 -> n -> Shift -> ! -> = -> E -> O -> Shift -> F -> Shift -> { -> } -> a -> , -> b -> , -> Shift -> % -> d -> Shift -> ~ -> Shift -> % -> d -> , -> Shift -> &x2 -> a -> b ->   -> ,x2 -> i -> f -> Shift -> ( -> x -> Shift -> <","#include<stdio.h>
int main( {int a,b,   (scanf(""%d ,%d~%d,OF {&a,b ,          if(a<0||b>=n  printf(""Y",11,10,1,0,持续输入,0,0.0,0.879,0,0,0,0,9,13,12,1,0,持续输入,1,2.342,1.958,0,0,0,0,11,26,22,4,0,持续输入,3,9.059,2.031,0,0,0,0,20,30,25,5,0,持续输入,4,45.189,2.125,0,0,0,0,23,61,49,12,0,持续输入,9,87.023,3.754,0,0,0,0,46,0.092,
1432485-w001,1432485,258,2026-03-25T10:35:36.395600,2298,AC,1218.9,887,"e ->   -> Shift -> < -> b -> t -> s -> i -> / -> s -> t -> c -> d -> Shift -> +x2 -> . -> h -> Shift -> > -> Enter -> u -> s -> i -> n -> g ->   -> n -> a -> m -> e -> s -> p -> a -> c ->   -> s -> e -> t -> ; -> Enterx2 -> i -> d -> n -> t ->   -> m -> s -> i -> n -> a -> i -> n -> Shift -> ( -> Shift -> { -> Enter -> i -> n ->   -> t -> n -> , -> m -> ; -> Enter -> w -> h -> i -> l -> e -> Shift -> ( -> c -> i -> n ->   -> Shift -> > ->   -> > -> n ->   -> Shift -> >x2 ->   -> m -> Shift -> Enter -> { -> v -> e -> c -> t -> o -> r -> Shift -> < -> i -> n","#include <bits/stdc++.h>
using namespace std;

int main( {
    int n,m;
    while(cin >> n >> m {
        vector<vector<iair<int,int> ;
        while(m-- {
            int u,v,w;
            cin >> u >> v >> w;
            g[u .push_back({v,w  ;
            g[v .push_back({u,w  ;",0,0,0,0,低活动,0,0.0,0.0,0,0,0,0,0,0,0,0,0,低活动,0,0.0,0.0,0,0,0,0,0,9,7,2,0,持续输入,0,0.0,1.015,0,0,0,0,8,58,50,8,0,持续输入,2,7.616,1.286,0,2,0,2,52,111,98,13,0,持续输入,4,49.277,1.077,0,5,0,5,101,25.929,
1432485-w002,1432485,601,2026-03-25T10:39:09.708000,2298,AC,1218.9,887,"n -> t -> Shift -> >x2 -> , -> Control -> c -> v -> e -> c -> t -> o -> r -> < -> Shift -> > -> Control -> v -> , -> g -> r -> e -> a -> t -> e -> r -> Shiftx6 -> < -> Shiftx3 -> > -> Control -> v ->   -> p -> e -> ; -> q -> ; -> Enter -> p -> q -> r -> . -> p -> u -> s -> h -> Shiftx3 -> ( -> Shift -> { -> 0 -> , -> 0 -> ; -> Enter -> w -> h -> l -> e -> Shift -> i -> ( -> Shift -> ! -> p -> q -> e -> m -> . -> p -> y -> t -> Shift -> ( -> Shift -> Enter -> { -> a -> t -> o ->   -> u -> p -> q -> . -> t -> = ->  x2 -> p -> q -> . -> t -> o -> p -> Shift -> ( -> ; -> Enter -> i","#include <bits/stdc++.h>
using namespace std;

int main( {
    int n,m;
    while(cin >> n >> m {
        vector<vector<iair<int,int> ;
        while(m-- {
            int u,v,w;
            cin >> u >> v >> w;
            g[u .push_back({v,w  ;
            g[v .push_back({u,w  ;


        vector<int> st(n,false ;
        vector<int> dist(n ;
        dist[0  = 0;
        priority_queue<pair<int,int>cvector<v             ,greater<v               pq;
        pr.push({0,0  ;
        while(!pq.empty(  {
            auto t = pq.top( ;
            int u = t.second;
            int w = t.first;

            if(st[u  {
                continue;

            st[u  = true;

            for(int i = 0;i < g[u .size( ;i++ {
                int v = g[u [i .fi",8,8,0,0,持续输入,0,0.0,1.212,0,0,0,0,7,20,19,1,0,持续输入,0,0.0,1.216,0,1,0,1,18,70,65,5,0,持续输入,1,2.938,0.834,0,3,0,3,63,124,115,9,0,持续输入,2,11.356,0.841,0,9,0,11,111,210,192,18,0,持续输入,7,31.175,0.982,0,13,0,15,189,0.065,
1432485-w003,1432485,818,2026-03-25T10:42:43.020400,2298,AC,1218.9,887,[ -> u -> . -> s -> i -> z -> e -> ( -> Shift -> i -> ; -> Shift -> + -> Shift -> { -> + -> Enter -> i -> n -> t ->   -> v ->   -> = ->   -> g -> [ -> u -> [ -> i -> . -> f -> i -> s -> r -> t -> Enter -> ; -> i -> t ->   -> d -> n ->   -> = ->   -> g -> [ -> u -> [ -> i -> . -> s -> e -> c -> o -> d -> ; -> n -> Enterx2 -> f -> i -> Shift -> ( -> i -> s -> d -> t -> [ -> v ->   -> Shift -> > ->   -> ; -> d -> Shift -> Enter -> d -> i -> { -> t -> s -> [ -> v ->   -> = ->   -> d -> ; -> Enterx2 -> p -> q -> . -> p -> u -> d -> h -> s -> h,"#include <bits/stdc++.h>
using namespace std;

int main( {
    int n,m;
    while(cin >> n >> m {
        vector<vector<iair<int,int> ;
        while(m-- {
            int u,v,w;
            cin >> u >> v >> w;
            g[u .push_back({v,w  ;
            g[v .push_back({u,w  ;


        vector<int> st(n,false ;
        vector<int> dist(n ;
        dist[0  = 0;
        priority_queue<pair<int,int>cvector<v             ,greater<v               pq;
        pr.push({0,0  ;
        long long sum = 0;{
            auto t = pq.top( ;
            int u = t.second;
            int w = t.first;

            if(st[u  {
                continue;

            st[u  = true;

            sum += w; = 0;i < g[u .size( ;i++ {
                int v = g[u [i .first;
                int d = g[u [i .second;

                if(dist[v  > d;{
                    dist[v  = d;
                    pq.push({dist[v ,v  ;
                    sum += d;



        cout << sum << endl;",0,0,0,0,低活动,0,0.0,0.0,0,0,0,0,0,0,0,0,0,低活动,0,0.0,0.0,0,0,0,0,0,0,0,0,0,低活动,0,0.0,0.0,0,0,0,0,0,0,0,0,0,低活动,0,0.0,0.0,0,0,0,0,0,62,58,4,0,持续输入,4,23.672,0.907,0,2,0,5,57,76.82,
1432485-w004,1432485,824,2026-03-25T10:46:16.332800,2298,AC,1218.9,887,e -> ( -> Shift -> i -> ; -> Shift -> + -> Shift -> { -> + -> Enter -> i -> n -> t ->   -> v ->   -> = ->   -> g -> [ -> u -> [ -> i -> . -> f -> i -> s -> r -> t -> Enter -> ; -> i -> t ->   -> d -> n ->   -> = ->   -> g -> [ -> u -> [ -> i -> . -> s -> e -> c -> o -> d -> ; -> n -> Enterx2 -> f -> i -> Shift -> ( -> i -> s -> d -> t -> [ -> v ->   -> Shift -> > ->   -> ; -> d -> Shift -> Enter -> d -> i -> { -> t -> s -> [ -> v ->   -> = ->   -> d -> ; -> Enterx2 -> p -> q -> . -> p -> u -> d -> h -> s -> h -> Shiftx71 -> ( -> Shift -> { -> Shift -> d,"#include <bits/stdc++.h>
using namespace std;

int main( {
    int n,m;
    while(cin >> n >> m {
        vector<vector<iair<int,int> ;
        while(m-- {
            int u,v,w;
            cin >> u >> v >> w;
            g[u .push_back({v,w  ;
            g[v .push_back({u,w  ;


        vector<int> st(n,false ;
        vector<int> dist(n ;
        dist[0  = 0;
        priority_queue<pair<int,int>cvector<v             ,greater<v               pq;
        pr.push({0,0  ;
        long long sum = 0;{
            auto t = pq.top( ;
            int u = t.second;
            int w = t.first;

            if(st[u  {
                continue;

            st[u  = true;

            sum += w; = 0;i < g[u .size( ;i++ {
                int v = g[u [i .first;
                int d = g[u [i .second;

                if(dist[v  > d;{
                    dist[v  = d;
                    pq.push({dist[v ,v  ;
                    sum += d;



        cout << sum << endl;


 v",0,0,0,0,低活动,0,0.0,0.0,0,0,0,0,0,0,0,0,0,低活动,0,0.0,0.0,0,0,0,0,0,0,0,0,0,低活动,0,0.0,0.0,0,0,0,0,0,3,1,2,1,剪贴板操作,0,0.0,0.693,0,0,2,1,1,3,1,2,1,剪贴板操作,0,0.0,0.693,0,0,2,1,1,57.729,
1432485-w005,1432485,853,2026-03-25T10:49:49.645200,2298,AC,1218.9,887,"t -> Enter -> ; -> i -> t ->   -> d -> n ->   -> = ->   -> g -> [ -> u -> [ -> i -> . -> s -> e -> c -> o -> d -> ; -> n -> Enterx2 -> f -> i -> Shift -> ( -> i -> s -> d -> t -> [ -> v ->   -> Shift -> > ->   -> ; -> d -> Shift -> Enter -> d -> i -> { -> t -> s -> [ -> v ->   -> = ->   -> d -> ; -> Enterx2 -> p -> q -> . -> p -> u -> d -> h -> s -> h -> Shiftx71 -> ( -> Shift -> { -> Shift -> d -> s -> i -> t -> [ -> v -> , -> v -> ; -> Enterx3 -> l -> o -> n -> g ->   -> o -> n -> g -> l ->   -> s -> u -> m ->   -> = ->   -> 0 -> ; -> Enter -> s","#include <bits/stdc++.h>
using namespace std;

int main( {
    int n,m;
    while(cin >> n >> m {
        vector<vector<iair<int,int> ;
        while(m-- {
            int u,v,w;
            cin >> u >> v >> w;
            g[u .push_back({v,w  ;
            g[v .push_back({u,w  ;


        vector<int> st(n,false ;
        vector<int> dist(n ;
        dist[0  = 0;
        priority_queue<pair<int,int>cvector<v             ,greater<v               pq;
        pr.push({0,0  ;
        long long sum = 0;{
            auto t = pq.top( ;
            int u = t.second;
            int w = t.first;

            if(st[u  {
                continue;

            st[u  = true;

            sum += w; = 0;i < g[u .size( ;i++ {
                int v = g[u [i .first;
                int d = g[u [i .second;

                if(dist[v  > d;{
                    dist[v  = d;
                    pq.push({dist[v ,v  ;
                    sum += d;



        cout << sum << endl;


 v
 c",0,0,0,0,低活动,0,0.0,0.0,0,0,0,0,0,0,0,0,0,低活动,0,0.0,0.0,0,0,0,0,0,0,0,0,0,低活动,0,0.0,0.0,0,0,0,0,0,0,0,0,0,低活动,0,0.0,0.0,0,0,0,0,0,29,2,27,2,剪贴板操作,1,2.162,0.499,0,0,27,6,5,67.736,
1461241-w001,1461241,0,2026-05-20T13:18:54.679400,2437,AC,1748.6,486,c,c,0,0,0,0,低活动,0,0.0,0.0,0,0,0,0,0,0,0,0,0,低活动,0,0.0,0.0,0,0,0,0,0,0,0,0,0,低活动,0,0.0,0.0,0,0,0,0,0,0,0,0,0,低活动,0,0.0,0.0,0,0,0,0,0,0,0,0,0,低活动,0,0.0,0.0,0,0,0,0,0,349.713,
1461241-w002,1461241,0,2026-05-20T13:24:00.678625,2437,AC,1748.6,486,c,c,0,0,0,0,低活动,0,0.0,0.0,0,0,0,0,0,0,0,0,0,低活动,0,0.0,0.0,0,0,0,0,0,0,0,0,0,低活动,0,0.0,0.0,0,0,0,0,0,0,0,0,0,低活动,0,0.0,0.0,0,0,0,0,0,0,0,0,0,低活动,0,0.0,0.0,0,0,0,0,0,655.713,
1461241-w003,1461241,0,2026-05-20T13:29:06.677849999,2437,AC,1748.6,486,c,c,0,0,0,0,低活动,0,0.0,0.0,0,0,0,0,0,0,0,0,0,低活动,0,0.0,0.0,0,0,0,0,0,0,0,0,0,低活动,0,0.0,0.0,0,0,0,0,0,0,0,0,0,低活动,0,0.0,0.0,0,0,0,0,0,0,0,0,0,低活动,0,0.0,0.0,0,0,0,0,0,961.712,
1461241-w004,1461241,142,2026-05-20T13:34:12.677075,2437,AC,1748.6,486,"c -> Shift -> # -> n -> c -> i -> l -> u -> e -> Shift -> < -> d -> s -> t -> d -> i -> o -> . -> h -> Shift -> > -> Enter -> i -> n -> t ->   -> f -> a -> [ -> 5 -> 0x2 -> 5 -> ] -> ; -> Enter -> i -> n -> t ->   -> m -> a -> i -> n -> Shift -> ( -> Shift -> { -> Enter -> i -> n -> t ->   -> m -> ,x2 -> p -> n -> ; -> Enter -> s -> c -> a -> n -> f -> Shift -> ( -> "" -> % -> d ->   -> Shift -> % -> d ->   -> Shift -> % -> d -> , -> Shift -> & -> , -> m -> Shift -> & -> n -> , -> Shift -> & -> p -> ; -> Enter -> f -> o -> r -> Shift -> ( -> n -> t -> i ->   -> i","#include<stdio.h>
int fa[5005];
int main( {
    int m,n,p;
    scanf(""%d %d %d ,&n,&m,&p ;
    for(int i=0;i<n,i   {
        fa[i =i;

    for(int i=0;i",15,14,1,0,持续输入,0,0.0,0.524,0,1,0,1,13,19,18,1,0,持续输入,1,2.138,1.225,0,1,0,2,17,34,29,5,0,持续输入,6,13.704,2.22,0,2,0,4,31,83,70,13,0,持续输入,9,25.948,1.986,0,3,0,6,72,142,124,18,0,持续输入,9,25.948,1.266,0,7,0,10,126,0.024,
1461241-w005,1461241,470,2026-05-20T13:39:18.676300,2437,AC,1748.6,486,y -> Shift -> { -> Enter -> i -> n -> t ->   -> f -> x -> = -> Enter -> i -> n -> t ->   -> f -> i -> n -> d -> Shift -> ( -> i -> n -> t ->   -> x -> Shiftx2 -> Enterx2 -> Shiftx2 -> ( -> x -> ; -> Enter -> n -> t ->   -> i -> f -> y -> = -> f -> i -> n -> d -> Shift -> ( -> y -> ; -> Enter -> i -> f -> Shift -> ( -> f -> a -> [ -> f -> x -> Shift -> ! -> = -> f -> a -> [ -> f -> y -> Shift -> { -> Enter -> a -> f -> [ -> f -> x -> = -> f -> y -> ; -> i -> f -> Shift -> ( -> a -> f -> [ -> x -> = -> x ->   -> r -> e -> t -> u -> r -> n ->   -> x -> ; -> Enter,"#include<stdio.h>
int fa[5005];
int find(int x x,int y {
    if(fa[x,xx  return x;
    return fa[xd=find(fa[x,&; ;
    for(int i=0;i<n,i   {
        fa[i =i;
               (x ;
    int fy=find(y<;;i++ {
    if(fa[fxx!=fa[fy  {
        fa[fx(=fy;%d ,&x,&y ;
        merge(x,y ;













    for(int i=0;i<p;i++ {
        int x,y;
        scanf(""%d %d ,&x,&y ;
        if(find(x ==find(y   printf(""YES\n  ;
        else printf(""No\n  ;",0,0,0,0,低活动,0,0.0,0.0,0,0,0,0,0,0,0,0,0,低活动,0,0.0,0.0,0,0,0,0,0,10,7,3,0,持续输入,0,0.0,1.705,0,0,0,0,7,47,38,9,0,持续输入,3,13.072,1.71,0,1,0,1,39,123,104,19,0,持续输入,7,25.922,1.594,0,5,0,5,107,22.548,
1101613-w001,1101613,130,2025-12-20T17:01:10.256800,1535,AC,703.2,358,"Shift -> # -> i -> n -> l -> c -> u -> d -> e -> Shift -> < -> s -> t -> d -> i -> o -> . -> h -> Shift -> > -> Enter -> i -> n -> t -> m -> a ->   -> i -> Shift -> ( -> Shift -> n -> ) -> Shift -> { -> Enter -> i -> n -> t ->   -> n -> ; -> Enter -> w -> h -> i -> l -> e -> Shift -> ( -> s -> a -> n -> f -> c -> Shift -> ( -> Shift -> "" -> Shift -> % -> d -> Shift -> "" -> , -> Shift -> & -> n -> Shiftx2 -> ) -> ! -> = -> Shift -> E -> O -> F -> Shift -> ) -> Shift -> { -> Enter -> f -> o -> r -> Shift -> ( -> i -> n -> t ->   -> i -> = -> 0 -> ; -> i -> Shift -> < -> 3 -> i -> ;","#include<stdio.h>
int main(){
    int n;
    while(scanf(""%d"",&n)!=EOF){
        for(int i=0;i<n;i++){
            for(int j=0;j<n-i-1",0,0,0,0,低活动,0,0.0,0.0,0,0,0,0,0,0,0,0,0,低活动,0,0.0,0.0,0,0,0,0,0,7,6,1,0,持续输入,1,13.23,7.023,0,0,0,0,5,43,37,6,0,持续输入,4,27.334,1.398,0,1,0,1,36,95,77,18,0,持续输入,6,61.003,1.03,0,3,0,3,78,13.872,
1101613-w002,1101613,176,2025-12-20T17:03:13.313124999,1535,AC,703.2,358,"Shift -> # -> i -> n -> l -> c -> u -> d -> e -> Shift -> < -> s -> t -> d -> i -> o -> . -> h -> Shift -> > -> Enter -> i -> n -> t -> m -> a ->   -> i -> Shift -> ( -> Shift -> n -> ) -> Shift -> { -> Enter -> i -> n -> t ->   -> n -> ; -> Enter -> w -> h -> i -> l -> e -> Shift -> ( -> s -> a -> n -> f -> c -> Shift -> ( -> Shift -> "" -> Shift -> % -> d -> Shift -> "" -> , -> Shift -> & -> n -> Shiftx2 -> ) -> ! -> = -> Shift -> E -> O -> F -> Shift -> ) -> Shift -> { -> Enter -> f -> o -> r -> Shift -> ( -> i -> n -> t ->   -> i -> = -> 0 -> ; -> i -> Shift -> < -> 3 -> i -> ;","#include<stdio.h>
int main(){
    int n;
    while(scanf(""%d"",&n)!=EOF){
        for(int i=0;i<n;i++){
            for(int j=0;j<n-i-1;j++){
                printf("" "");

            forntf(""%c"",",3,3,0,0,持续输入,0,0.0,0.205,0,0,0,0,2,3,3,0,0,持续输入,0,0.0,0.205,0,0,0,0,2,3,3,0,0,持续输入,0,0.0,0.205,0,0,0,0,2,4,4,0,0,持续输入,1,59.055,47.288,0,0,0,0,3,44,33,11,0,持续输入,5,104.856,4.433,0,2,0,3,32,0.128,
1101613-w003,1101613,193,2025-12-20T17:05:16.369449999,1535,AC,703.2,358,"Shift -> # -> i -> n -> l -> c -> u -> d -> e -> Shift -> < -> s -> t -> d -> i -> o -> . -> h -> Shift -> > -> Enter -> i -> n -> t -> m -> a ->   -> i -> Shift -> ( -> Shift -> n -> ) -> Shift -> { -> Enter -> i -> n -> t ->   -> n -> ; -> Enter -> w -> h -> i -> l -> e -> Shift -> ( -> s -> a -> n -> f -> c -> Shift -> ( -> Shift -> "" -> Shift -> % -> d -> Shift -> "" -> , -> Shift -> & -> n -> Shiftx2 -> ) -> ! -> = -> Shift -> E -> O -> F -> Shift -> ) -> Shift -> { -> Enter -> f -> o -> r -> Shift -> ( -> i -> n -> t ->   -> i -> = -> 0 -> ; -> i -> Shift -> < -> 3 -> i -> ;","#include<stdio.h>
int main(){
    int n;
    while(scanf(""%d"",&n)!=EOF){
        for(int i=0;i<n;i++){
            for(int j=0;j<n-i-1;j++){
                printf("" "");

            for(int k=0;k<i+1",0,0,0,0,低活动,0,0.0,0.0,0,0,0,0,0,0,0,0,0,低活动,0,0.0,0.0,0,0,0,0,0,0,0,0,0,低活动,0,0.0,0.0,0,0,0,0,0,4,3,1,0,持续输入,1,16.736,13.507,0,0,0,0,2,10,8,2,0,持续输入,2,77.782,25.598,0,0,0,0,7,39.219,
1101613-w004,1101613,237,2025-12-20T17:07:19.425774999,1535,AC,703.2,358,"Shift -> # -> i -> n -> l -> c -> u -> d -> e -> Shift -> < -> s -> t -> d -> i -> o -> . -> h -> Shift -> > -> Enter -> i -> n -> t -> m -> a ->   -> i -> Shift -> ( -> Shift -> n -> ) -> Shift -> { -> Enter -> i -> n -> t ->   -> n -> ; -> Enter -> w -> h -> i -> l -> e -> Shift -> ( -> s -> a -> n -> f -> c -> Shift -> ( -> Shift -> "" -> Shift -> % -> d -> Shift -> "" -> , -> Shift -> & -> n -> Shiftx2 -> ) -> ! -> = -> Shift -> E -> O -> F -> Shift -> ) -> Shift -> { -> Enter -> f -> o -> r -> Shift -> ( -> i -> n -> t ->   -> i -> = -> 0 -> ; -> i -> Shift -> < -> 3 -> i -> ;","#include<stdio.h>
int main(){
    int n;
    while(scanf(""%d"",&n)!=EOF){
        char e='a';;i<n;i++){
            for(int j=0;j<n-i-1;j++){
                printf("" "");

            for(int k=0;k<i+1;k++){
                printf(""%c"",c+
                            e n",0,0,0,0,低活动,0,0.0,0.0,0,0,0,0,0,0,0,0,0,低活动,0,0.0,0.0,0,0,0,0,0,1,1,0,0,持续输入,0,0.0,0.0,0,0,0,0,0,8,8,0,0,持续输入,4,38.879,14.36,0,0,0,1,7,40,32,8,0,持续输入,10,89.161,4.844,0,2,0,4,31,17.205,
1101613-w005,1101613,271,2025-12-20T17:09:22.482100,1535,AC,703.2,358,"n -> t -> m -> a ->   -> i -> Shift -> ( -> Shift -> n -> ) -> Shift -> { -> Enter -> i -> n -> t ->   -> n -> ; -> Enter -> w -> h -> i -> l -> e -> Shift -> ( -> s -> a -> n -> f -> c -> Shift -> ( -> Shift -> "" -> Shift -> % -> d -> Shift -> "" -> , -> Shift -> & -> n -> Shiftx2 -> ) -> ! -> = -> Shift -> E -> O -> F -> Shift -> ) -> Shift -> { -> Enter -> f -> o -> r -> Shift -> ( -> i -> n -> t ->   -> i -> = -> 0 -> ; -> i -> Shift -> < -> 3 -> i -> ; -> Shift -> +x2 -> Shift -> ) -> Shift -> { -> Enter -> n -> f -> o -> r -> Shift -> ( -> i -> n -> t ->   -> j -> = -> 0 -> ; -> j","#include<stdio.h>
int main(){
    int n;
    while(scanf(""%d"",&n)!=EOF){
        char e='a';;i<n;i++){
            for(int j=0;j<n-i-1;j++){
                printf("" "");

            for(int k=0;k<i+1;k++){
                printf(""%c"",c+
                            e i-k);

            for(int u=0;u<i;u++){
",0,0,0,0,低活动,0,0.0,0.0,0,0,0,0,0,0,0,0,0,低活动,0,0.0,0.0,0,0,0,0,0,11,8,3,0,持续输入,0,0.0,0.849,0,1,0,0,8,31,25,6,0,持续输入,4,30.35,2.596,0,2,0,2,25,34,28,6,0,持续输入,6,78.573,4.284,0,2,0,2,28,16.902,
1378928-w001,1378928,97,2026-01-09T20:59:30.899600,1509,WA,547.1,1076,"F9 -> Backspacex5 -> Shift -> # -> i -> n -> c -> l -> u -> e -> Shift -> < -> d -> t -> d -> i -> s -> o -> . -> h -> Shift -> > -> Enterx2 -> i -> n -> t ->   -> , -> a -> i -> n -> m -> a -> i -> n -> Shiftx19 -> ( -> Shiftx3 -> { -> Enterx7 -> e -> r -> t -> u -> r -> n ->   -> 0 -> ; -> i -> n -> t ->   -> o -> [ -> 2 -> 6 -> ; -> , -> t -> i -> m -> e -> s -> Shift -> = -> 0","#include<stdio.h>

int main( {
    int o[26 ,times=0





    return 0;
















































",0,0,0,0,低活动,0,0.0,0.0,0,0,0,0,0,9,8,1,0,持续输入,0,0.0,1.091,0,0,0,0,7,18,17,1,0,持续输入,2,8.744,1.731,0,0,0,0,15,62,39,23,0,持续输入,4,35.94,1.312,0,7,0,8,32,98,72,26,0,持续输入,9,78.575,1.549,5,9,0,11,59,5.412,
1378928-w002,1378928,223,2026-01-09T21:01:06.640000,1509,WA,547.1,1076,"F9 -> Backspacex5 -> Shift -> # -> i -> n -> c -> l -> u -> e -> Shift -> < -> d -> t -> d -> i -> s -> o -> . -> h -> Shift -> > -> Enterx2 -> i -> n -> t ->   -> , -> a -> i -> n -> m -> a -> i -> n -> Shiftx19 -> ( -> Shiftx3 -> { -> Enterx7 -> e -> r -> t -> u -> r -> n ->   -> 0 -> ; -> i -> n -> t ->   -> o -> [ -> 2 -> 6 -> ; -> , -> t -> i -> m -> e -> s -> Shift -> = -> 0 -> Enter -> c -> h -> a -> e -> F11 ->   -> r -> s -> [ -> 0x2 -> 1 -> ; -> Enter -> w -> h -> i -> l -> e -> Shift -> ( -> s -> c -> a -> n -> f -> Shift -> ( -> Shift -> "" -> Shift -> % -> s","#include<stdio.h>

int huiwen(int left,int right {
    while(left<right0
    char s[100 ;
    while(scanf(""%s ,s !=EOF {

        int

    return 0;
















































",4,4,0,0,持续输入,0,0.0,0.341,0,0,0,0,3,4,4,0,0,持续输入,0,0.0,0.341,0,0,0,0,3,25,20,5,0,持续输入,1,11.767,0.983,0,0,0,1,19,56,49,7,0,持续输入,6,40.196,1.742,0,1,0,2,48,144,121,23,0,持续输入,12,67.222,1.445,0,10,0,11,112,3.95,
1378928-w003,1378928,855,2026-01-09T21:02:42.380400,1509,WA,547.1,1076,"Shiftx111 -> s -> Shift -> [ -> l -> e -> f -> t -> Shiftx86 -> ! -> Shift -> = -> r -> i -> g -> h -> t -> [ -> s -> [ -> r -> i -> g -> t -> h -> Shift -> { -> Enter -> p -> r -> i -> e -> n -> t -> f -> Shift -> ( -> Shift -> "" -> Shiftx2 -> N -> O -> \ -> n -> ; -> Enter -> b -> r -> e -> k -> ; -> a -> Enter -> l","#include<stdio.h>
#include<string.h>
int huiwen(int left,int right {
    while(left<right0
    char s[100 ;
    while(scanf(""%s ,s !=EOF {

        int left=0,right=strlen(s ;
        while(left<right {
    return 0if(s[left !=s[right  {
                peintf(""NO\n  ;
                break;

            l












































",8,8,0,0,持续输入,0,0.0,1.131,0,1,0,2,7,15,14,1,0,持续输入,0,0.0,1.066,0,2,0,3,13,136,44,92,0,修饰键占多数,0,0.0,0.662,0,3,0,4,44,573,63,510,0,修饰键占多数,1,3.756,0.22,0,4,0,5,62,657,128,529,0,修饰键占多数,5,38.471,0.337,0,4,0,8,127,1.064,
1378928-w004,1378928,961,2026-01-09T21:04:18.120799999,1509,WA,547.1,1076,"Shiftx5 -> s -> Shift -> [ -> l -> e -> f -> t -> Shiftx86 -> ! -> Shift -> = -> r -> i -> g -> h -> t -> [ -> s -> [ -> r -> i -> g -> t -> h -> Shift -> { -> Enter -> p -> r -> i -> e -> n -> t -> f -> Shift -> ( -> Shift -> "" -> Shiftx2 -> N -> O -> \ -> n -> ; -> Enter -> b -> r -> e -> k -> ; -> a -> Enter -> l -> e -> f -> t -> Shift -> +x2 -> ' -> ; -> Enter -> r -> i -> g -> h -> t -> Shiftx9 -> _ -> -x2 -> ; -> Enter -> [ -> o -> s -> [ -> l -> e -> t -> f -> l -> e -> f -> t -> - -> ' -> a -> Shift -> +x2 -> ; -> Enter -> f -> o -> Enter -> t -> i -> m -> e -> s -> Shift","#include<stdio.h>
#include<string.h>
int huiwen(int left,int right {
    while(left<right0
    char s[100 ;
    while(scanf(""%s ,s !=EOF {

        times=0;=0,right=strlen(s ;
        while(left<right {
    return 0if(s[left !=s[right  {
                peintf(""NO\n  ;
                break;

            o[s[left -'a  ++;
            right--;


        fo
          r(int i=0;i<26;i++ {
            if(o[i !=0 {






































",4,3,1,0,持续输入,0,0.0,1.087,0,1,0,0,3,8,6,2,0,持续输入,2,4.599,2.278,0,1,0,0,6,46,34,12,0,持续输入,5,13.248,1.896,0,2,0,2,34,72,58,14,0,持续输入,11,33.152,2.408,0,4,0,6,58,161,122,39,0,持续输入,15,57.451,1.847,0,9,0,13,119,2.301,
1378928-w005,1378928,1032,2026-01-09T21:05:53.861199999,1509,WA,547.1,1076,"Shiftx27 -> ! -> Shift -> = -> r -> i -> g -> h -> t -> [ -> s -> [ -> r -> i -> g -> t -> h -> Shift -> { -> Enter -> p -> r -> i -> e -> n -> t -> f -> Shift -> ( -> Shift -> "" -> Shiftx2 -> N -> O -> \ -> n -> ; -> Enter -> b -> r -> e -> k -> ; -> a -> Enter -> l -> e -> f -> t -> Shift -> +x2 -> ' -> ; -> Enter -> r -> i -> g -> h -> t -> Shiftx9 -> _ -> -x2 -> ; -> Enter -> [ -> o -> s -> [ -> l -> e -> t -> f -> l -> e -> f -> t -> - -> ' -> a -> Shift -> +x2 -> ; -> Enter -> f -> o -> Enter -> t -> i -> m -> e -> s -> Shift -> +x2 -> ; -> = -> 0 -> r -> Shift -> ( -> n","#include<stdio.h>
#include<string.h>
int huiwen(int left,int right {
    while(left<right0
    char s[100 ;
    while(scanf(""%s ,s !=EOF {

        times=0;=0,right=strlen(s ;
        while(left<right {        -1
    return 0if(s[left !=s[right  {
                peintf(""NO\n  ;
                break;

            o[s[left -'a  ++;
            right--;


        fo
          r(int i=0;i<26;i++ {
            if(o[i !=0 {
                times++;


        if(left>=right {
            printf(""YES %d\ntimes ;

































",0,0,0,0,低活动,0,0.0,0.0,0,0,0,0,0,2,2,0,0,持续输入,0,0.0,0.196,0,0,0,0,1,2,2,0,0,持续输入,0,0.0,0.196,0,0,0,0,1,4,4,0,0,持续输入,1,51.11,40.962,0,0,0,1,3,114,82,32,0,持续输入,9,78.269,1.408,0,4,0,6,83,5.741,
1154760-w001,1154760,132,2025-12-25T16:10:14.133200,1025,AC,1488.8,324,"# -> i -> n -> c -> l -> u -> d -> e ->   -> < -> s -> t -> d -> i -> o -> . -> h -> > -> Enter -> i -> t ->   -> n -> m -> a -> n -> i -> ( -> v -> o -> i -> d -> Enter -> { -> Enter -> i -> n -> t ->   -> t -> ; -> Enter -> w -> s -> c -> a -> n -> f -> ( -> "" -> % -> d -> , -> & -> t -> ; -> Enter -> w -> h -> i -> l -> e -> ( -> t -> -x2 -> Enter -> { -> Enter -> i -> n -> t ->   -> n -> ; -> Enter -> s -> c -> a -> n -> f -> ( -> "" -> % -> d -> , -> & -> n -> ; -> Enter -> i -> n -> t -> i -> n -> t ->   -> a -> [ -> l -> o","#include <stdio.h>
int main(void
{
    int t;
    scanf(""%d ,&t ;
    while(t--
    {
        long long
        scanf(""%lld&n ;
        long long a[",0,0,0,0,低活动,0,0.0,0.0,0,0,0,0,0,0,0,0,0,低活动,0,0.0,0.0,0,0,0,0,0,0,0,0,0,低活动,0,0.0,0.0,0,0,0,0,0,0,0,0,0,低活动,0,0.0,0.0,0,0,0,0,0,20,20,0,0,持续输入,2,11.743,1.947,0,0,0,2,18,99.573,
1154760-w002,1154760,132,2025-12-25T16:14:34.665500,1025,AC,1488.8,324,"# -> i -> n -> c -> l -> u -> d -> e ->   -> < -> s -> t -> d -> i -> o -> . -> h -> > -> Enter -> i -> t ->   -> n -> m -> a -> n -> i -> ( -> v -> o -> i -> d -> Enter -> { -> Enter -> i -> n -> t ->   -> t -> ; -> Enter -> w -> s -> c -> a -> n -> f -> ( -> "" -> % -> d -> , -> & -> t -> ; -> Enter -> w -> h -> i -> l -> e -> ( -> t -> -x2 -> Enter -> { -> Enter -> i -> n -> t ->   -> n -> ; -> Enter -> s -> c -> a -> n -> f -> ( -> "" -> % -> d -> , -> & -> n -> ; -> Enter -> i -> n -> t -> i -> n -> t ->   -> a -> [ -> l -> o","#include <stdio.h>
int main(void
{
    int t;
    scanf(""%d ,&t ;
    while(t--
    {
        long long
        scanf(""%lld&n ;
        long long a[",0,0,0,0,低活动,0,0.0,0.0,0,0,0,0,0,0,0,0,0,低活动,0,0.0,0.0,0,0,0,0,0,0,0,0,0,低活动,0,0.0,0.0,0,0,0,0,0,0,0,0,0,低活动,0,0.0,0.0,0,0,0,0,0,0,0,0,0,低活动,0,0.0,0.0,0,0,0,0,0,360.106,
1154760-w003,1154760,188,2025-12-25T16:18:55.197800,1025,AC,1488.8,324,"# -> i -> n -> c -> l -> u -> d -> e ->   -> < -> s -> t -> d -> i -> o -> . -> h -> > -> Enter -> i -> t ->   -> n -> m -> a -> n -> i -> ( -> v -> o -> i -> d -> Enter -> { -> Enter -> i -> n -> t ->   -> t -> ; -> Enter -> w -> s -> c -> a -> n -> f -> ( -> "" -> % -> d -> , -> & -> t -> ; -> Enter -> w -> h -> i -> l -> e -> ( -> t -> -x2 -> Enter -> { -> Enter -> i -> n -> t ->   -> n -> ; -> Enter -> s -> c -> a -> n -> f -> ( -> "" -> % -> d -> , -> & -> n -> ; -> Enter -> i -> n -> t -> i -> n -> t ->   -> a -> [ -> l -> o","#include <stdio.h>
#include <string.h>
{
    int t;
    scanf(""%d ,&t ;
    while(t--
    int a[max ;
        long long
        scanf(""%lld&n ;
        long long a[",0,0,0,0,低活动,0,0.0,0.0,0,0,0,0,0,0,0,0,0,低活动,0,0.0,0.0,0,0,0,0,0,0,0,0,0,低活动,0,0.0,0.0,0,0,0,0,0,0,0,0,0,低活动,0,0.0,0.0,0,0,0,0,0,0,0,0,0,低活动,0,0.0,0.0,0,0,0,0,0,130.844,
1154760-w004,1154760,263,2025-12-25T16:23:15.730099999,1025,AC,1488.8,324,"o -> . -> h -> > -> Enter -> i -> t ->   -> n -> m -> a -> n -> i -> ( -> v -> o -> i -> d -> Enter -> { -> Enter -> i -> n -> t ->   -> t -> ; -> Enter -> w -> s -> c -> a -> n -> f -> ( -> "" -> % -> d -> , -> & -> t -> ; -> Enter -> w -> h -> i -> l -> e -> ( -> t -> -x2 -> Enter -> { -> Enter -> i -> n -> t ->   -> n -> ; -> Enter -> s -> c -> a -> n -> f -> ( -> "" -> % -> d -> , -> & -> n -> ; -> Enter -> i -> n -> t -> i -> n -> t ->   -> a -> [ -> l -> o -> g -> n -> l -> o -> n -> g ->   -> l -> o -> n -> g ->   -> a -> [","#include <stdio.h>
#include <string.h>
{
    int t;
    scanf(""%d ,&t ;
    while(t--
    int a[max ;
    for (int i=1;i<max;i++
    {   scanf(""%lld&n ;
        a[ig=1;ng a[

    for(int i=2;i<max;i++
    {   int
        for (int j=i+",0,0,0,0,低活动,0,0.0,0.0,0,0,0,0,0,0,0,0,0,低活动,0,0.0,0.0,0,0,0,0,0,0,0,0,0,低活动,0,0.0,0.0,0,0,0,0,0,0,0,0,0,低活动,0,0.0,0.0,0,0,0,0,0,27,27,0,0,持续输入,1,11.258,1.049,0,2,0,2,25,92.875,
1154760-w005,1154760,316,2025-12-25T16:27:36.262400,1025,AC,1488.8,324,"{ -> Enter -> i -> n -> t ->   -> n -> ; -> Enter -> s -> c -> a -> n -> f -> ( -> "" -> % -> d -> , -> & -> n -> ; -> Enter -> i -> n -> t -> i -> n -> t ->   -> a -> [ -> l -> o -> g -> n -> l -> o -> n -> g ->   -> l -> o -> n -> g ->   -> a -> [ -> o -> l -> n -> g -> l -> n -> o -> g ->   -> l -> o -> n -> g -> l -> % -> l -> d -> l -> Enter -> $ -> # -> ¥ -> d -> e -> f -> i -> n -> e ->   -> m -> a -> x ->   -> 5 -> 0x4 -> 1 -> Enter -> # -> i -> c -> l -> u -> d -> e -> n ->   -> < -> s -> t -> r -> i -> n","#include <stdio.h>
#include <string.h>
{
    int t;
    scanf(""%d ,&t ;
    while(t--
    int a[max ;
    for (int i=1;i<max;i++
    {   scanf(""%lld&n ;
        a[ig=1;ng a[

    for(int i=2;i<max;i++
    {   int
        for (int j=i+i;j<max;j++
        {
            a[j +=i;





        int

        printf(""%d ,a[n -n ;

    return 0;",0,0,0,0,低活动,0,0.0,0.0,0,0,0,0,0,0,0,0,0,低活动,0,0.0,0.0,0,0,0,0,0,14,14,0,0,持续输入,1,2.686,1.251,0,1,0,2,12,37,37,0,0,持续输入,6,21.416,2.8,0,1,0,4,35,53,53,0,0,持续输入,9,31.308,2.746,0,3,0,6,51,22.101,
1095935-w001,1095935,12,2025-12-19T22:57:16.670999999,1533,WA,649.2,97,Shift -> } -> Enter -> } -> Enterx2 -> b -> r -> e -> a -> k -> ; ->  ,"






            break;
















            }
            }",0,0,0,0,低活动,0,0.0,0.0,0,0,0,0,0,0,0,0,0,低活动,0,0.0,0.0,0,0,0,0,0,1,1,0,0,持续输入,0,0.0,0.0,0,0,0,0,0,8,8,0,0,持续输入,1,35.715,14.912,0,1,0,2,7,9,9,0,0,持续输入,2,87.916,40.661,0,2,0,3,8,18.545,
1095935-w002,1095935,13,2025-12-19T22:59:10.273125,1533,WA,649.2,97,Shift -> } -> Enter -> } -> Enterx2 -> b -> r -> e -> a -> k -> ; ->   -> Enter,"






            break;
















            }
            }",0,0,0,0,低活动,0,0.0,0.0,0,0,0,0,0,1,1,0,0,低活动,0,0.0,0.0,0,1,0,0,0,1,1,0,0,低活动,0,0.0,0.0,0,1,0,0,0,1,1,0,0,低活动,0,0.0,0.0,0,1,0,0,0,1,1,0,0,低活动,0,0.0,0.0,0,1,0,0,0,6.959,
1095935-w003,1095935,20,2025-12-19T23:01:03.875250,1533,WA,649.2,97,Shift -> } -> Enter -> } -> Enterx2 -> b -> r -> e -> a -> k -> ; ->   -> Enterx2 -> } ->  x3 -> Enterx2,"






            break;



        }












            }
            }",0,0,0,0,低活动,0,0.0,0.0,0,0,0,0,0,0,0,0,0,低活动,0,0.0,0.0,0,0,0,0,0,0,0,0,0,低活动,0,0.0,0.0,0,0,0,0,0,2,2,0,0,低活动,1,6.098,6.098,0,2,0,0,0,7,7,0,0,持续输入,4,43.068,15.577,0,3,0,3,5,53.452,
1095935-w004,1095935,25,2025-12-19T23:02:57.477375,1533,WA,649.2,97,Shift -> } -> Enter -> } -> Enterx2 -> b -> r -> e -> a -> k -> ; ->   -> Enterx2 -> } ->  x3 -> Enterx6 -> },"






            break;
            }


        }












            }
            }",2,2,0,0,持续输入,1,2.32,2.32,0,1,0,1,1,2,2,0,0,持续输入,1,2.32,2.32,0,1,0,1,1,2,2,0,0,持续输入,1,2.32,2.32,0,1,0,1,1,3,3,0,0,持续输入,2,47.447,40.846,0,2,0,2,2,5,5,0,0,持续输入,4,105.992,40.763,0,4,0,4,4,0.766,
1095935-w005,1095935,61,2025-12-19T23:04:51.079500,1533,WA,649.2,97,Shift -> } -> Enter -> } -> Enterx2 -> b -> r -> e -> a -> k -> ; ->   -> Enterx2 -> } ->  x3 -> Enterx6 -> } -> Enter -> e -> l -> s -> e -> { -> } -> Enter -> Backspace -> Enter -> f -> o -> r -> ( -> i -> n -> t ->   -> i -> = -> 0 -> ; -> i -> < -> n -> ; -> i -> +x2 -> { -> Enter -> n -> t -> i ->   -> i,"






            break;
            for(int i=0;i<n;i++ {
        else{   int i

        }









        }


            }
            }",0,0,0,0,低活动,0,0.0,0.0,0,0,0,0,0,1,1,0,0,持续输入,0,0.0,0.0,0,0,0,0,0,17,17,0,0,持续输入,4,13.184,3.126,0,1,0,1,16,28,28,0,0,持续输入,6,35.659,3.121,1,2,0,3,27,38,38,0,0,持续输入,11,92.546,7.217,1,5,0,8,37,7.13,
1328801-w001,1328801,165,2026-01-07T22:09:39.500200,2110,WA,394.9,371,"Shift -> # -> i -> n -> c -> l -> u -> e ->   -> d -> Shift -> < -> s -> t -> d -> i -> o -> , -> . -> h -> Shiftx7 -> > -> Enter -> i -> n -> t ->   -> m -> a -> n -> Shift -> i -> ( -> Enter -> Shift -> { -> Enter -> r -> e -> t -> u -> r -> n ->   -> 0 -> ; -> Enter -> n -> i -> t ->   -> n -> ; -> Enter -> w -> h -> i -> l -> i -> n -> t ->   -> a -> [ -> 2 -> 0 -> 4 -> 8 -> ; -> Enter -> w -> h -> i -> l -> e -> Shift -> ( -> s -> c -> a -> f -> n -> Shift -> ( -> Shiftx20 -> "" -> Shiftx16 -> % -> d ->   -> Shift -> % -> s -> , -> Shift -> & -> n -> ; -> , -> a","#include <stdio.h>
int main(
{
    int n; 0;
    int a[2048 ;
    while(scanf(""%d %s ,&n,a !=EOF {
        for(int i=0;i",14,13,1,0,持续输入,0,0.0,0.478,0,0,0,0,11,20,17,3,0,持续输入,1,3.735,0.658,0,1,0,1,16,79,35,44,0,修饰键占多数,2,6.199,0.84,0,1,0,1,33,113,68,45,0,持续输入,4,20.749,1.231,0,3,0,3,66,166,110,56,0,持续输入,5,23.147,0.925,0,7,0,8,108,0.041,
1328801-w002,1328801,249,2026-01-07T22:10:48.611375,2110,WA,394.9,371,"Shift -> # -> i -> n -> c -> l -> u -> e ->   -> d -> Shift -> < -> s -> t -> d -> i -> o -> , -> . -> h -> Shiftx7 -> > -> Enter -> i -> n -> t ->   -> m -> a -> n -> Shift -> i -> ( -> Enter -> Shift -> { -> Enter -> r -> e -> t -> u -> r -> n ->   -> 0 -> ; -> Enter -> n -> i -> t ->   -> n -> ; -> Enter -> w -> h -> i -> l -> i -> n -> t ->   -> a -> [ -> 2 -> 0 -> 4 -> 8 -> ; -> Enter -> w -> h -> i -> l -> e -> Shift -> ( -> s -> c -> a -> f -> n -> Shift -> ( -> Shiftx20 -> "" -> Shiftx16 -> % -> d ->   -> Shift -> % -> s -> , -> Shift -> & -> n -> ; -> , -> a","#include <stdio.h>
int main(
{
    int n; 0;
    int a[2048 ;
    while(scanf(""%d %s ,&n,a !=EOF {
        for(int i=0;i<n;i++ {
            scanf(""%d ,&[i   ;
            for(int j=0;j<n-i-1;j++ {
                int t=a[i ;
                if(a[i >",10,9,1,0,持续输入,0,0.0,1.097,0,1,0,1,8,23,21,2,0,持续输入,0,0.0,0.999,0,2,0,2,20,51,45,6,0,持续输入,1,2.875,1.467,0,2,0,2,45,64,55,9,0,持续输入,5,31.435,1.617,0,3,0,3,55,186,127,59,0,持续输入,8,43.215,1.307,0,6,0,6,126,0.018,
1328801-w003,1328801,291,2026-01-07T22:11:57.722550,2110,WA,394.9,371,"Enter -> r -> e -> t -> u -> r -> n ->   -> 0 -> ; -> Enter -> n -> i -> t ->   -> n -> ; -> Enter -> w -> h -> i -> l -> i -> n -> t ->   -> a -> [ -> 2 -> 0 -> 4 -> 8 -> ; -> Enter -> w -> h -> i -> l -> e -> Shift -> ( -> s -> c -> a -> f -> n -> Shift -> ( -> Shiftx20 -> "" -> Shiftx16 -> % -> d ->   -> Shift -> % -> s -> , -> Shift -> & -> n -> ; -> , -> a -> Shift -> ! -> = -> CapsLock -> E -> F -> CapsLock -> O -> Shift -> { -> Enter -> f -> o -> r -> Shift -> ( -> i -> n -> t ->   -> i -> = -> 0 -> ; -> j -> i -> Shift -> < -> n -> ; -> Shift -> + -> Shift -> + -> i -> Shift","#include <stdio.h>
int main(
{
    int n; 0;
    int a[2048 ;
    while(scanf(""%d %s ,&n,a !=EOF {
        for(int i=0;i<n;i++ {
            scanf(""%d ,&[i   ;
            for(int j=0;j<n-i-1;j++ {
                int t;a[i ;
                if(a[i >a[i+1  {
                    t=a[ia;i+11;

                    a[i+1 =t;",0,0,0,0,低活动,0,0.0,0.0,0,0,0,0,0,0,0,0,0,低活动,0,0.0,0.0,0,0,0,0,0,0,0,0,0,低活动,0,0.0,0.0,0,0,0,0,0,31,28,3,0,持续输入,3,9.519,1.765,0,2,0,5,28,97,84,13,0,持续输入,8,41.972,1.671,0,6,0,9,86,30.445,
1328801-w004,1328801,331,2026-01-07T22:13:06.833725,2110,WA,394.9,371,"( -> s -> c -> a -> f -> n -> Shift -> ( -> Shiftx20 -> "" -> Shiftx16 -> % -> d ->   -> Shift -> % -> s -> , -> Shift -> & -> n -> ; -> , -> a -> Shift -> ! -> = -> CapsLock -> E -> F -> CapsLock -> O -> Shift -> { -> Enter -> f -> o -> r -> Shift -> ( -> i -> n -> t ->   -> i -> = -> 0 -> ; -> j -> i -> Shift -> < -> n -> ; -> Shift -> + -> Shift -> + -> i -> Shift -> Enter -> { -> s -> c -> n -> f -> a -> Shift -> ( -> a -> Shift -> "" -> Shift -> % -> d -> , -> a -> [ -> i -> & -> Shift -> ; -> Enter -> f -> o -> r -> Shift -> ( -> i -> n -> t ->   -> i -> = -> j -> = -> 0 -> ; -> j -> Shift","#include <stdio.h>
int main(
{
    int n; 0;
    int a[2048 ;
    while(scanf(""%d %s ,&n,a !=EOF {
        for(int i=0;i<n;i++ {
            scanf(""%d ,&[i   ;
            for(int j=0;j<n-i-1;j++ {
                int t;a[i ;
                if(a[i >a[i+1  {
                    t=a[ia;i+11;

                    a[i+1 =t;

                int k=n/2+1;

            printf(""%d\n ,a[k-1  ;",0,0,0,0,低活动,0,0.0,0.0,0,0,0,0,0,0,0,0,0,低活动,0,0.0,0.0,0,0,0,0,0,27,22,5,0,持续输入,2,8.567,1.47,0,1,0,2,20,33,27,6,0,持续输入,3,16.812,1.475,0,1,0,2,25,62,54,8,0,持续输入,7,79.939,2.271,0,4,0,9,52,10.068,
1328801-w005,1328801,334,2026-01-07T22:14:15.944900,2110,WA,394.9,371,"a -> f -> n -> Shift -> ( -> Shiftx20 -> "" -> Shiftx16 -> % -> d ->   -> Shift -> % -> s -> , -> Shift -> & -> n -> ; -> , -> a -> Shift -> ! -> = -> CapsLock -> E -> F -> CapsLock -> O -> Shift -> { -> Enter -> f -> o -> r -> Shift -> ( -> i -> n -> t ->   -> i -> = -> 0 -> ; -> j -> i -> Shift -> < -> n -> ; -> Shift -> + -> Shift -> + -> i -> Shift -> Enter -> { -> s -> c -> n -> f -> a -> Shift -> ( -> a -> Shift -> "" -> Shift -> % -> d -> , -> a -> [ -> i -> & -> Shift -> ; -> Enter -> f -> o -> r -> Shift -> ( -> i -> n -> t ->   -> i -> = -> j -> = -> 0 -> ; -> j -> Shift -> < -> n -> -","#include <stdio.h>
int main(
{
    int n; 0;
    int a[2048 ;
    while(scanf(""%d %s ,&n,a !=EOF {
        for(int i=0;i<n;i++ {
            scanf(""%d ,&[i   ;
            for(int j=0;j<n-i-1;j++ {
                int t;a[i ;
                if(a[i >a[i+1  {
                    t=a[ia;i+11;

                    a[i+1 =t;

                int k=n/2+1;

            printf(""%d\n ,a[k-1  ;",0,0,0,0,低活动,0,0.0,0.0,0,0,0,0,0,0,0,0,0,低活动,0,0.0,0.0,0,0,0,0,0,0,0,0,0,低活动,0,0.0,0.0,0,0,0,0,0,1,1,0,0,低活动,0,0.0,0.0,0,1,0,0,0,36,28,8,0,持续输入,5,48.019,4.686,0,2,1,4,27,47.971,
1271708-w001,1271708,186,2026-01-05T16:22:47.963600,1158,TLE,1090.2,753,"Shiftx17 -> # ->   -> Shift -> s -> Shiftx9 -> < -> s -> t -> d -> i -> . -> h -> o -> > -> Shift -> Enterx2 -> i -> n -> t ->   -> m -> a -> i -> n -> Shiftx5 -> ( -> Shift -> { -> Enter -> /x2 -> Shift -> Enterx2 -> /x2 -> Shift -> z -> u -> i -> d -> Shiftx2 -> n -> t -> i ->   -> n -> ; -> Enter -> w -> h -> i -> l -> e -> Shift -> ( -> s -> c -> a -> n -> f -> Shiftx2 -> ( -> Shift -> "" -> % -> Shift -> d -> , -> Shift -> & -> m -> n -> =x2 -> 1 -> Shift -> { -> Enterx2 -> t -> y -> p -> e -> d -> e -> f ->   -> s -> t -> r -> u -> c -> t -> Shift -> { -> Enter -> ix2 -> n -> t ->   -> ax2 -> [ -> 1","#        <stdio.h>
typedef struct{
int iain( {
    int n;
    while(scanf(""%d ,&n ==1 {
        int a[n0000 ;
//zuid  for(int i=0;i<n;i++ {
            scanf(""%d",16,8,8,0,修饰键占多数,0,0.0,0.513,0,0,0,0,7,30,19,11,0,持续输入,0,0.0,0.69,0,1,0,1,18,53,41,12,0,持续输入,2,7.447,1.18,0,2,0,4,39,69,56,13,0,持续输入,5,33.28,1.399,0,3,0,6,54,115,94,21,0,持续输入,9,62.074,1.565,0,6,0,8,91,0.995,
1271708-w002,1271708,452,2026-01-05T16:25:58.744750,1158,TLE,1090.2,753,"Shiftx15 -> # -> i -> n -> l -> c -> u -> d -> e ->   -> Shiftx2 -> < -> s -> t -> d -> l -> i -> b -> . -> h -> Shift -> > -> Enterx2 -> i -> n -> t ->   -> c -> m -> p -> Shiftx4 -> ( -> Shift -> c -> o -> n -> s -> t ->   -> v -> o -> i -> d ->   -> Shiftx24 -> * -> a ->   -> , -> o -> c -> n -> s -> t ->   -> v -> o -> i -> d ->   -> Shiftx16 -> * -> b -> Shift -> { -> Enter -> i -> n -> r -> t ->   -> Shift -> * -> p -> a -> = -> ( -> Shift -> n -> t ->   -> i -> Shift -> * -> a -> ; -> Enter -> i -> n -> t ->   -> Shiftx6 -> * -> Shiftx3 -> p -> b -> = -> Shift -> ( -> i","#        <stdio.h>
#include <stdlib.h>
int iain( {
int cmp(const void a ,const void *b {
    int *pa=(int *da;&n ==1 {
    int *pb=(int *0b;
//zureturn pa-pb;=0;i<n;i++ {
            scanf(""%d ,&a[i  ;


        //







        qsort(a,n,sizeof(int ,cmp ;

        //jia=
        for(int i=0;i<n;i++",0,0,0,0,低活动,0,0.0,0.0,0,0,0,0,0,0,0,0,0,低活动,0,0.0,0.0,0,0,0,0,0,6,5,1,0,持续输入,0,0.0,0.509,0,0,0,0,5,34,29,5,0,持续输入,4,24.202,2.245,0,3,0,3,29,130,104,26,0,持续输入,9,42.256,1.451,0,7,0,8,103,22.952,
1271708-w003,1271708,475,2026-01-05T16:29:09.525900,1158,TLE,1090.2,753,"  -> Shiftx2 -> < -> s -> t -> d -> l -> i -> b -> . -> h -> Shift -> > -> Enterx2 -> i -> n -> t ->   -> c -> m -> p -> Shiftx4 -> ( -> Shift -> c -> o -> n -> s -> t ->   -> v -> o -> i -> d ->   -> Shiftx24 -> * -> a ->   -> , -> o -> c -> n -> s -> t ->   -> v -> o -> i -> d ->   -> Shiftx16 -> * -> b -> Shift -> { -> Enter -> i -> n -> r -> t ->   -> Shift -> * -> p -> a -> = -> ( -> Shift -> n -> t ->   -> i -> Shift -> * -> a -> ; -> Enter -> i -> n -> t ->   -> Shiftx6 -> * -> Shiftx3 -> p -> b -> = -> Shift -> ( -> i -> n -> t ->   -> Shiftx5 -> * -> b -> ; -> Enter -> r","#        <stdio.h>
#include <stdlib.h>
int iain( {
int cmp(const void a ,const void *b {
    int *pa=(int *da;&n ==1 {
    int *pb=(int *0b;
//zureturn pa-pb;=0;i<n;i++ {
            scanf(""%d ,&a[i  ;


        //







        qsort(a,n,sizeof(int ,cmp ;

        int count=n;//y
        for(int i=0;i<n;i++




//me",4,4,0,0,持续输入,0,0.0,1.894,0,0,0,0,3,16,16,0,0,持续输入,0,0.0,1.444,0,0,0,0,15,17,16,1,0,持续输入,1,8.831,1.891,0,0,0,1,16,23,21,2,0,持续输入,2,22.102,1.895,0,1,0,2,22,23,21,2,0,持续输入,2,22.102,1.895,0,1,0,2,22,0.864,
1271708-w004,1271708,626,2026-01-05T16:32:20.307050,1158,TLE,1090.2,753,"; -> Enter -> r -> e -> t -> r -> n -> u ->   -> p -> a -> - -> p -> b -> ; -> Enter -> q -> s -> o -> r -> t -> Shift -> ( -> a -> , -> n -> , -> s -> i -> z -> e -> o -> f -> Shift -> ( -> i -> n -> t -> , -> c -> m -> p -> ; -> Enterx2 -> /x2 -> j -> i -> a -> = -> Shiftx2 -> Enter -> f -> r -> o -> Shift -> ( -> i -> n -> t ->   -> i -> = -> 0 -> ; -> i -> Shift -> < -> n -> ; -> Shift -> i -> +x2 -> Enter -> /x2 -> m -> e -> Shiftx2 -> i -> n -> t ->   -> c -> o -> u -> t -> n -> = -> 0 -> ; -> /x2 -> n -> y -> Shift -> 0 -> 1 -> Enter -> Shift -> w -> i -> l","#        <stdio.h>
#include <stdlib.h>
int iain( {
int cmp(const void a ,const void *b {
    int *pa=(int *da;&n ==1 {
    int *pb=(int *0b;
//zureturn pa-pb;=0;i<n;i++ {
            scanf(""%d ,&a[i  ;


        //







        qsort(a,n,sizeof(int ,cmp ;
        int   count!=1 {
        int //pat=n;//y       1
        whilqsort(a,count,sizeof(int ,cmp ;
            //hebin
            a[0 =a[0 +a[1 ;
            a[1 =55555
            count--;
//me
        q",5,5,0,0,持续输入,0,0.0,0.974,0,1,0,0,4,6,5,1,0,持续输入,1,2.28,1.884,0,1,0,1,5,18,16,2,0,持续输入,3,19.779,3.366,0,3,0,5,16,23,21,2,0,持续输入,5,25.616,3.229,0,3,0,5,21,99,78,21,0,持续输入,12,75.578,2.38,0,6,0,8,81,1.484,
1271708-w005,1271708,701,2026-01-05T16:35:31.088200,1158,TLE,1090.2,753,"+ -> Enter -> /x2 -> m -> e -> Shiftx2 -> i -> n -> t ->   -> c -> o -> u -> t -> n -> = -> 0 -> ; -> /x2 -> n -> y -> Shift -> 0 -> 1 -> Enter -> Shift -> w -> i -> l -> e -> h -> Shift -> ( -> i -> c -> o -> n -> u -> t -> Shiftx13 -> ! -> Shiftx3 -> 1 -> = -> Shift -> { -> Enter -> /x2 -> p -> a -> Shiftx2 -> Enter -> q -> s -> o -> r -> t -> ( -> Shift -> a -> , -> c -> o -> u -> n -> t -> , -> s -> i -> z -> o -> f -> Shift -> e -> Shift -> ( -> i -> n -> t -> , -> c -> m -> p -> ; -> Enter -> /x2 -> Shiftx2 -> h -> e -> b -> i -> n -> Shift -> Enter -> Shift -> a -> 0 -> [ -> Shiftx8 -> +","#        <stdio.h>
#include <stdlib.h>
int iain( {
int cmp(const void a ,const void *b {
    int *pa=(int *da;&n ==1 {
    int *pb=(int *0b;
//zureturn pa-pb;=0;i<n;i++ {
            scanf(""%d ,&a[i  ;


        //







        qsort(a,n,sizeof(int ,cmp ;
        int energy=0;1 {
        int //pat=n;/1y       1
        whilqsort(a,count,sizeof(int ,cmp ;
            //hebin n
            a[0 =a[0 +a[1 ;
            a[1 =55555
            energy+=a[0 ;
//me
        q         =1

        printf(""%d\n ,energy ;

    return 0;",0,0,0,0,低活动,0,0.0,0.0,0,0,0,0,0,0,0,0,0,低活动,0,0.0,0.0,0,0,0,0,0,0,0,0,0,低活动,0,0.0,0.0,0,0,0,0,0,2,2,0,0,持续输入,1,17.3,17.3,0,0,0,0,0,8,8,0,0,持续输入,5,56.866,15.003,0,0,0,3,6,31.588,
1171120-w001,1171120,138,2025-12-26T19:50:00.569200,1516,WA,533.9,303,"Shift -> # -> i -> n -> c -> u -> l -> d -> e -> Shift -> < -> s -> t -> i -> d -> o -> . -> h -> Shift -> > -> Enter -> i -> n -> t ->   -> m -> a -> n -> Shift -> i -> ( -> Enter -> Shift -> { -> Enter -> r -> e -> u -> t -> r -> n ->   -> ; -> 0 -> Enter -> i -> t ->   -> nx2 -> ; -> Enter -> w -> h -> i -> e -> l -> Shift -> < -> s -> ( -> c -> a -> n -> f -> Shiftx2 -> "" -> ( -> Shift -> % -> d -> , -> Shift -> & -> n -> Shift -> ! -> = -> CapsLock -> E -> O -> F -> CapsLock -> Enter -> Shift -> { -> Enter -> f -> o -> f -> rx2 -> Shift -> ( -> i -> n -> t ->   -> i -> = -> 1 -> ;","#include<stdio.h>
int main(
{
    int n; 0;
    while(scanf(""%d ,&n !=EOF
    {
        for(int i=1;i<n;i++
        {
 or         for(int m=i;m<",4,4,0,0,持续输入,0,0.0,1.404,0,0,0,0,3,16,15,1,0,持续输入,0,0.0,1.396,0,0,0,0,13,20,19,1,0,持续输入,1,2.328,1.472,0,1,0,2,17,55,48,7,0,持续输入,5,29.694,1.735,0,6,0,6,46,139,119,20,0,持续输入,7,49.78,1.241,0,11,0,12,120,0.345,
1171120-w002,1171120,193,2025-12-26T19:51:33.994000,1516,WA,533.9,303,"Shift -> # -> i -> n -> c -> u -> l -> d -> e -> Shift -> < -> s -> t -> i -> d -> o -> . -> h -> Shift -> > -> Enter -> i -> n -> t ->   -> m -> a -> n -> Shift -> i -> ( -> Enter -> Shift -> { -> Enter -> r -> e -> u -> t -> r -> n ->   -> ; -> 0 -> Enter -> i -> t ->   -> nx2 -> ; -> Enter -> w -> h -> i -> e -> l -> Shift -> < -> s -> ( -> c -> a -> n -> f -> Shiftx2 -> "" -> ( -> Shift -> % -> d -> , -> Shift -> & -> n -> Shift -> ! -> = -> CapsLock -> E -> O -> F -> CapsLock -> Enter -> Shift -> { -> Enter -> f -> o -> f -> rx2 -> Shift -> ( -> i -> n -> t ->   -> i -> = -> 1 -> ;","#include<stdio.h>
int main(
{
    int n; 0;
    while(scanf(""%d ,&n !=EOF
    {
        int x=0 i=1;i<n;i++
        {
 or         for(int m=i+1<n;=++
            {
                if(m*i/(m+i ==0
                {
                    x++;",8,8,0,0,持续输入,0,0.0,0.956,0,1,0,1,7,14,13,1,0,持续输入,0,0.0,1.775,0,1,0,2,11,34,27,7,0,持续输入,2,10.221,1.807,0,3,1,5,26,42,33,9,0,持续输入,6,28.147,2.791,0,3,1,6,32,75,60,15,0,持续输入,9,70.32,2.446,0,6,2,11,59,0.346,
1171120-w003,1171120,221,2025-12-26T19:53:07.418800,1516,WA,533.9,303,"Shift -> # -> i -> n -> c -> u -> l -> d -> e -> Shift -> < -> s -> t -> i -> d -> o -> . -> h -> Shift -> > -> Enter -> i -> n -> t ->   -> m -> a -> n -> Shift -> i -> ( -> Enter -> Shift -> { -> Enter -> r -> e -> u -> t -> r -> n ->   -> ; -> 0 -> Enter -> i -> t ->   -> nx2 -> ; -> Enter -> w -> h -> i -> e -> l -> Shift -> < -> s -> ( -> c -> a -> n -> f -> Shiftx2 -> "" -> ( -> Shift -> % -> d -> , -> Shift -> & -> n -> Shift -> ! -> = -> CapsLock -> E -> O -> F -> CapsLock -> Enter -> Shift -> { -> Enter -> f -> o -> f -> rx2 -> Shift -> ( -> i -> n -> t ->   -> i -> = -> 1 -> ;","#include<stdio.h>
int main(
{
    int n; 0;
    while(scanf(""%d ,&n !=EOF
    {
        int x=0;i=1;i<n;i++
        {
 or         for(int m=i+1<n;=++
            {
                if(m*i/(m+i ==0
                int a=
                    x++;




        printf(""%d ,x ;",7,7,0,0,持续输入,0,0.0,1.099,0,1,0,1,6,7,7,0,0,持续输入,0,0.0,1.099,0,1,0,1,6,7,7,0,0,持续输入,0,0.0,1.099,0,1,0,1,6,7,7,0,0,持续输入,0,0.0,1.099,0,1,0,1,6,59,48,11,0,持续输入,5,87.768,1.869,0,5,2,11,49,0.642,
1171120-w004,1171120,276,2025-12-26T19:54:40.843600,1516,WA,533.9,303,"n -> Shift -> i -> ( -> Enter -> Shift -> { -> Enter -> r -> e -> u -> t -> r -> n ->   -> ; -> 0 -> Enter -> i -> t ->   -> nx2 -> ; -> Enter -> w -> h -> i -> e -> l -> Shift -> < -> s -> ( -> c -> a -> n -> f -> Shiftx2 -> "" -> ( -> Shift -> % -> d -> , -> Shift -> & -> n -> Shift -> ! -> = -> CapsLock -> E -> O -> F -> CapsLock -> Enter -> Shift -> { -> Enter -> f -> o -> f -> rx2 -> Shift -> ( -> i -> n -> t ->   -> i -> = -> 1 -> ; -> i -> Shift -> < -> n -> ; -> i -> Shift -> +x2 -> Enter -> [ -> Shift -> Enter -> Shift -> { -> Enter -> f -> o -> r -> Enter -> f -> o -> r -> Shift -> ( -> i -> n -> t","#include<stdio.h>
int main(
{
    int n; 0;
    while(scanf(""%d ,&n !=EOF
    {
        int x=0;i=1;i<n;i++
        {
 or         for(int m=i+1<n;=++
            {
                if(m*i/(m+i ==0
                int a=m*i;
                int b=m+i;
                   a/b b



        printf(""%d ,x ;",0,0,0,0,低活动,0,0.0,0.0,0,0,0,0,0,0,0,0,0,低活动,0,0.0,0.0,0,0,0,0,0,3,3,0,0,持续输入,1,2.197,2.007,0,0,0,0,2,29,25,4,0,持续输入,4,14.057,2.386,0,2,1,3,25,62,50,12,0,持续输入,8,41.557,2.197,0,4,2,9,50,27.186,
1171120-w005,1171120,278,2025-12-26T19:56:14.268400,1516,WA,533.9,303,"i -> ( -> Enter -> Shift -> { -> Enter -> r -> e -> u -> t -> r -> n ->   -> ; -> 0 -> Enter -> i -> t ->   -> nx2 -> ; -> Enter -> w -> h -> i -> e -> l -> Shift -> < -> s -> ( -> c -> a -> n -> f -> Shiftx2 -> "" -> ( -> Shift -> % -> d -> , -> Shift -> & -> n -> Shift -> ! -> = -> CapsLock -> E -> O -> F -> CapsLock -> Enter -> Shift -> { -> Enter -> f -> o -> f -> rx2 -> Shift -> ( -> i -> n -> t ->   -> i -> = -> 1 -> ; -> i -> Shift -> < -> n -> ; -> i -> Shift -> +x2 -> Enter -> [ -> Shift -> Enter -> Shift -> { -> Enter -> f -> o -> r -> Enter -> f -> o -> r -> Shift -> ( -> i -> n -> t ->   -> m","#include<stdio.h>
int main(
{
    int n; 0;
    while(scanf(""%d ,&n !=EOF
    {
        int x=0;i=1;i<n;i++
        {
 or         for(int m=i+1<n;=++
            {
                if(m*i/(m+i ==0
                int a=m*i;
                int b=m+i;
                   a/b b



        printf(""%d ,x ;",0,0,0,0,低活动,0,0.0,0.0,0,0,0,0,0,0,0,0,0,低活动,0,0.0,0.0,0,0,0,0,0,0,0,0,0,低活动,0,0.0,0.0,0,0,0,0,0,0,0,0,0,低活动,0,0.0,0.0,0,0,0,0,0,2,0,2,0,修饰键占多数,0,0.0,0.003,0,0,1,0,0,92.086,
1395045-w001,1395045,44,2026-01-10T11:45:09.677800,1899,AC,249.6,249,Shift -> # -> Shift -> i -> n -> c -> l -> u -> d -> e -> Shift -> < -> s -> t -> d -> i -> o -> . -> h -> Shift -> > -> Enter -> n -> t -> i ->   -> m -> a -> i -> n -> Shift -> ( -> Shift -> Enter -> { -> r -> e -> t -> u -> r -> n ->   -> 0 -> ; -> Enter,"#include<stdio.h>
int main( {
    return 0;",0,0,0,0,低活动,0,0.0,0.0,0,0,0,0,0,0,0,0,0,低活动,0,0.0,0.0,0,0,0,0,0,40,36,4,0,持续输入,0,0.0,0.692,0,3,0,3,36,45,39,6,0,持续输入,1,18.613,0.718,0,3,0,3,39,45,39,6,0,持续输入,1,18.613,0.718,0,3,0,3,39,16.177,
1395045-w002,1395045,157,2026-01-10T11:45:53.364625,1899,AC,249.6,249,"Shift -> # -> Shift -> i -> n -> c -> l -> u -> d -> e -> Shift -> < -> s -> t -> d -> i -> o -> . -> h -> Shift -> > -> Enter -> n -> t -> i ->   -> m -> a -> i -> n -> Shift -> ( -> Shift -> Enter -> { -> r -> e -> t -> u -> r -> n ->   -> 0 -> ; -> Enter -> i -> n -> t ->   -> x -> , -> y -> , -> n -> ; -> Enter -> w -> h -> i -> l -> e -> Shift -> ( -> a -> s -> c -> a -> n -> Shift -> f -> ( -> "" -> % -> d -> Shift -> ~ -> Shift -> $ -> Shift -> % -> d -> , -> Shiftx4 -> % -> d -> , -> Shiftx45 -> & -> Shiftx4 -> x -> , -> Shift -> & -> y -> , -> & -> Shift -> n -> Shift -> !","#include<stdio.h>
int main( {
    int x,y,n;
    while(scanf(""%d~%d,%d ,&x,&y,&n !=EOF {
",5,4,1,0,持续输入,0,0.0,0.723,0,1,0,0,3,16,12,4,0,持续输入,0,0.0,0.763,0,1,0,0,11,94,32,62,0,修饰键占多数,2,4.623,0.638,0,1,0,0,31,114,51,63,0,修饰键占多数,5,29.244,0.768,0,3,0,2,49,158,89,69,0,持续输入,6,47.857,0.751,0,5,0,5,88,3.706,
1395045-w003,1395045,180,2026-01-10T11:46:37.051449999,1899,AC,249.6,249,"Shift -> # -> Shift -> i -> n -> c -> l -> u -> d -> e -> Shift -> < -> s -> t -> d -> i -> o -> . -> h -> Shift -> > -> Enter -> n -> t -> i ->   -> m -> a -> i -> n -> Shift -> ( -> Shift -> Enter -> { -> r -> e -> t -> u -> r -> n ->   -> 0 -> ; -> Enter -> i -> n -> t ->   -> x -> , -> y -> , -> n -> ; -> Enter -> w -> h -> i -> l -> e -> Shift -> ( -> a -> s -> c -> a -> n -> Shift -> f -> ( -> "" -> % -> d -> Shift -> ~ -> Shift -> $ -> Shift -> % -> d -> , -> Shiftx4 -> % -> d -> , -> Shiftx45 -> & -> Shiftx4 -> x -> , -> Shift -> & -> y -> , -> & -> Shift -> n -> Shift -> !","#include<stdio.h>
int main( {
    int x,y,n;
    while(scanf(""%d~%d,%d ,&x,&y,&n !=EOF {
        if(x<0  pr    (""No\n",9,4,5,0,修饰键占多数,0,0.0,0.962,0,0,0,0,4,15,9,6,0,持续输入,1,2.18,1.499,0,0,0,0,9,23,15,8,0,持续输入,2,4.302,1.897,0,0,0,0,15,94,32,62,0,修饰键占多数,3,35.462,0.887,0,1,0,1,32,180,104,76,0,持续输入,8,64.706,0.911,0,5,0,6,104,0.151,
1395045-w004,1395045,220,2026-01-10T11:47:20.738275,1899,AC,249.6,249,"Shift -> # -> Shift -> i -> n -> c -> l -> u -> d -> e -> Shift -> < -> s -> t -> d -> i -> o -> . -> h -> Shift -> > -> Enter -> n -> t -> i ->   -> m -> a -> i -> n -> Shift -> ( -> Shift -> Enter -> { -> r -> e -> t -> u -> r -> n ->   -> 0 -> ; -> Enter -> i -> n -> t ->   -> x -> , -> y -> , -> n -> ; -> Enter -> w -> h -> i -> l -> e -> Shift -> ( -> a -> s -> c -> a -> n -> Shift -> f -> ( -> "" -> % -> d -> Shift -> ~ -> Shift -> $ -> Shift -> % -> d -> , -> Shiftx4 -> % -> d -> , -> Shiftx45 -> & -> Shiftx4 -> x -> , -> Shift -> & -> y -> , -> & -> Shift -> n -> Shift -> !","#include<stdio.h>
int main( {
    int x,y,n;
    while(scanf(""%d~%d,%d ,&x,&y,&n !=EOF {
        if(x<0  pr    (""No\n  ;
        else if(y>=n  print (""Yes\n  ;
        else",6,6,0,0,持续输入,0,0.0,0.776,0,1,0,1,5,14,13,1,0,持续输入,0,0.0,0.963,0,1,0,1,11,28,23,5,0,持续输入,1,6.157,1.727,0,1,0,1,21,63,49,14,0,持续输入,5,24.134,1.834,0,2,0,2,48,164,87,77,0,持续输入,9,62.044,1.432,0,3,0,3,85,2.43,
1395045-w005,1395045,236,2026-01-10T11:48:04.425100,1899,AC,249.6,249,"Shift -> # -> Shift -> i -> n -> c -> l -> u -> d -> e -> Shift -> < -> s -> t -> d -> i -> o -> . -> h -> Shift -> > -> Enter -> n -> t -> i ->   -> m -> a -> i -> n -> Shift -> ( -> Shift -> Enter -> { -> r -> e -> t -> u -> r -> n ->   -> 0 -> ; -> Enter -> i -> n -> t ->   -> x -> , -> y -> , -> n -> ; -> Enter -> w -> h -> i -> l -> e -> Shift -> ( -> a -> s -> c -> a -> n -> Shift -> f -> ( -> "" -> % -> d -> Shift -> ~ -> Shift -> $ -> Shift -> % -> d -> , -> Shiftx4 -> % -> d -> , -> Shiftx45 -> & -> Shiftx4 -> x -> , -> Shift -> & -> y -> , -> & -> Shift -> n -> Shift -> !","#include<stdio.h>
int main( {
    int x,y,n;
    while(scanf(""%d~%d,%d ,&x,&y,&n !=EOF {
        if(x<0  pr    (""No\n  ;c
        else if(y>=n  vrint (""Yes\n  ;x
        else v",0,0,0,0,低活动,0,0.0,0.0,0,0,0,0,0,0,0,0,0,低活动,0,0.0,0.0,0,0,0,0,0,0,0,0,0,低活动,0,0.0,0.0,0,0,0,0,0,39,25,14,3,持续输入,2,8.005,1.724,0,1,11,5,23,79,54,25,3,持续输入,7,32.139,1.871,0,2,11,6,53,32.671,
1135851-w001,1135851,299,2025-12-24T08:43:50.049000,1117,AC,1179.2,972,"Shiftx9 -> # -> Enter -> i -> n ->   -> m -> i -> a -> n -> t -> a -> n -> i -> Shift -> ( -> Enter -> Shift -> { -> Enterx2 -> r -> e -> t -> u -> r -> n ->   -> 0 -> ; -> i -> t ->   -> n -> t -> l -> ; -> Enter -> w -> h -> i -> l -> e -> Shift -> ( -> s -> c -> a -> n -> f -> ( -> "" -> Shift -> % -> d -> t -> , -> d -> Shiftx8 -> & -> Shift -> t -> Shift -> ! -> = -> CapsLock -> E -> F -> CapsLock -> O -> Shift -> { -> Enterx2 -> i -> n -> t ->   -> m -> , -> n -> ; -> Enter -> s -> c -> a -> n -> f -> Shift -> ( -> "" -> % ->   -> d -> Shift -> % -> D -> d -> , -> Shift -> & -> m","#include<stdio.h
#nclude<string.h
int main(
{
    int t;
    while(scanf(""%d ,&t !=EOF
    {
        int m,n;
        scanf(""%d %d ,&m,&n ;
        char dna[51]5 ;
        for(int i=0;i<m;i++
        {
            for(int j=0;j<n;j++
            {
                scanf(""%c ,dna[i [j  ;


        int han_",12,11,1,0,持续输入,0,0.0,0.383,0,0,0,0,9,12,11,1,0,持续输入,0,0.0,0.383,0,0,0,0,9,18,17,1,0,持续输入,1,20.767,1.658,0,1,0,2,15,65,60,5,0,持续输入,3,32.031,1.182,0,3,0,5,58,66,61,5,0,持续输入,4,39.454,1.446,0,3,0,5,59,0.252,
1135851-w002,1135851,391,2025-12-24T08:47:16.408125,1117,AC,1179.2,972,"  -> m -> , -> n -> ; -> Enter -> s -> c -> a -> n -> f -> Shift -> ( -> "" -> % ->   -> d -> Shift -> % -> D -> d -> , -> Shift -> & -> m -> , -> Shift -> & -> n -> ; -> Enter -> c -> h -> a -> r ->   -> d -> n -> a -> [ -> 1 -> 0x2 -> 5 -> ; -> Enter -> f -> o -> r -> Shift -> ( -> i -> n -> t ->   -> i -> = -> 0 -> i -> ; -> Shift -> < -> m -> ; -> i -> +x2 -> Enter -> Shift -> { -> Enter -> s -> c -> a -> n -> f -> Shift -> ( -> % -> d -> "" -> , -> s -> 0x2 -> n -> s -> d -> n -> a -> ; -> Enter -> [ -> 5 -> 1 -> ] ->  x3 -> f -> o -> r ->   -> Shift -> (","#include<stdio.h
#nclude<string.h
int main(
{
    int t;
    while(scanf(""%d ,&t !=EOF
    {
        int m,n;
        scanf(""%d %d ,&m,&n ;
        char dna[51]5 ;
        for(int i=0;i<m;i++
        {
            for(int j=0;j<n;j++
            {
                scanf(""%c ,dna[i [j  ;


        int han_len[2000 ={0
        for(int i=0;i<m;i++
        {
            for(int k=0;k<m;k++
            {
                if(i!=k
                {
",0,0,0,0,低活动,0,0.0,0.0,0,0,0,0,0,5,4,1,0,持续输入,0,0.0,0.502,0,0,0,0,4,10,9,1,0,持续输入,2,21.943,6.669,0,0,0,0,9,28,23,5,0,持续输入,3,44.665,2.68,0,4,0,6,23,58,41,17,0,持续输入,4,46.944,1.337,0,4,1,6,42,5.07,
1135851-w003,1135851,471,2025-12-24T08:50:42.767250,1117,AC,1179.2,972,""" -> , -> s -> 0x2 -> n -> s -> d -> n -> a -> ; -> Enter -> [ -> 5 -> 1 -> ] ->  x3 -> f -> o -> r ->   -> Shift -> ( -> i -> n -> t ->   -> j -> = -> 0 -> ; -> j -> Shift -> < -> n -> ; -> + -> j -> + -> Enter -> Shift -> { -> Enter -> s -> c -> a -> n -> f -> ( -> Shift -> "" -> % -> s -> , -> d -> n -> a -> c -> [ -> i -> [ -> j -> ; -> Enter -> i -> n -> t ->   -> e -> n -> l -> h -> n -> a -> Shift -> _ -> e -> n -> = -> l -> 0 -> ; -> Enter -> f -> o -> r -> Shift -> i -> ( -> n -> t ->   -> i -> = -> 0 -> ; -> i -> < -> n -> Shift -> ,","#include<stdio.h
#nclude<string.h
int main(
{
    int t;
    while(scanf(""%d ,&t !=EOF
    {
        int m,n;
        scanf(""%d %d ,&m,&n ;
        char dna[51]5 ;
        for(int i=0;i<m;i++
        {
            for(int j=0;j<n;j++
            {
                scanf(""%c ,dna[i [j  ;


        int han_len[2000 ={0
        for(int i=0;i<m;i++
        {
            for(int k=0;k<m;k++
            {
                if(i==k
                {
                    break;

                else
                {
                    for(int j=0;j<n;j++
                    {
                        if(dna[i [j !=dna[k [j
                        {
                            hanlen[k ++;",0,0,0,0,低活动,0,0.0,0.0,0,0,0,0,0,0,0,0,0,低活动,0,0.0,0.0,0,0,0,0,0,0,0,0,0,低活动,0,0.0,0.0,0,0,0,0,0,0,0,0,0,低活动,0,0.0,0.0,0,0,0,0,0,6,5,1,0,持续输入,1,19.712,12.518,0,0,0,0,4,97.131,
1135851-w004,1135851,686,2025-12-24T08:54:09.126375,1117,AC,1179.2,972,"d -> n -> a -> [ -> i -> [ -> j -> Shift -> ! -> = -> d -> n -> a -> [ -> i -> k -> [ -> j -> Enter -> Shift -> { -> Enter -> a -> n -> h -> l -> e -> [ -> n -> i -> Shift -> +x2 -> ; -> k -> Controlx3 -> i -> n -> t ->   -> m -> , -> n -> ; -> Enter -> s -> a -> n -> f -> Shift -> c -> ( -> "" -> % -> d ->   -> Shift -> % -> d -> , -> Shift -> & -> m -> , -> Shift -> & -> n -> ; -> Enter -> f -> o -> r -> c -> h -> a -> r ->   -> n -> d -> a -> [ -> 5 -> 1 -> [ -> 1 -> 0x2 -> 5 -> ; -> Enter -> f -> o -> r -> Shift -> ( -> i -> n -> t ->   -> i -> = -> 0","#include<stdio.h
#nclude<string.h
int main(
{
    int t;
    while(scanf(""%d ,&t !=EOF
    {
        int m,n;
        scanf(""%d %d ,&m,&n ;
        char dna[51][1005 ;
        for(int i=0;i<m;i++
        {
            scanf(""%s=,dna[ij+;
            {
                scanf(""%c ,dna[i [j  ;
        int count[4 ={0 ;//          0:A 1:C 2:G 3:T

        char shortest[1001{;
        int total_distance=0;
        {
            for(int k=0;k<m;k++
            {
                if(i==k
                {
                    break;

                else
                {
                    for(int j=0;j<n;j++
                    {
                        if(dna[i [j !=dna[k [j
                        {
                            hanlen[k ++;",0,0,0,0,低活动,0,0.0,0.0,0,0,0,0,0,1,1,0,0,低活动,0,0.0,0.0,0,1,0,0,0,32,31,1,0,持续输入,3,16.637,0.882,0,3,0,2,31,57,56,1,0,持续输入,5,27.48,1.129,0,3,0,2,55,103,86,17,0,持续输入,12,78.447,2.142,0,5,4,4,87,6.587,
1135851-w005,1135851,899,2025-12-24T08:57:35.485500,1117,AC,1179.2,972,t -> e -> s -> e -> t -> 1 -> [ -> 0x2 -> 1 -> ; -> Enter -> i -> n -> t ->   -> t -> o -> t -> a -> l -> Shift -> d -> i -> s -> t -> _ -> n -> c -> a -> e -> ; -> Enter -> = -> 0 -> ; -> Enter -> f -> o -> r -> Shift -> ( -> n -> t -> i ->   -> i -> 0 -> = -> ; -> i -> Shift -> < -> n -> i -> + -> ; -> + -> Enter -> Shift -> { -> Enter -> Control -> v -> Enter -> f -> o -> r -> Shift -> ( -> i -> n -> t -> i ->   -> j -> = -> 0 -> ; -> j -> Shift -> < -> m -> ; -> +x2 -> j -> Enter -> Shift -> Enter -> c -> { -> a -> h -> r ->   -> c -> [ -> = -> [ -> d -> n,"#include<stdio.h
#nclude<string.h
int main(
{
    int t;
    while(scanf(""%d ,&t !=EOF
    {
        int m,n;
        scanf(""%d %d ,&m,&n ;
        char dna[51][1005 ;
        for(int i=0;i<m;i++
        {
            scanf(""%s=,dna[ij+;
            {
                scanf(""%c ,dna[i [j  ;
        int count[4 ={0 ;//          0:A 1:C 2:G 3:T

        char shortest[1001{;
        int total_distance=0;
        for(int i=0;i<n;i++
        {   for(int k=0;k<m;k++
            v
            for(int j=0;j<m;j++
            {   {
                char c=dna[j [j ;
                swi   (c
                {lse
                {   case'A':count[0 ++;break;
                    case'Ct:count[1;++;break;
                    case'G':count[2 ++;break;
                    case'T(:count[3 ++;break;j
                        {
                            hanlen[k ++;


",0,0,0,0,低活动,0,0.0,0.0,0,0,0,0,0,0,0,0,0,低活动,0,0.0,0.0,0,0,0,0,0,27,19,8,0,持续输入,1,5.167,0.675,0,2,0,2,19,100,81,19,0,持续输入,1,5.167,0.83,0,5,0,5,80,185,157,28,0,持续输入,5,26.51,0.977,0,10,0,12,157,17.93,
1239234-w001,1239234,241,2026-01-02T22:24:28.064000,1210,TLE,1124.7,515,Shift -> # -> i -> n -> c -> l -> u -> d -> Shift -> < -> s -> e -> t -> d -> i -> o -> . -> h -> Shift -> Enter -> > -> i -> n -> t ->   -> z -> y -> s -> n -> Shift -> ( -> i -> n ->   -> n -> t -> Shift -> { -> Enter -> f -> o -> r -> Shift -> ( -> f -> i -> Shift -> ( -> n -> Shift -> < -> = -> 1 -> r -> t -> e -> u -> n ->   -> r -> 0 -> Enter -> ; -> f -> Shift -> i -> ( -> n -> = -> 2x2 -> = -> r -> e -> t -> u -> n -> r ->   -> 1 -> ; -> Enter -> o -> r -> Shift -> f -> ( -> i ->   -> i -> n -> t -> 2 -> = -> ; -> i -> Shift -> < -> n -> ; -> i,"#include<stdio.h>
int zyn(int n {
    if(n<=1 return 0;
    if(n==2 return 1;
    for(int i=2;i<n;i++ {
        if(n%2==0 {
            return 0;


    return 1;

int main( {
    int a[v     5 ;
    int top=0;2;i<=v      ;i++ {
        if(zyn(i  {
            a[top =i;
            top++;",0,0,0,0,低活动,0,0.0,0.0,0,0,0,0,0,0,0,0,0,低活动,0,0.0,0.0,0,0,0,0,0,33,30,3,0,持续输入,3,8.241,1.378,0,3,0,5,29,36,33,3,0,持续输入,3,8.241,1.317,0,3,0,5,32,98,84,14,3,持续输入,11,69.895,2.348,0,7,4,9,80,10.804,
1239234-w002,1239234,355,2026-01-02T22:27:44.885625,1210,TLE,1124.7,515,Enter -> \ -> i -> f -> Shift -> ( -> 2 -> n -> Shift -> & -> % -> 2 -> Shift -> =x2 -> 0 -> Shift -> { -> Enter -> r -> e -> t -> u -> r -> n ->   -> 0 -> ; -> Enter -> r -> e -> t -> u -> r -> n ->   -> 1 -> ; -> Enter -> i -> n -> t ->   -> m -> a -> i -> n -> i -> n -> ( -> Shiftx2 -> { -> Enter -> i -> n -> t ->   -> a -> [ -> Control -> c -> Control -> v -> 5 -> ; -> Enter -> f -> o -> Shift -> ( -> i -> r -> t ->   -> i -> n -> = -> 2 -> ; -> i -> Shift -> < -> = -> c -> Controlx2 -> v -> ; -> i -> Shift -> +x2 -> Shift -> { -> Enter -> i -> f -> Shift -> ( -> z -> y -> n -> Shift,"#include<stdio.h>
int zyn(int n {
    if(n<=1 return 0;
    if(n==2 return 1;
    for(int i=2;i<n;i++ {
        if(n%2==0 {
            return 0;


    return 1;

int main( {
    int a[v     5 ;
    int top=0;2;i<=v      ;i++ {
        if(zyn(i  {
            a[top =i;
            top++;



    int n;
    while(scanf(""%d ,&n !=EOF {
        int a,b;
        for(int i=0;a[i <n;i++ {
",0,0,0,0,低活动,0,0.0,0.0,0,0,0,0,0,0,0,0,0,低活动,0,0.0,0.0,0,0,0,0,0,16,13,3,0,持续输入,5,14.979,3.414,0,1,0,0,12,28,24,4,0,持续输入,7,29.967,3.95,0,1,0,0,23,50,43,7,0,持续输入,9,84.396,3.855,0,1,0,0,42,11.186,
1239234-w003,1239234,436,2026-01-02T22:31:01.707250,1210,TLE,1124.7,515,"Shift -> < -> = -> c -> Controlx2 -> v -> ; -> i -> Shift -> +x2 -> Shift -> { -> Enter -> i -> f -> Shift -> ( -> z -> y -> n -> Shift -> ( -> i -> Shift -> { -> Enter -> a -> [ -> t -> o -> p -> = -> i -> ; -> Enter -> t -> o -> Shift -> + -> p -> + -> ; -> i -> Enter ->   -> t -> n -> o -> p -> t -> = -> 0 -> ; -> Enter -> w -> i -> n -> g -> t ->   -> n -> ; -> Enter -> w -> h -> i -> l -> e -> Shift -> ( -> s -> c -> a -> n -> f -> Shiftx2 -> ( -> "" -> Shift -> % -> d -> , -> Shift -> & -> n -> Shift -> ! -> = -> Shiftx3 -> E -> O -> F -> Shift -> { -> Enter -> i -> n -> t ->   -> a","#include<stdio.h>
int zyn(int n {
    if(n<=1 return 0;
    if(n==2 return 1;
    for(int i=2;i<n;i++ {
        if(n%2==0 {
            return 0;


    return 1;

int main( {
    int z[v     5 ;
    int top=0;2;i<=v      ;i++ {
        if(zyn(i  {
            a[top =i;
            zop++;



    int n;
    while(scanf(""%d ,&n !=EOF {
        int a,b;
        for(int i=0;z[i <n;i++ {
            a=z[i ;
            b=n-a;
            if(!yn(b  {
                printf(""%d %d\n ,a,b ;

         printf(""\n  ;

    return 0;",0,0,0,0,低活动,0,0.0,0.0,0,0,0,0,0,0,0,0,0,低活动,0,0.0,0.0,0,0,0,0,0,0,0,0,0,低活动,0,0.0,0.0,0,0,0,0,0,0,0,0,0,低活动,0,0.0,0.0,0,0,0,0,0,28,26,2,0,持续输入,2,35.661,1.463,0,1,0,3,26,70.248,
1239234-w004,1239234,491,2026-01-02T22:34:18.528875,1210,TLE,1124.7,515,"Enter -> w -> i -> n -> g -> t ->   -> n -> ; -> Enter -> w -> h -> i -> l -> e -> Shift -> ( -> s -> c -> a -> n -> f -> Shiftx2 -> ( -> "" -> Shift -> % -> d -> , -> Shift -> & -> n -> Shift -> ! -> = -> Shiftx3 -> E -> O -> F -> Shift -> { -> Enter -> i -> n -> t ->   -> a -> , -> b -> ; -> Enter -> f -> o -> Shift -> ( -> r -> i -> n -> t ->   -> i -> w -> i -> l -> e -> h -> Shift -> ( -> f -> o -> r -> w -> h -> i -> l -> e -> Shift -> ( -> a -> Shift -> ! -> = -> b -> f -> o -> r -> Shift -> ( -> i -> t -> n ->   -> i -> = -> 0 -> ; -> i -> a -> [ -> i","#include<stdio.h>
int zyn(int n {
    if(n<=1 return 0;
    if(n==2 return 1;
    for(int i=2;i<n;i++ {
        if(n%i==0 {
            return 0;


    return 1;

int main( {
    int z[v     5 ;
    int top=0;2;i<=v      ;i++ {
        if(zyn(i  {
            a[top =i;
            zop++;



    int n;
    while(scanf(""%d ,&n !=EOF {
        int a,b;
        for(int i=0;z[i <n;i++ {
            a=z[i ;
            b=n-a;
            for(int j=0;j<top;j++ {
                if(b==z[jd {d\n ,a,b ;
                    y=1;
         printf(""\n break;

    return 0;",10,10,0,0,持续输入,0,0.0,0.568,0,1,0,1,9,14,13,1,0,持续输入,1,3.506,0.986,0,2,0,2,12,38,33,5,0,持续输入,3,11.111,1.266,0,3,0,3,33,54,48,6,0,持续输入,5,17.908,1.266,0,4,0,4,48,55,49,6,0,持续输入,6,96.386,2.044,0,4,0,5,49,1.309,
1239234-w005,1239234,505,2026-01-02T22:37:35.350500,1210,TLE,1124.7,515,"e -> Shift -> ( -> s -> c -> a -> n -> f -> Shiftx2 -> ( -> "" -> Shift -> % -> d -> , -> Shift -> & -> n -> Shift -> ! -> = -> Shiftx3 -> E -> O -> F -> Shift -> { -> Enter -> i -> n -> t ->   -> a -> , -> b -> ; -> Enter -> f -> o -> Shift -> ( -> r -> i -> n -> t ->   -> i -> w -> i -> l -> e -> h -> Shift -> ( -> f -> o -> r -> w -> h -> i -> l -> e -> Shift -> ( -> a -> Shift -> ! -> = -> b -> f -> o -> r -> Shift -> ( -> i -> t -> n ->   -> i -> = -> 0 -> ; -> i -> a -> [ -> i -> Shift -> < -> n -> ; -> i -> Shift -> +x2 -> Shift -> Enter -> { -> zx3 -> a -> = -> z","#include<stdio.h>
int zyn(int n {
    if(n<=1 return 0;
    if(n==2 return 1;
    for(int i=2;i<n;i++ {
        if(n%i==0 {
            return 0;


    return 1;

int main( {
    int z[v     5 ;
    int top=0;2;i<=v      ;i++ {
        if(zyn(i  {
            a[top =i;
            zop++;



    int n;
    while(scanf(""%d ,&n !=EOF {
        int a,b;
        int y=0;i=0;z[i <n;i++ {
            a=z[i ;
            b=n-a;
            for(int j=0;j<top;j++ {
                if(b==z[jd {d\n ,a,b ;
                    y=1;
         printf(""\n break;

    return 0;
 c
               yz",0,0,0,0,低活动,0,0.0,0.0,0,0,0,0,0,0,0,0,0,低活动,0,0.0,0.0,0,0,0,0,0,0,0,0,0,低活动,0,0.0,0.0,0,0,0,0,0,0,0,0,0,低活动,0,0.0,0.0,0,0,0,0,0,0,0,0,0,低活动,0,0.0,0.0,0,0,0,0,0,162.06,
1025438-w001,1025438,114,2025-12-11T14:03:17.473800,2171,AC,1223.8,516,"Shift -> # -> i -> n -> c -> ; -> u -> d -> e -> l -> u -> d -> e -> < -> s -> Shift -> t -> d -> i -> o -> h -> Shift -> . -> > -> Enter -> i -> n -> t ->   -> m -> a -> i -> n -> Shift -> ( -> Enter -> Shift -> { -> Enter -> l -> o -> n -> g ->   -> o -> n -> l -> f -> g -> l -> o -> n -> g ->   -> l -> o -> g -> n ->   -> n -> ; -> Enter -> w -> h -> i -> l -> e -> Shift -> ( -> s -> c -> n -> f -> a -> Shift -> ( -> Shift -> "" -> Shift -> % -> d -> lx2 -> d -> , -> Shiftx3 -> & -> n -> Shift -> ! -> = -> CapsLock -> E -> O -> F -> CapsLock -> Enter -> Shift -> { -> ' -> Enter","#include<stdio.h>
int main(
{
    long long n;
    while(scanf(""%lld ,&n !=EOF
    {'
        int t=n;
",0,0,0,0,低活动,0,0.0,0.0,0,0,0,0,0,0,0,0,0,低活动,0,0.0,0.0,0,0,0,0,0,9,9,0,0,持续输入,0,0.0,0.721,0,1,0,0,8,43,32,11,0,持续输入,3,16.21,1.874,0,4,0,2,30,76,64,12,0,持续输入,5,25.309,1.468,0,5,0,3,52,22.984,
1025438-w002,1025438,207,2025-12-11T14:06:51.645625,2171,AC,1223.8,516,"Shift -> # -> i -> n -> c -> ; -> u -> d -> e -> l -> u -> d -> e -> < -> s -> Shift -> t -> d -> i -> o -> h -> Shift -> . -> > -> Enter -> i -> n -> t ->   -> m -> a -> i -> n -> Shift -> ( -> Enter -> Shift -> { -> Enter -> l -> o -> n -> g ->   -> o -> n -> l -> f -> g -> l -> o -> n -> g ->   -> l -> o -> g -> n ->   -> n -> ; -> Enter -> w -> h -> i -> l -> e -> Shift -> ( -> s -> c -> n -> f -> a -> Shift -> ( -> Shift -> "" -> Shift -> % -> d -> lx2 -> d -> , -> Shiftx3 -> & -> n -> Shift -> ! -> = -> CapsLock -> E -> O -> F -> CapsLock -> Enter -> Shift -> { -> ' -> Enter","#include<stdio.h>
int main(
{
    long long n;
    while(scanf(""%lld ,&n !=EOF
    {'
        int t=n,m=0
        int num=0;
            ;;
        {
          for(;t>0;t++
          {
              m=m+(t%10 *(t%10 ;
              t=t/10;",0,0,0,0,低活动,0,0.0,0.0,0,0,0,0,0,0,0,0,0,低活动,0,0.0,0.0,0,0,0,0,0,9,9,0,0,持续输入,1,5.458,2.563,0,1,0,1,8,32,26,6,0,持续输入,6,27.753,2.24,0,1,0,1,24,59,48,11,0,持续输入,11,72.416,3.986,0,3,0,3,46,18.054,
1025438-w003,1025438,350,2025-12-11T14:10:25.817450,2171,AC,1223.8,516,"' -> Enter -> Shift -> { -> Enter -> i -> n -> t ->   -> t -> = -> n -> ; -> Enter -> f -> o -> r -> Shift -> ( -> Enter -> n -> u -> m -> = -> 0 -> i -> n -> t ->   -> n -> u -> m -> = -> 0 -> ;x3 -> Enter -> Shift -> { -> Enter -> , -> m -> [ -> ] -> = -> 0 -> m -> f -> o -> r -> Shift -> ( -> ; -> t -> Shift -> > -> 0 -> ; -> t -> Shift -> + -> Shift -> + -> Enter -> Shift -> { -> Enter -> s -> u -> m -> = -> s -> u -> mx2 -> = -> m -> Shift -> + -> t -> Shift -> ( -> t -> Shift -> % -> 1 -> 0 -> Shift -> * -> Shift -> t -> ( -> Shift -> % -> 1 -> 9 -> 0 -> ; -> Enter -> t -> = -> t","#include<stdio.h>
int main(
{
    long long n;
    while(scanf(""%lld ,&n !=EOF
    {'
        int t=n,m=0
        int num=0;
            ;;
        {
          for(;t>0;t++
          {
              m=m+(t%10 *(t%10 ;
              t=t/10;
              num++;
          t=m;
          if(t==1
          {
              printf(""v   \n  ;
              break;

          else if(t==n
          {
              printf(""v         \n  ;
              break;


          else if(num==1000
          {
              printf(""v         \n  '",7,5,2,1,持续输入,0,0.0,1.458,0,0,2,0,5,7,5,2,1,持续输入,0,0.0,1.458,0,0,2,0,5,29,24,5,1,持续输入,4,16.431,2.326,0,2,2,2,25,57,47,10,1,持续输入,8,39.257,2.591,0,4,2,5,47,113,96,17,3,持续输入,17,74.377,2.441,0,10,5,12,95,0.073,
1025438-w004,1025438,403,2025-12-11T14:13:59.989274999,2171,AC,1223.8,516,"; -> t -> Shift -> > -> 0 -> ; -> t -> Shift -> + -> Shift -> + -> Enter -> Shift -> { -> Enter -> s -> u -> m -> = -> s -> u -> mx2 -> = -> m -> Shift -> + -> t -> Shift -> ( -> t -> Shift -> % -> 1 -> 0 -> Shift -> * -> Shift -> t -> ( -> Shift -> % -> 1 -> 9 -> 0 -> ; -> Enter -> t -> = -> t -> / -> 1 -> 0 -> ; -> Enter -> m -> t -> = -> m -> ; -> Enter -> i -> f -> Shift -> ( -> t -> =x2 -> 1 -> Enter -> { -> Enter -> Shift -> p -> t -> r -> i -> n -> t -> f -> Shift -> ( -> Shift -> "" -> v -> Controlx2 -> v -> \ -> n -> ; -> Enter -> b -> r -> a -> k -> e -> ; -> Enter -> e -> l -> s -> e","#include<stdio.h>
int main(
{
    long long n;
    while(scanf(""%lld ,&n !=EOF
    {'
        long long=0
        int num=0;
        for(;;
        {
          for(;t>0;t++
          {
              m=m+(t%10 *(t%10 ;
              t=t/10;
              num++;
          t=m;
          num++;1
          {
              printf(""v   \n  ;
              break;

          else if(t==n
          {
              printf(""v         \n  ;
              break;


          else if(num==1000
          {
              printf(""v         \n  ;
              break;



    return 0;",3,2,1,0,持续输入,0,0.0,0.283,0,0,0,0,2,9,7,2,0,持续输入,0,0.0,0.356,0,1,0,1,7,9,7,2,0,持续输入,0,0.0,0.356,0,1,0,1,7,16,13,3,0,持续输入,1,47.239,0.916,0,1,0,2,13,25,20,5,0,持续输入,3,90.535,11.928,0,1,0,2,19,4.279,
1025438-w005,1025438,494,2025-12-11T14:17:34.161100,2171,AC,1223.8,516,"Enter -> b -> r -> a -> k -> e -> ; -> Enter -> e -> l -> s -> e ->   -> i -> f -> Shift -> ( -> t -> =x2 -> n -> Enter -> Shift -> { -> Enter -> p -> r -> i -> n -> t -> f -> Shift -> ( -> "" -> Shift -> Control -> v -> \ -> n -> Enter -> ; -> Enter -> b -> r -> e -> a -> j -> k -> ; -> Enterx2 -> u -> n -> m -> Shift -> + -> Shift -> + -> ; -> f -> i -> Shiftx2 -> e -> ; -> l -> s -> e ->   -> i -> f -> Shift -> ( -> b -> n -> m -> u -> =x2 -> 1 -> 0x3 -> Enter -> { -> Enter -> Shift -> p -> r -> i -> n -> t -> y -> fx2 -> Shift -> ( -> Shift -> "" -> v -> Controlx2 -> v -> \ -> n -> ' -> ; -> Enter","#include<stdio.h>
int main(
{
    long long n;
    while(scanf(""%lld ,&n !=EOF
    {'
        long long=0
        int num=0;
        for(;;num++
        {
          for(;t>0;t++
          {
              m=m+(t%10 *(t%10 ;
              t=t/10;
              printf(""%llnm ;
          t=m;
         nprintf(""%lld\nm ;
          {
              printf(""v   \n  ;
              break;

          else if(t==n
          {
              printf(""v         \n  ;
              break;


          else if(num==1000
          {
              printf(""v         \n  ;
              break;



    return 0;",0,0,0,0,低活动,0,0.0,0.0,0,0,0,0,0,0,0,0,0,低活动,0,0.0,0.0,0,0,0,0,0,0,0,0,0,低活动,0,0.0,0.0,0,0,0,0,0,55,19,36,0,修饰键占多数,1,3.346,0.594,0,1,0,1,20,76,37,39,0,修饰键占多数,5,52.248,1.122,0,1,0,2,39,37.945,
1142884-w001,1142884,91,2025-12-24T19:34:24.192000,1663,AC,382.2,347,"Shift -> # -> Shift -> # -> i -> n -> c -> l -> u -> d -> e -> Shift -> < -> t -> s -> d -> i -> o -> . -> h -> > -> Shift -> Enter -> i -> n -> t ->   -> m -> a -> i -> n -> Shift -> ( -> Shift -> { -> Enter -> r -> e -> t -> r -> u -> n ->   -> 0 -> ; -> Enter -> i -> t -> n ->   -> ,x2 -> a -> bx2 -> , -> c -> , -> d -> ; -> Enter -> w -> h -> i -> l -> e -> Shift -> ( -> s -> c -> a -> n -> f -> Shift -> ( -> Shift -> "" -> Shift -> % -> d -> . -> Shift -> d -> % -> . -> Shift -> % -> d -> . -> Shift -> % -> d","#include<stdio.h>
int main( {
    int a,b,c,d;
    while(scanf(""%d.%d.%d.%d",10,8,2,0,持续输入,0,0.0,0.945,0,0,0,0,7,14,11,3,0,持续输入,0,0.0,1.349,0,0,0,0,11,38,31,7,0,持续输入,1,4.038,1.371,0,1,0,1,31,70,61,9,0,持续输入,4,21.223,1.523,0,4,0,5,61,92,79,13,0,持续输入,6,28.485,1.491,0,4,0,5,78,0.049,
1142884-w002,1142884,126,2025-12-24T19:35:31.079625,1663,AC,382.2,347,"Shift -> # -> Shift -> # -> i -> n -> c -> l -> u -> d -> e -> Shift -> < -> t -> s -> d -> i -> o -> . -> h -> > -> Shift -> Enter -> i -> n -> t ->   -> m -> a -> i -> n -> Shift -> ( -> Shift -> { -> Enter -> r -> e -> t -> r -> u -> n ->   -> 0 -> ; -> Enter -> i -> t -> n ->   -> ,x2 -> a -> bx2 -> , -> c -> , -> d -> ; -> Enter -> w -> h -> i -> l -> e -> Shift -> ( -> s -> c -> a -> n -> f -> Shift -> ( -> Shift -> "" -> Shift -> % -> d -> . -> Shift -> d -> % -> . -> Shift -> % -> d -> . -> Shift -> % -> d -> , -> Shift -> & -> a ->   -> , -> Shift -> & -> c -> b","#include<stdio.h>
int main( {
    int a,b,c,d;
    while(scanf(""%d.%d.%d.%d ,&a,&b,&c,&d !=EOF {
        if(",0,0,0,0,低活动,0,0.0,0.0,0,0,0,0,0,0,0,0,0,低活动,0,0.0,0.0,0,0,0,0,0,4,3,1,0,持续输入,0,0.0,0.63,0,0,0,0,2,32,23,9,0,持续输入,2,30.536,1.587,0,1,0,1,20,91,74,17,0,持续输入,8,58.017,1.81,0,3,0,4,72,11.73,
1142884-w003,1142884,173,2025-12-24T19:36:37.967250,1663,AC,382.2,347,"Shift -> # -> Shift -> # -> i -> n -> c -> l -> u -> d -> e -> Shift -> < -> t -> s -> d -> i -> o -> . -> h -> > -> Shift -> Enter -> i -> n -> t ->   -> m -> a -> i -> n -> Shift -> ( -> Shift -> { -> Enter -> r -> e -> t -> r -> u -> n ->   -> 0 -> ; -> Enter -> i -> t -> n ->   -> ,x2 -> a -> bx2 -> , -> c -> , -> d -> ; -> Enter -> w -> h -> i -> l -> e -> Shift -> ( -> s -> c -> a -> n -> f -> Shift -> ( -> Shift -> "" -> Shift -> % -> d -> . -> Shift -> d -> % -> . -> Shift -> % -> d -> . -> Shift -> % -> d -> , -> Shift -> & -> a ->   -> , -> Shift -> & -> c -> b","#include<stdio.h>
int main( {
    int a,b,c,d;
    while(scanf(""%d.%d.%d.%d ,&a,&b,&c,&d !=EOF {
        if(a<0||a>255 {
            printf(""No\n  ;

        else if",5,4,1,0,持续输入,1,2.019,1.603,0,0,0,0,2,10,9,1,0,持续输入,2,4.06,2.023,0,1,0,1,7,31,25,6,0,持续输入,4,9.574,2.021,0,2,0,3,22,47,38,9,0,持续输入,9,35.337,2.23,0,2,0,3,34,73,56,17,0,持续输入,11,82.758,2.19,0,3,0,4,52,0.452,
1142884-w004,1142884,228,2025-12-24T19:37:44.854874999,1663,AC,382.2,347,"Shift -> # -> Shift -> # -> i -> n -> c -> l -> u -> d -> e -> Shift -> < -> t -> s -> d -> i -> o -> . -> h -> > -> Shift -> Enter -> i -> n -> t ->   -> m -> a -> i -> n -> Shift -> ( -> Shift -> { -> Enter -> r -> e -> t -> r -> u -> n ->   -> 0 -> ; -> Enter -> i -> t -> n ->   -> ,x2 -> a -> bx2 -> , -> c -> , -> d -> ; -> Enter -> w -> h -> i -> l -> e -> Shift -> ( -> s -> c -> a -> n -> f -> Shift -> ( -> Shift -> "" -> Shift -> % -> d -> . -> Shift -> d -> % -> . -> Shift -> % -> d -> . -> Shift -> % -> d -> , -> Shift -> & -> a ->   -> , -> Shift -> & -> c -> b","#include<stdio.h>
int main( {
    int a,b,c,d;
    while(scanf(""%d.%d.%d.%d ,&a,&b,&c,&d !=EOF {
        if(a>=||a>255 {
            printf(""No\n  ;

        else if(b<0||b>255 {
            printf(""No\n  ;

        else",3,2,1,0,持续输入,0,0.0,0.64,0,0,0,0,1,3,2,1,0,持续输入,0,0.0,0.64,0,0,0,0,1,10,9,1,0,持续输入,3,22.354,8.008,0,1,0,2,8,49,37,12,0,持续输入,5,29.18,1.963,0,3,0,4,34,98,76,22,0,持续输入,14,55.169,2.169,0,5,0,7,70,0.253,
1142884-w005,1142884,300,2025-12-24T19:38:51.742500,1663,AC,382.2,347,", -> a -> bx2 -> , -> c -> , -> d -> ; -> Enter -> w -> h -> i -> l -> e -> Shift -> ( -> s -> c -> a -> n -> f -> Shift -> ( -> Shift -> "" -> Shift -> % -> d -> . -> Shift -> d -> % -> . -> Shift -> % -> d -> . -> Shift -> % -> d -> , -> Shift -> & -> a ->   -> , -> Shift -> & -> c -> b -> , -> Shift -> % -> Shift -> & -> c -> , -> & -> Shift -> d -> Shift -> ! -> = -> CapsLock -> E -> O -> F -> CapsLock -> Shift -> { -> Enter -> i -> f -> Shift -> ( -> a -> , -> Shift -> < -> 0 -> \x2 -> Shift -> |x2 -> a -> Shift -> > -> 2 -> 5x2 -> Shift -> { -> Enter -> r -> i -> p -> n -> t -> f -> Shift -> ( -> Shift","#include<stdio.h>
int main( {
    int a,b,c,d;
    while(scanf(""%d.%d.%d.%d ,&a,&b,&c,&d !=EOF {
        if(a>=0&&a<=255&&b>=0&&b<=255&&c>=0&&c<=255&&d>=0&&d<=255)
            printf(""No\n  ;

        else if(b<0||b>255 {
            printf(""No\n  ;

        else",1,1,0,0,持续输入,0,0.0,0.0,0,0,0,0,0,5,4,1,0,持续输入,1,2.429,1.806,0,0,0,0,3,36,28,8,0,持续输入,2,5.144,1.49,0,0,0,0,26,68,53,15,0,持续输入,5,12.34,1.777,0,0,0,0,51,111,85,26,0,持续输入,12,50.653,2.069,0,3,0,4,81,4.979,
1010242-w001,1010242,69,2025-12-08T22:07:08.401600,1576,AC,1609.1,488,Shiftx2 -> # -> i -> n -> c -> l -> u -> d -> e -> Shift -> < -> s -> t -> d -> i -> o -> . -> Shift -> h -> > -> Enter -> n -> Enter -> i -> n -> t ->   -> m -> i -> n -> Shift -> a -> ( -> Shift -> } -> Shift -> { -> Enter -> c -> h -> a -> r ->   -> s -> t -> r -> [ -> 1 -> 0x3 -> ; -> Enter -> w -> h -> i -> e -> lx2 -> e -> Shift -> ( -> f -> g -> e -> t -> s -> Shift -> (,"#include<stdio.h>

int main( {
    char str[1000 ;
    while(fgets(",6,5,1,0,持续输入,0,0.0,0.926,0,0,0,0,4,20,18,2,0,持续输入,0,0.0,0.882,0,1,0,1,17,67,60,7,0,持续输入,1,2.331,0.848,0,4,0,5,58,67,60,7,0,持续输入,1,2.331,0.848,0,4,0,5,58,67,60,7,0,持续输入,1,2.331,0.848,0,4,0,5,58,1.467,
1010242-w002,1010242,140,2025-12-08T22:11:49.988500,1576,AC,1609.1,488,"Shiftx2 -> # -> i -> n -> c -> l -> u -> d -> e -> Shift -> < -> s -> t -> d -> i -> o -> . -> Shift -> h -> > -> Enter -> n -> Enter -> i -> n -> t ->   -> m -> i -> n -> Shift -> a -> ( -> Shift -> } -> Shift -> { -> Enter -> c -> h -> a -> r ->   -> s -> t -> r -> [ -> 1 -> 0x3 -> ; -> Enter -> w -> h -> i -> e -> lx2 -> e -> Shift -> ( -> f -> g -> e -> t -> s -> Shift -> ( -> t -> r -> s -> , -> 1 -> - -> 0x6 -> , -> s -> t -> d -> i -> n -> Shift -> ! -> Shift -> ! -> = -> CapsLock -> E -> O -> F -> CapsLock -> Shift -> { -> Enter -> c -> h -> a -> r ->   -> s -> 1 -> [","#include<stdio.h>

int main( {!
    char str[1000 ;
    while(fgets(str,1000,stdin !=EOF {
        char s1[1000 ={0};s2[1000 ={0};
",0,0,0,0,低活动,0,0.0,0.0,0,0,0,0,0,0,0,0,0,低活动,0,0.0,0.0,0,0,0,0,0,0,0,0,0,低活动,0,0.0,0.0,0,0,0,0,0,0,0,0,0,低活动,0,0.0,0.0,0,0,0,0,0,0,0,0,0,低活动,0,0.0,0.0,0,0,0,0,0,242.319,
1010242-w003,1010242,140,2025-12-08T22:16:31.575400,1576,AC,1609.1,488,"Shiftx2 -> # -> i -> n -> c -> l -> u -> d -> e -> Shift -> < -> s -> t -> d -> i -> o -> . -> Shift -> h -> > -> Enter -> n -> Enter -> i -> n -> t ->   -> m -> i -> n -> Shift -> a -> ( -> Shift -> } -> Shift -> { -> Enter -> c -> h -> a -> r ->   -> s -> t -> r -> [ -> 1 -> 0x3 -> ; -> Enter -> w -> h -> i -> e -> lx2 -> e -> Shift -> ( -> f -> g -> e -> t -> s -> Shift -> ( -> t -> r -> s -> , -> 1 -> - -> 0x6 -> , -> s -> t -> d -> i -> n -> Shift -> ! -> Shift -> ! -> = -> CapsLock -> E -> O -> F -> CapsLock -> Shift -> { -> Enter -> c -> h -> a -> r ->   -> s -> 1 -> [","#include<stdio.h>

int main( {!
    char str[1000 ;
    while(fgets(str,1000,stdin !=EOF {
        char s1[1000 ={0};s2[1000 ={0};
",0,0,0,0,低活动,0,0.0,0.0,0,0,0,0,0,0,0,0,0,低活动,0,0.0,0.0,0,0,0,0,0,0,0,0,0,低活动,0,0.0,0.0,0,0,0,0,0,0,0,0,0,低活动,0,0.0,0.0,0,0,0,0,0,0,0,0,0,低活动,0,0.0,0.0,0,0,0,0,0,523.905,
1010242-w004,1010242,140,2025-12-08T22:21:13.162300,1576,AC,1609.1,488,"Shiftx2 -> # -> i -> n -> c -> l -> u -> d -> e -> Shift -> < -> s -> t -> d -> i -> o -> . -> Shift -> h -> > -> Enter -> n -> Enter -> i -> n -> t ->   -> m -> i -> n -> Shift -> a -> ( -> Shift -> } -> Shift -> { -> Enter -> c -> h -> a -> r ->   -> s -> t -> r -> [ -> 1 -> 0x3 -> ; -> Enter -> w -> h -> i -> e -> lx2 -> e -> Shift -> ( -> f -> g -> e -> t -> s -> Shift -> ( -> t -> r -> s -> , -> 1 -> - -> 0x6 -> , -> s -> t -> d -> i -> n -> Shift -> ! -> Shift -> ! -> = -> CapsLock -> E -> O -> F -> CapsLock -> Shift -> { -> Enter -> c -> h -> a -> r ->   -> s -> 1 -> [","#include<stdio.h>

int main( {!
    char str[1000 ;
    while(fgets(str,1000,stdin !=EOF {
        char s1[1000 ={0};s2[1000 ={0};
",0,0,0,0,低活动,0,0.0,0.0,0,0,0,0,0,0,0,0,0,低活动,0,0.0,0.0,0,0,0,0,0,0,0,0,0,低活动,0,0.0,0.0,0,0,0,0,0,0,0,0,0,低活动,0,0.0,0.0,0,0,0,0,0,0,0,0,0,低活动,0,0.0,0.0,0,0,0,0,0,805.492,
1010242-w005,1010242,388,2025-12-08T22:25:54.749200,1576,AC,1609.1,488,"; -> Enter -> , -> f -> o -> r -> Shift -> ( -> i -> n -> t -> i ->   -> NumLockx2 -> i ->   -> = -> ; -> 0 -> i -> Shift -> < -> n -> ; -> j -> s -> t -> r -> [ -> i -> Shift -> ! -> = -> ' -> \ -> 0 -> ; -> i -> Shift -> +x2 -> Shift -> { -> Enter -> f -> i -> Shift -> ( -> i -> n -> Enter -> t ->   -> j -> k -> , -> = -> 0 -> , -> = -> k -> 0 -> ; -> s -> t -> p -> r -> NumLock -> [ -> i -> > -> Shift -> = -> ' -> CapsLock -> A -> CapsLock ->   -> Shift -> & ->   -> s -> & -> t -> r -> [ -> i -> Shift -> < -> = -> CapsLock -> ' -> Z -> CapsLock -> { -> Enter -> Shift -> s -> 1 -> [ -> j","#include<stdio.h>

int main( {!
    char str[1000 ;
    while(fgets(str,1000,stdin !=EOF {
        char s1[1000 ={0},s2[1000 ={0};
        int j=0,k=0;str[i !='\0 ;i++ {
            if(
               str[i >='A  && str[i <='Z  {
                s1[j++ =str[i ;
             else if(str[i >='a  && str[i <='z  {
                s2[k++ =str[i ;


        printf(""%s\n%s\n ,s1,s2 ;

    return 0;
",0,0,0,0,低活动,0,0.0,0.0,0,0,0,0,0,0,0,0,0,低活动,0,0.0,0.0,0,0,0,0,0,0,0,0,0,低活动,0,0.0,0.0,0,0,0,0,0,41,37,4,0,持续输入,0,0.0,1.515,0,3,0,4,34,152,95,57,0,持续输入,4,12.141,1.142,0,4,0,7,92,37.792,
1233058-w001,1233058,323,2026-01-02T11:08:29.613400,1664,AC,1349.1,789,"0 -> Shiftx3 -> } -> ; -> Enter -> c -> h -> a -> r ->   -> b -> [ -> 1 -> 0x2 -> 5 -> = -> Shift -> { -> 0 -> Shift -> ; -> Shift -> } -> Enter -> Shift -> w -> h -> i -> l -> e -> Shift -> ( -> s -> c -> a -> n -> f -> Shift -> ( -> "" -> % -> s ->   -> Shift -> % -> s -> , -> a -> , -> b -> Shift -> ! -> = -> Shift -> O -> E -> F -> Shift -> { -> Enterx2 -> i -> n -> t ->   -> c -> = -> s -> t -> r -> l -> e -> n -> Shiftx5 -> ( -> Shift -> a -> ; -> Enter -> i -> n -> t ->   -> d -> s -> t -> = -> r -> l -> e -> n -> Shiftx3 -> ( -> b -> ; -> Enter -> i -> n -> t ->   -> m","#        <stdio.h>
#include <string.h>
int main(
{
    char a[1005 ={0};
    char b[1005 ={0};
    while(scanf(""%s %s ,a,b !=EOF
    {
        int c=strlen(a ;
        int d=strlen(b ;
        int max=c>d?c:d;
        for(int i=c;i<max;i++
        {
            a[i ='0 ;",0,0,0,0,低活动,0,0.0,0.0,0,0,0,0,0,0,0,0,0,低活动,0,0.0,0.0,0,0,0,0,0,0,0,0,0,低活动,0,0.0,0.0,0,0,0,0,0,0,0,0,0,低活动,0,0.0,0.0,0,0,0,0,0,10,6,4,0,持续输入,2,46.33,19.228,0,0,2,0,7,66.939,
1233058-w002,1233058,428,2026-01-02T11:12:25.708875,1664,AC,1349.1,789,i -> n -> t ->   -> m -> a -> x -> = -> a -> Shift -> > -> c -> Shift -> > -> d -> Shiftx50 -> ? -> Shiftx2 -> c -> Shift -> : -> d -> ; -> Enter -> f -> o -> r -> ( -> Shift -> i -> n -> t ->   -> i -> = -> c -> Shiftx30 -> ; -> i -> Shift -> < -> = -> mx2 -> a -> x -> ; -> i -> Shift -> +x2 -> Enter -> Shift -> { -> Enter -> a -> [ -> i -> = -> ' -> 0 -> ; -> Control -> Insert -> Control -> Insert -> Control -> Insert -> Control -> Insert -> Control -> Insert -> Control -> Insert -> Control -> Insert -> Control -> Insert -> Enter -> [ -> m -> a -> x -> = -> Shiftx2 -> ' -> \ -> 0 -> ; -> Enter -> f -> o -> r -> Shift -> ( -> i -> n -> t ->   -> i -> = -> d,"#        <stdio.h>
#include <string.h>
int main(
{
    char a[1005 ={0};
    char b[1005 ={0};
    while(scanf(""%s %s ,a,b !=EOF
    {
        int c=strlen(a ;
        int d=strlen(b ;
        int max=c>d?c:d;
        for(int i=c;i<max;i++
        {
            a[i ='0 ;

         [max ='\0 ;
        for(int i=d;i<max;i++
        {
            b[i ='\0

        b[max ='\0 ;
        char result[1005 ={0};",0,0,0,0,低活动,0,0.0,0.0,0,0,0,0,0,0,0,0,0,低活动,0,0.0,0.0,0,0,0,0,0,0,0,0,0,低活动,0,0.0,0.0,0,0,0,0,0,15,13,2,0,持续输入,0,0.0,1.087,0,0,0,0,12,92,74,18,0,持续输入,7,24.755,1.677,0,5,0,8,74,52.43,
1233058-w003,1233058,580,2026-01-02T11:16:21.804350,1664,AC,1349.1,789,Insert -> Control -> Insert -> Control -> Insert -> Enter -> [ -> m -> a -> x -> = -> Shiftx2 -> ' -> \ -> 0 -> ; -> Enter -> f -> o -> r -> Shift -> ( -> i -> n -> t ->   -> i -> = -> d -> ; -> i -> Shiftx6 -> < -> m -> a -> x -> ; -> i -> Shiftx6 -> +x2 -> Shift -> Enter -> { -> Enter -> b -> [ -> i -> = -> ' -> \ -> 0 -> Enter -> b -> [ -> m -> a -> x -> = -> ' -> \ -> 0 -> ; -> Enter -> c -> h -> a -> r ->   -> r -> e -> s -> u -> l -> t -> [ -> 1 -> 0x2 -> 5 -> = -> Shift -> { -> 0 -> Shift -> } -> ; -> Control -> Insert -> Control -> Insertx2 -> Control -> Enter -> Shift -> ( -> Control -> Insert -> i -> n -> t ->   -> i,"#        <stdio.h>
#include <string.h>
int main(
{
    char a[1005 ={0};
    char b[1005 ={0};
    while(scanf(""%s %s ,a,b !=EOF
    {
        int c=strlen(a ;
        int d=strlen(b ;
        int max=c>d?c:d;
        for(int i=c;i<max;i++
        {
            a[i ='0 ;

         [max ='\0 ;
        for(int i=d;i<max;i++
        {
            b[i ='\0

        b[max ='\0 ;
        char result[1005 =c0};
           (int i=0;i<max;i++
        {
            int sumc =a[i -'a +b[i -';
            if(sum>25
            {
                v         (i  %25)+'a ;

",4,4,0,0,持续输入,0,0.0,1.674,0,1,0,1,3,9,8,1,0,持续输入,1,2.892,2.097,0,1,0,1,7,41,15,26,4,修饰键占多数,3,8.094,1.644,0,1,18,4,14,62,33,29,4,持续输入,8,37.565,2.851,0,4,18,9,32,81,52,29,4,持续输入,12,78.972,2.856,0,4,18,9,51,0.188,
1233058-w004,1233058,694,2026-01-02T11:20:17.899825,1664,AC,1349.1,789,= -> 0 -> i -> Shift -> ; -> Shiftx31 -> < -> a -> x -> m -> ; -> i -> Shift -> +x2 -> Enter -> Shift -> Enter -> { -> r -> e -> s -> u -> l -> t -> [ -> i -> = -> a -> [ -> i -> - -> ' -> a -> + -> b -> [ -> i -> - -> ' -> a -> i -> n -> t ->   -> s -> u -> m -> ; -> Enter -> i -> f -> Shift -> ( -> s -> u -> m -> Shift -> > -> 2 -> 5 -> Shift -> { -> Enterx2 -> Control -> c -> Control -> Insert -> Control -> v -> Control -> Insert -> i -> Control -> Insert -> Controlx10 -> c -> Control -> Insert -> Control -> v -> Control -> Insert -> Shift -> ( -> Shift -> % -> 2 -> 5 -> Shift -> ) -> + -> ' -> a -> ; -> Enter -> e -> l -> s -> e -> Enter,"#        <stdio.h>
#include <string.h>
int main(
{
    char a[1005 ={0};
    char b[1005 ={0};
    while(scanf(""%s %s ,a,b !=EOF
    {
        int c=strlen(a ;
        int d=strlen(b ;
        int max=c>d?c:d;
        for(int i=c;i<max;i++
        {
            a[i ='0 ;

         [max ='\0 ;
        for(int i=d;i<max;i++
        {
            b[i ='\0;

        b[max ='\0 ;
        char result[1005 =c0};c
           (int i=0;i<max;i++
        {
            int sumc =a[i -'a +b[i -';
            if(sum>25
            {
        v       ax m'\0   (i  %25)+'a ;
        printf(""%s\n ,result ;
    printf(ZZlse
    return 0;
",0,0,0,0,低活动,0,0.0,0.0,0,0,0,0,0,0,0,0,0,低活动,0,0.0,0.0,0,0,0,0,0,4,0,4,0,修饰键占多数,0,0.0,1.217,0,0,2,0,0,4,0,4,0,修饰键占多数,0,0.0,1.217,0,0,2,0,0,13,1,12,0,修饰键占多数,3,53.387,18.012,0,0,6,1,3,21.252,
1233058-w005,1233058,732,2026-01-02T11:24:13.995300,1664,AC,1349.1,789,x -> m -> ; -> i -> Shift -> +x2 -> Enter -> Shift -> Enter -> { -> r -> e -> s -> u -> l -> t -> [ -> i -> = -> a -> [ -> i -> - -> ' -> a -> + -> b -> [ -> i -> - -> ' -> a -> i -> n -> t ->   -> s -> u -> m -> ; -> Enter -> i -> f -> Shift -> ( -> s -> u -> m -> Shift -> > -> 2 -> 5 -> Shift -> { -> Enterx2 -> Control -> c -> Control -> Insert -> Control -> v -> Control -> Insert -> i -> Control -> Insert -> Controlx10 -> c -> Control -> Insert -> Control -> v -> Control -> Insert -> Shift -> ( -> Shift -> % -> 2 -> 5 -> Shift -> ) -> + -> ' -> a -> ; -> Enter -> e -> l -> s -> e -> Enter -> Shift -> { -> Enter -> Control -> Insert -> Enter -> Controlx20 -> c,"#        <stdio.h>
#include <string.h>
int main(
{
    char a[1005 ={0};
    char b[1005 ={0};
    while(scanf(""%s %s ,a,b !=EOF
    {
        int c=strlen(a ;
        int d=strlen(b ;
        int max=c;d?c:d;
        if(c<dt i=c;i<max;i++
        {
            max=d;0 ;

         [max ='\0 ;
        for(int i=d;i<max;i++
        {
            b[i ='\0;

        b[max ='\0 ;
        char result[1005 =c0};c
           (int i=0;i<max;i++
        {
            int sumc =a[i -'a +b[i -';
            if(sum>25       6
            {
        v       ax m'\0   (i  %25)+'a ;
        printf(""%s\n ,result ;
    printf(ZZlse
    return 0;
",0,0,0,0,低活动,0,0.0,0.0,0,0,0,0,0,0,0,0,0,低活动,0,0.0,0.0,0,0,0,0,0,0,0,0,0,低活动,0,0.0,0.0,0,0,0,0,0,0,0,0,0,低活动,0,0.0,0.0,0,0,0,0,0,0,0,0,0,低活动,0,0.0,0.0,0,0,0,0,0,156.065,
1286637-w001,1286637,55,2026-01-06T09:57:12.515800,1749,WA,1579.2,128,"Control -> c -> Control -> c -> p -> r -> i -> t -> f -> n -> Shift -> ( -> Shift -> "" -> 0 -> ; -> Enter -> e -> l -> s -> e -> Enter -> { -> Shift -> Enter -> Shift -> } -> ArrowDownx29","


























































                    printf(""0  ;

                else
                {

                }







 c",0,0,0,0,低活动,0,0.0,0.0,0,0,0,0,0,18,0,0,0,低活动,0,0.0,0.235,0,0,0,0,0,31,1,1,0,持续输入,2,17.656,0.615,0,0,0,0,1,52,19,4,0,持续输入,6,38.445,2.432,0,3,0,5,19,52,19,4,0,持续输入,6,38.445,2.432,0,3,0,5,19,6.686,
1286637-w002,1286637,57,2026-01-06T10:01:48.870375,1749,WA,1579.2,128,"Control -> c -> Control -> c -> p -> r -> i -> t -> f -> n -> Shift -> ( -> Shift -> "" -> 0 -> ; -> Enter -> e -> l -> s -> e -> Enter -> { -> Shift -> Enter -> Shift -> } -> ArrowDownx31","


























































                    printf(""0  ;

                else
                {

                }







 c",0,0,0,0,低活动,0,0.0,0.0,0,0,0,0,0,0,0,0,0,低活动,0,0.0,0.0,0,0,0,0,0,0,0,0,0,低活动,0,0.0,0.0,0,0,0,0,0,0,0,0,0,低活动,0,0.0,0.0,0,0,0,0,0,0,0,0,0,低活动,0,0.0,0.0,0,0,0,0,0,257.678,
1286637-w003,1286637,57,2026-01-06T10:06:25.224950,1749,WA,1579.2,128,"Control -> c -> Control -> c -> p -> r -> i -> t -> f -> n -> Shift -> ( -> Shift -> "" -> 0 -> ; -> Enter -> e -> l -> s -> e -> Enter -> { -> Shift -> Enter -> Shift -> } -> ArrowDownx31","


























































                    printf(""0  ;

                else
                {

                }







 c",0,0,0,0,低活动,0,0.0,0.0,0,0,0,0,0,0,0,0,0,低活动,0,0.0,0.0,0,0,0,0,0,0,0,0,0,低活动,0,0.0,0.0,0,0,0,0,0,0,0,0,0,低活动,0,0.0,0.0,0,0,0,0,0,0,0,0,0,低活动,0,0.0,0.0,0,0,0,0,0,534.033,
1286637-w004,1286637,57,2026-01-06T10:11:01.579525,1749,WA,1579.2,128,"Control -> c -> Control -> c -> p -> r -> i -> t -> f -> n -> Shift -> ( -> Shift -> "" -> 0 -> ; -> Enter -> e -> l -> s -> e -> Enter -> { -> Shift -> Enter -> Shift -> } -> ArrowDownx31","


























































                    printf(""0  ;

                else
                {

                }







 c",0,0,0,0,低活动,0,0.0,0.0,0,0,0,0,0,0,0,0,0,低活动,0,0.0,0.0,0,0,0,0,0,0,0,0,0,低活动,0,0.0,0.0,0,0,0,0,0,0,0,0,0,低活动,0,0.0,0.0,0,0,0,0,0,0,0,0,0,低活动,0,0.0,0.0,0,0,0,0,0,810.388,
1286637-w005,1286637,57,2026-01-06T10:15:37.934100,1749,WA,1579.2,128,"Control -> c -> Control -> c -> p -> r -> i -> t -> f -> n -> Shift -> ( -> Shift -> "" -> 0 -> ; -> Enter -> e -> l -> s -> e -> Enter -> { -> Shift -> Enter -> Shift -> } -> ArrowDownx31","


























































                    printf(""0  ;

                else
                {

                }







 c",0,0,0,0,低活动,0,0.0,0.0,0,0,0,0,0,0,0,0,0,低活动,0,0.0,0.0,0,0,0,0,0,0,0,0,0,低活动,0,0.0,0.0,0,0,0,0,0,0,0,0,0,低活动,0,0.0,0.0,0,0,0,0,0,0,0,0,0,低活动,0,0.0,0.0,0,0,0,0,0,1086.742,
1169596-w001,1169596,168,2025-12-26T16:25:50.698200,2252,AC,1757.9,1017,"Shiftx3 -> # -> i -> n -> c -> l -> u -> d -> e -> Shift -> < -> s -> t -> i -> d -> o -> . -> h -> Shift -> > -> Enter -> i -> n -> Enterx2 -> i -> n -> t ->   -> a -> i -> n -> m -> Shift -> ( -> Shift -> { -> Enter -> i -> f -> Shift -> ( -> i -> t ->   -> n -> i -> d -> [ -> 2 -> 5 -> = -> Shift -> { -> 0 -> Shift -> } -> ; -> Enter -> w -> h -> l -> i -> e -> Shift -> s -> ( -> c -> a -> n -> f -> Shift -> ( -> \ -> h -> a -> c -> r -> s -> c -> a -> f -> Shift -> n -> "" -> % -> s -> , -> i -> d -> Shift -> ! -> = -> Shift -> E -> O -> F -> Shift -> { -> Enter -> i","#include<stdio.h>
int lepyear(int year {
    if(year%4==0&&year%100!=0)
int main( {
    charid[25 ={0};
    while(scanf(""%sn,id !=EOF {
",2,1,1,0,修饰键占多数,0,0.0,0.276,0,0,0,0,0,10,8,2,0,持续输入,2,4.658,2.176,0,0,0,0,7,23,19,4,0,持续输入,2,4.658,1.883,0,0,0,0,18,40,33,7,0,持续输入,3,35.046,1.607,0,1,0,1,33,73,63,10,0,持续输入,6,77.925,1.627,0,2,0,2,64,2.938,
1169596-w002,1169596,414,2025-12-26T16:30:58.323875,2252,AC,1757.9,1017,"0 -> = -> ) -> Shiftx2 -> ( -> Shift -> |x2 -> y -> e -> a -> r -> Shift -> % -> 4 -> 0x2 -> =x2 -> 0 -> Shift -> ) -> Enter -> r -> e -> t -> u -> r -> n ->   -> 1 -> ; -> Enter -> r -> e -> t -> u -> r -> n ->   -> 0 -> ; -> Enter -> i -> n -> t ->   -> d -> a -> y -> s -> i -> n -> m -> o -> n -> t -> h -> Shift -> ( -> i -> n -> t ->   -> a -> y -> e -> a -> r -> , -> i -> n -> t ->   -> m -> o -> n -> t -> h -> Shift -> { -> Enter -> i -> t ->   -> n -> a -> i -> n -> t ->   -> a -> rx2 -> [ -> = -> Shift -> { -> 0 -> , -> Shift -> 3 -> 1 -> ,","#include<stdio.h>
int lepyear(int year {
    if(year%4==0&&year%100!=0) ||year%400==0)
int return 1;
    return 0; ={0};
    while(scanf(""%sn,id !=EOF {

int daysinmonth(int year,int month {
    int arr[ ={0,31,28,31,30,31,30,31,31,30,31,30,31};
    if(l      (y      arr[2 =28;
    return arr[month ;




        sscanf(id+6,""%4d%2d%2d ,&year,&month,&d",9,8,1,0,持续输入,0,0.0,1.029,0,0,0,0,7,16,14,2,0,持续输入,0,0.0,1.051,0,0,0,0,13,41,31,10,0,持续输入,2,6.986,1.206,0,0,0,0,29,53,39,14,0,持续输入,3,16.184,1.42,0,0,0,0,39,55,40,15,0,持续输入,4,76.054,1.705,0,0,0,0,39,0.081,
1169596-w003,1169596,674,2025-12-26T16:36:05.949550,2252,AC,1757.9,1017,"m -> , -> d -> ; -> Enter -> i -> n ->   -> c -> t -> r -> o -> e -> r -> c -> t -> d -> a -> y -> = -> d -> Shift -> ( -> y -> , -> m -> ; -> Enter -> i -> f -> Shift -> ( -> d -> y -> a -> Shift -> > -> c -> Shift -> { -> Enter -> i -> n -> t ->   -> e -> rx2 -> 1 -> = -> 1 -> ; -> Enterx2 -> i -> n -> t ->   -> rx2 -> e -> 1 -> , -> e -> rx2 -> = -> 0 -> ; -> i -> n -> t ->   -> e -> rx2 -> 2 -> = -> 0 -> ; -> Enter -> i -> n -> t ->   -> n -> u -> m -> = -> i -> d -> [ -> i -> n -> t ->   -> n -> u -> m -> j -> u -> g -> e -> d -> g","#include<stdio.h>
int lepyear(int year {
    if(year%4==0&&year%100!=0) ||year%400==0)
int return 1;
    return 0; ={0};
    while(scanf(""%sn,id !=EOF {

int daysinmonth(int year,int month {
    int arr[ ={0,31,28,31,30,31,30,31,31,30,31,30,31};
    if(l      (y      arr[2 =28;
    return arr[month ;




        int yf(i,m6,""%,d%2;%2d ,&year,&month,&day ;
        int err1=0;int err2=0;
        int correctday=d          (y   ,m     ;
        if(day>c          {
            int err1=1;


        int judgenum[ ={7,9,10,5,8,4,2,1,6,3,7,9,10,5,8,4,2};
        for(int i=0;i<17;i++ {
            int sum+=(id[i -'0 ,*j       [i ;
            int mod",8,8,0,0,持续输入,0,0.0,0.863,0,1,0,1,7,11,11,0,0,持续输入,1,3.17,1.839,0,1,0,1,10,26,24,2,0,持续输入,3,11.044,1.919,0,1,0,1,23,51,46,5,0,持续输入,5,31.448,1.982,0,2,0,2,44,129,120,9,0,持续输入,11,53.615,1.742,0,4,0,3,114,0.486,
1169596-w004,1169596,946,2025-12-26T16:41:13.575225,2252,AC,1757.9,1017,"{ -> 1 -> , -> c -> h -> a -> r -> 0 -> . -> , -> Shift -> X -> , -> 9 -> , -> 8 -> , -> 7 -> , -> 6 -> , -> 5 -> , -> 4 -> , -> 3 -> , -> 2 -> } -> Shift -> ; -> Enter -> i -> n -> t ->   -> cx2 -> h -> a -> r ->   -> c -> = -> u -> j -> d -> e -> g -> [ -> m -> o -> d -> ; -> Enter -> i -> f -> Shift -> ( -> i -> d -> [ -> 1 -> 7 -> Shift -> ! -> = -> c ->   -> e -> r -> = -> 2 -> 1 -> ; -> Enter -> i -> Enter -> f -> Shift -> ( -> r -> e -> r -> 1 -> = -> 1 -> Shift -> &x2 -> e -> r -> 2 -> r -> =x2 -> 0 -> = ->   -> p -> r -> i -> n","#include<stdio.h>
int lepyear(int year {
    if(year%4==0&&year%100!=0) ||year%400==0)
int return 1;
    return 0; ={0};
    while(scanf(""%sn,id !=EOF {

int daysinmonth(int year,int month {
    int arr[ ={0,31,28,31,30,31,30,31,31,30,31,30,31};
    if(l      (y      arr[2 =28;
    return arr[month ;




        int yf(i,m6,""%,d%2;%2d ,&year,&month,&day ;
        int err1=0;int err2=0;
        int correctday=d          (y   ,m     ;
        if(day>c          {
            int err1=1;


        int judgenum[ ={7,9,10,5,8,4,2,1,6,3,7,9,10,5,8,4,2};
        for(int i=0;i<17;i++ {
            int sum+=(id[i -'0 ,*j       [i ;
            int mod=sum%11;

        charjudge[ ={1, 0,X,9,8,7,6,5,4,3,2};
        char c=judge[mod ;
        if(id[17 !=c  er2=1;

        if(err1==&&err2==0   printf(""PASSR ;1  ;
        if(err1==0&&err2==1  printf(""ERROR 02  ;
        if(err1==1&&err2==1  printf(""ERROR 03"" ;


    re     0;",0,0,0,0,低活动,0,0.0,0.0,0,0,0,0,0,0,0,0,0,低活动,0,0.0,0.0,0,0,0,0,0,6,6,0,0,持续输入,0,0.0,1.365,0,1,0,1,5,34,32,2,0,持续输入,4,18.952,2.433,0,1,0,2,31,116,107,9,0,持续输入,8,37.02,1.702,0,3,0,5,104,25.205,
1169596-w005,1169596,983,2025-12-26T16:46:21.200900,2252,AC,1757.9,1017,"c -> h -> a -> r ->   -> c -> = -> u -> j -> d -> e -> g -> [ -> m -> o -> d -> ; -> Enter -> i -> f -> Shift -> ( -> i -> d -> [ -> 1 -> 7 -> Shift -> ! -> = -> c ->   -> e -> r -> = -> 2 -> 1 -> ; -> Enter -> i -> Enter -> f -> Shift -> ( -> r -> e -> r -> 1 -> = -> 1 -> Shift -> &x2 -> e -> r -> 2 -> r -> =x2 -> 0 -> = ->   -> p -> r -> i -> n -> t -> f -> Shift -> ( -> "" -> E -> Rx2 -> O -> R ->   -> R ->   -> 0 -> 1 -> ; -> Enter -> i -> f -> Shift -> ( -> e -> rx2 -> 1 -> =x2 -> 0 -> Shift -> &x2 -> e -> rx2 -> 2 -> =x2 -> 1 ->   -> r -> i -> n","#include<stdio.h>
int lepyear(int year {
    if(year%4==0&&year%100!=0) ||year%400==0)
int return 1;
    return 0; ={0};
    while(scanf(""%sn,id !=EOF {

int daysinmonth(int year,int month {
    int arr[ ={0,31,28,31,30,31,30,31,31,30,31,30,31};
    if(l      (y      arr[2 =29;
    return arr[month ;




        int yf(i,m6,""%,d%2;%2d ,&year,&month,&day ;
        int err1=0;int err2=0;
        int sum=0;int mod;        (y   ,m     ;
        if(day>c          {
            int err1=1;


        int judgenum[ ={7,9,10,5,8,4,2,1,6,3,7,9,10,5,8,4,2};
        for(int i=0;i<17;i++ {
            int sum+=(id[i -'0 ,*j       [i ;
            int mod=sum%11;

        charjudge[ ={1, 0,X,9,8,7,6,5,4,3,2};
        char c=judge[mo' ;'''
        if(id[17 !=c  er2=1;
                       r
        if(err1==&&err2==0   printf(""PASSR ;1  ;
        if(err1==0&&err2==1  printf(""ERRO\n02  ;
        if(err1==1&&err2==1  printf(""ERROR 03\n;
                                             \n
                                             \n
    re     0;",1,1,0,0,持续输入,0,0.0,0.0,0,0,0,0,0,1,1,0,0,持续输入,0,0.0,0.0,0,0,0,0,0,1,1,0,0,持续输入,0,0.0,0.0,0,0,0,0,0,1,1,0,0,持续输入,0,0.0,0.0,0,0,0,0,0,4,4,0,0,持续输入,2,98.854,77.464,0,0,0,1,2,1.327,
1033371-w001,1033371,3,2025-12-11T21:01:59.253600,1322,AC,1231.8,236,Control -> v -> Control -> Insert,v,0,0,0,0,低活动,0,0.0,0.0,0,0,0,0,0,0,0,0,0,低活动,0,0.0,0.0,0,0,0,0,0,0,0,0,0,低活动,0,0.0,0.0,0,0,0,0,0,0,0,0,0,低活动,0,0.0,0.0,0,0,0,0,0,0,0,0,0,低活动,0,0.0,0.0,0,0,0,0,0,195.489,
1033371-w002,1033371,15,2025-12-11T21:05:34.820000,1322,AC,1231.8,236,Control -> v -> Control -> Insert -> Control -> Insert -> Enterx3 -> i -> n -> t ->   -> n -> ; -> Enter,"v






































        int n;

",0,0,0,0,低活动,0,0.0,0.0,0,0,0,0,0,0,0,0,0,低活动,0,0.0,0.0,0,0,0,0,0,0,0,0,0,低活动,0,0.0,0.0,0,0,0,0,0,0,0,0,0,低活动,0,0.0,0.0,0,0,0,0,0,7,7,0,0,持续输入,0,0.0,1.19,0,1,0,0,6,108.856,
1033371-w003,1033371,111,2025-12-11T21:09:10.386400,1322,AC,1231.8,236,Control -> v -> Control -> Insert -> Control -> Insert -> Enterx3 -> i -> n -> t ->   -> n -> ; -> Enter -> i -> f -> Shift -> ( -> r -> g -> =x2 -> g -> r -> Shift -> > -> g -> r -> = ->   -> r -> g -> = -> r -> g -> - -> g -> r -> ; ->   -> g -> r -> = -> 0 -> ; -> n -> = -> n -> Shift -> + -> g -> r -> ; -> Control -> Insert -> e -> l -> s -> e ->   -> g -> r -> = -> g -> r -> - -> r -> g -> ; -> r -> g -> = -> 0 -> ; -> n -> = -> n -> Shift -> + -> r -> g -> ; ->  x7 -> Shift -> { -> Shift -> } -> Shift -> { -> Shift -> } -> Control -> Insert -> Control -> v -> Control -> v -> bx7,"v






































        int n;
        if(rg>=rr {rg=rg-gr; gr=0;n=n+gr; }
        else      {rg;rg=0;n n+rg;        }
        v   b  b     b  b b            b
                    b
        v",1,1,0,0,持续输入,0,0.0,0.0,0,0,0,0,0,3,3,0,0,持续输入,2,6.881,3.986,0,0,0,1,2,7,7,0,0,持续输入,6,20.083,4.454,0,0,0,1,6,21,13,8,2,持续输入,11,49.824,5.409,0,0,3,5,11,63,51,12,2,持续输入,21,95.47,4.077,0,0,4,7,49,1.102,
1033371-w004,1033371,146,2025-12-11T21:12:45.952800,1322,AC,1231.8,236,Control -> v -> Control -> Insert -> Control -> Insert -> Enterx3 -> i -> n -> t ->   -> n -> ; -> Enter -> i -> f -> Shift -> ( -> r -> g -> =x2 -> g -> r -> Shift -> > -> g -> r -> = ->   -> r -> g -> = -> r -> g -> - -> g -> r -> ; ->   -> g -> r -> = -> 0 -> ; -> n -> = -> n -> Shift -> + -> g -> r -> ; -> Control -> Insert -> e -> l -> s -> e ->   -> g -> r -> = -> g -> r -> - -> r -> g -> ; -> r -> g -> = -> 0 -> ; -> n -> = -> n -> Shift -> + -> r -> g -> ; ->  x7 -> Shift -> { -> Shift -> } -> Shift -> { -> Shift -> } -> Control -> Insert -> Control -> v -> Control -> v -> bx12 -> g -> b -> g,"v






































        int n;
        if(rg>=rr {rg=rg-gr; gr=0;n=n+gr; }
        else      {rg;rg=0;n n+rg;        }
        v   b  b     b  b b            b
                    b  b   b   b        b
        v  bg   b   bg bg  b   b        b
                    gb  b bg  bg       bg
        if(
",0,0,0,0,低活动,0,0.0,0.0,0,0,0,0,0,0,0,0,0,低活动,0,0.0,0.0,0,0,0,0,0,4,3,1,0,持续输入,0,0.0,0.544,0,0,0,0,2,4,3,1,0,持续输入,0,0.0,0.544,0,0,0,0,2,4,3,1,0,持续输入,0,0.0,0.544,0,0,0,0,2,10.074,
1033371-w005,1033371,229,2025-12-11T21:16:21.519200,1322,AC,1231.8,236,Control -> v -> Control -> Insert -> Control -> Insert -> Enterx3 -> i -> n -> t ->   -> n -> ; -> Enter -> i -> f -> Shift -> ( -> r -> g -> =x2 -> g -> r -> Shift -> > -> g -> r -> = ->   -> r -> g -> = -> r -> g -> - -> g -> r -> ; ->   -> g -> r -> = -> 0 -> ; -> n -> = -> n -> Shift -> + -> g -> r -> ; -> Control -> Insert -> e -> l -> s -> e ->   -> g -> r -> = -> g -> r -> - -> r -> g -> ; -> r -> g -> = -> 0 -> ; -> n -> = -> n -> Shift -> + -> r -> g -> ; ->  x7 -> Shift -> { -> Shift -> } -> Shift -> { -> Shift -> } -> Control -> Insert -> Control -> v -> Control -> v -> bx12 -> g -> b -> g,"v






































        int n;
        if(rg>=rr {rg=rg-gr; gr=0;n=n+gr; }
        else      {rg;rg=0;n n+rg;  ;     }
        v   b  b     b  b b            b
                    b  b   b   b        b
        v  bg   b   bg bg  b   b        b
                    gb  b bg  bg    ;  bg
        if(rb!=0 {
            n=n+2*rb;

        if(rg!=0 {
            n=n+2*rg;

        printf(""%d\nn ;",0,0,0,0,低活动,0,0.0,0.0,0,0,0,0,0,3,1,2,0,修饰键占多数,0,0.0,1.367,0,0,1,0,0,4,2,2,0,修饰键占多数,1,15.595,12.78,0,0,1,1,0,8,2,6,0,修饰键占多数,3,51.442,17.551,0,0,3,3,2,17,3,14,0,修饰键占多数,8,112.048,20.793,0,0,7,7,7,5.571,
1129597-w001,1129597,7,2025-12-23T19:45:16.804000,2090,AC,77.2,32,Control -> Insert -> Control -> Insert -> Control -> Insert -> Control -> Insert,,0,0,0,0,低活动,0,0.0,0.0,0,0,0,0,0,0,0,0,0,低活动,0,0.0,0.0,0,0,0,0,0,8,0,8,0,修饰键占多数,3,18.062,6.335,0,0,4,3,3,8,0,8,0,修饰键占多数,3,18.062,6.335,0,0,4,3,3,8,0,8,0,修饰键占多数,3,18.062,6.335,0,0,4,3,3,11.908,
1129597-w002,1129597,9,2025-12-23T19:45:26.673100,2090,AC,77.2,32,Control -> Insert -> Control -> Insert -> Control -> Insert -> Control -> Insert -> Control -> Insert,,2,0,2,0,修饰键占多数,0,0.0,0.003,0,0,1,0,0,2,0,2,0,修饰键占多数,0,0.0,0.003,0,0,1,0,0,6,0,6,0,修饰键占多数,2,23.504,13.122,0,0,3,2,2,10,0,10,0,修饰键占多数,4,36.663,9.961,0,0,5,4,4,10,0,10,0,修饰键占多数,4,36.663,9.961,0,0,5,4,4,3.173,
1129597-w003,1129597,15,2025-12-23T19:45:36.542200,2090,AC,77.2,32,Control -> Insert -> Control -> Insert -> Control -> Insert -> Control -> Insert -> Control -> Insert -> Control -> Insert -> Control -> Insert -> Control -> Insert,,2,0,2,0,修饰键占多数,0,0.0,0.002,0,0,1,0,0,6,0,6,0,修饰键占多数,2,7.95,3.976,0,0,3,2,2,8,0,8,0,修饰键占多数,3,11.994,4.006,0,0,4,3,2,16,0,16,0,修饰键占多数,7,48.657,6.824,0,0,8,7,6,16,0,16,0,修饰键占多数,7,48.657,6.824,0,0,8,7,6,1.043,
1129597-w004,1129597,21,2025-12-23T19:45:46.411299999,2090,AC,77.2,32,Control -> Insert -> Control -> Insert -> Control -> Insert -> Control -> Insert -> Control -> Insert -> Control -> Insert -> Control -> Insert -> Control -> Insert -> Control -> Insert -> Control -> Insert -> Control -> Insert,,4,0,4,0,修饰键占多数,1,2.674,2.14,0,0,2,1,0,6,0,6,0,修饰键占多数,2,5.615,2.834,0,0,3,2,1,14,0,14,0,修饰键占多数,6,21.43,3.979,0,0,7,6,4,22,0,22,0,修饰键占多数,10,58.093,5.358,0,0,11,10,8,22,0,22,0,修饰键占多数,10,58.093,5.358,0,0,11,10,8,1.451,
1129597-w005,1129597,25,2025-12-23T19:45:56.280400,2090,AC,77.2,32,Control -> Insert -> Control -> Insert -> Control -> Insert -> Control -> Insert -> Control -> Insert -> Control -> Insert -> Control -> Insert -> Control -> Insert -> Control -> Insert -> Control -> Insert -> Control -> Insert -> Control -> Insert -> Control -> Insert,,2,0,2,0,修饰键占多数,0,0.0,0.002,0,0,1,0,0,4,0,4,0,修饰键占多数,1,3.82,3.057,0,0,2,1,1,16,0,16,0,修饰键占多数,7,24.559,3.91,0,0,8,7,6,22,0,22,0,修饰键占多数,10,52.107,4.044,0,0,11,10,8,26,0,26,0,修饰键占多数,12,65.266,5.176,0,0,13,12,10,4.142,
1409978-w001,1409978,14,2026-01-22T21:50:16.395600,1723,WA,720.5,34,Control -> c -> Controlx12 -> c,"






















































































































































 c",0,0,0,0,低活动,0,0.0,0.0,0,0,0,0,0,0,0,0,0,低活动,0,0.0,0.0,0,0,0,0,0,0,0,0,0,低活动,0,0.0,0.0,0,0,0,0,0,0,0,0,0,低活动,0,0.0,0.0,0,0,0,0,0,0,0,0,0,低活动,0,0.0,0.0,0,0,0,0,0,142.602,
1409978-w002,1409978,14,2026-01-22T21:52:22.490625,1723,WA,720.5,34,Control -> c -> Controlx12 -> c,"






















































































































































 c",0,0,0,0,低活动,0,0.0,0.0,0,0,0,0,0,0,0,0,0,低活动,0,0.0,0.0,0,0,0,0,0,0,0,0,0,低活动,0,0.0,0.0,0,0,0,0,0,0,0,0,0,低活动,0,0.0,0.0,0,0,0,0,0,0,0,0,0,低活动,0,0.0,0.0,0,0,0,0,0,268.697,
1409978-w003,1409978,14,2026-01-22T21:54:28.585649999,1723,WA,720.5,34,Control -> c -> Controlx12 -> c,"






















































































































































 c",0,0,0,0,低活动,0,0.0,0.0,0,0,0,0,0,0,0,0,0,低活动,0,0.0,0.0,0,0,0,0,0,0,0,0,0,低活动,0,0.0,0.0,0,0,0,0,0,0,0,0,0,低活动,0,0.0,0.0,0,0,0,0,0,0,0,0,0,低活动,0,0.0,0.0,0,0,0,0,0,394.792,
1409978-w004,1409978,14,2026-01-22T21:56:34.680675,1723,WA,720.5,34,Control -> c -> Controlx12 -> c,"






















































































































































 c",0,0,0,0,低活动,0,0.0,0.0,0,0,0,0,0,0,0,0,0,低活动,0,0.0,0.0,0,0,0,0,0,0,0,0,0,低活动,0,0.0,0.0,0,0,0,0,0,0,0,0,0,低活动,0,0.0,0.0,0,0,0,0,0,0,0,0,0,低活动,0,0.0,0.0,0,0,0,0,0,520.887,
1409978-w005,1409978,16,2026-01-22T21:58:40.775700,1723,WA,720.5,34,Control -> c -> Controlx12 -> c -> Control -> v,"v






















































































































































 c",0,0,0,0,低活动,0,0.0,0.0,0,0,0,0,0,0,0,0,0,低活动,0,0.0,0.0,0,0,0,0,0,0,0,0,0,低活动,0,0.0,0.0,0,0,0,0,0,2,1,1,1,剪贴板操作,0,0.0,0.744,0,0,1,1,1,2,1,1,1,剪贴板操作,0,0.0,0.744,0,0,1,1,1,48.195,
1232626-w001,1232626,79,2026-01-02T08:26:22.619800,1251,AC,456.6,95,Control -> v ->   -> 1 ->   -> 2 -> Controlx73 -> Enter,"



















































v
 2",0,0,0,0,低活动,0,0.0,0.0,0,0,0,0,0,0,0,0,0,低活动,0,0.0,0.0,0,0,0,0,0,1,1,0,0,低活动,0,0.0,0.0,0,1,0,0,0,74,1,73,0,修饰键占多数,1,20.609,0.038,0,1,73,1,1,80,6,74,1,修饰键占多数,3,59.99,0.134,0,1,74,2,2,27.061,
1232626-w002,1232626,85,2026-01-02T08:27:42.525500,1251,AC,456.6,95,Control -> v ->   -> 1 ->   -> 2 -> Controlx73 -> Enter -> Shift -> Enter -> } -> Controlx2 -> c,"








































   }










v
 c",0,0,0,0,低活动,0,0.0,0.0,0,0,0,0,0,0,0,0,0,低活动,0,0.0,0.0,0,0,0,0,0,2,1,1,1,剪贴板操作,0,0.0,0.807,0,0,1,0,0,3,1,2,1,剪贴板操作,1,39.829,35.927,0,0,2,1,1,7,4,3,1,持续输入,3,88.957,36.745,0,2,2,4,4,16.925,
1232626-w003,1232626,85,2026-01-02T08:29:02.431200,1251,AC,456.6,95,Control -> v ->   -> 1 ->   -> 2 -> Controlx73 -> Enter -> Shift -> Enter -> } -> Controlx2 -> c,"








































   }










v
 c",0,0,0,0,低活动,0,0.0,0.0,0,0,0,0,0,0,0,0,0,低活动,0,0.0,0.0,0,0,0,0,0,0,0,0,0,低活动,0,0.0,0.0,0,0,0,0,0,0,0,0,0,低活动,0,0.0,0.0,0,0,0,0,0,2,1,1,1,剪贴板操作,0,0.0,0.807,0,0,1,0,0,96.831,
1232626-w004,1232626,85,2026-01-02T08:30:22.336900,1251,AC,456.6,95,Control -> v ->   -> 1 ->   -> 2 -> Controlx73 -> Enter -> Shift -> Enter -> } -> Controlx2 -> c,"








































   }










v
 c",0,0,0,0,低活动,0,0.0,0.0,0,0,0,0,0,0,0,0,0,低活动,0,0.0,0.0,0,0,0,0,0,0,0,0,0,低活动,0,0.0,0.0,0,0,0,0,0,0,0,0,0,低活动,0,0.0,0.0,0,0,0,0,0,0,0,0,0,低活动,0,0.0,0.0,0,0,0,0,0,176.737,
1232626-w005,1232626,89,2026-01-02T08:31:42.242600,1251,AC,456.6,95,Control -> v ->   -> 1 ->   -> 2 -> Controlx73 -> Enter -> Shift -> Enter -> } -> Controlx2 -> c -> - -> c -> Control -> Enter,"







































                        c
   }                               -










v
 c",0,0,0,0,低活动,0,0.0,0.0,0,0,0,0,0,3,2,1,0,持续输入,1,2.929,2.654,0,1,1,1,1,4,3,1,0,持续输入,2,6.676,3.583,0,1,1,2,2,4,3,1,0,持续输入,2,6.676,3.583,0,1,1,2,2,4,3,1,0,持续输入,2,6.676,3.583,0,1,1,2,2,5.844,
1130708-w001,1130708,13,2025-12-23T20:30:20.208000,2091,AC,453.6,143,Controlx2 -> v -> Alt ->  x4 -> = -> Shift -> { -> 0 -> Shift -> },"v






                   ={0}",0,0,0,0,低活动,0,0.0,0.0,0,0,0,0,0,0,0,0,0,低活动,0,0.0,0.0,0,0,0,0,0,0,0,0,0,低活动,0,0.0,0.0,0,0,0,0,0,0,0,0,0,低活动,0,0.0,0.0,0,0,0,0,0,14,9,5,1,持续输入,3,12.621,2.792,0,0,2,3,10,73.656,
1130708-w002,1130708,13,2025-12-23T20:31:39.593249999,2091,AC,453.6,143,Controlx2 -> v -> Alt ->  x4 -> = -> Shift -> { -> 0 -> Shift -> },"v






                   ={0}",0,0,0,0,低活动,0,0.0,0.0,0,0,0,0,0,0,0,0,0,低活动,0,0.0,0.0,0,0,0,0,0,0,0,0,0,低活动,0,0.0,0.0,0,0,0,0,0,0,0,0,0,低活动,0,0.0,0.0,0,0,0,0,0,0,0,0,0,低活动,0,0.0,0.0,0,0,0,0,0,153.041,
1130708-w003,1130708,13,2025-12-23T20:32:58.978500,2091,AC,453.6,143,Controlx2 -> v -> Alt ->  x4 -> = -> Shift -> { -> 0 -> Shift -> },"v






                   ={0}",0,0,0,0,低活动,0,0.0,0.0,0,0,0,0,0,0,0,0,0,低活动,0,0.0,0.0,0,0,0,0,0,0,0,0,0,低活动,0,0.0,0.0,0,0,0,0,0,0,0,0,0,低活动,0,0.0,0.0,0,0,0,0,0,0,0,0,0,低活动,0,0.0,0.0,0,0,0,0,0,232.427,
1130708-w004,1130708,44,2025-12-23T20:34:18.363750,2091,AC,453.6,143,Controlx2 -> v -> Alt ->  x4 -> = -> Shift -> { -> 0 -> Shift -> } -> - -> 1 -> - -> 1 -> - -> 1 -> Control -> Insert -> n -> u -> m -> = -> m -> u -> nx2 -> u -> m -> 8 -> Shiftx2 -> * -> 1 -> 0 -> Shift -> + -> CapsLock -> 9 -> CapsLock -> Shift -> (,"v






                   ={0}




                num=num*10+(









                       -1
                       -1

                   -1",5,2,3,0,修饰键占多数,0,0.0,1.326,0,0,0,0,0,9,5,4,0,持续输入,1,3.582,2.192,0,0,0,0,3,25,17,8,0,持续输入,1,3.582,1.774,0,0,1,1,17,31,23,8,0,持续输入,4,32.116,3.709,0,0,1,4,23,31,23,8,0,持续输入,4,32.116,3.709,0,0,1,4,23,0.8,
1130708-w005,1130708,120,2025-12-23T20:35:37.749000,2091,AC,453.6,143,Controlx2 -> v -> Alt ->  x4 -> = -> Shift -> { -> 0 -> Shift -> } -> - -> 1 -> - -> 1 -> - -> 1 -> Control -> Insert -> n -> u -> m -> = -> m -> u -> nx2 -> u -> m -> 8 -> Shiftx2 -> * -> 1 -> 0 -> Shift -> + -> CapsLock -> 9 -> CapsLock -> Shift -> ( -> a -> [ -> i -> - -> ' -> 0 -> ; -> Enter -> h -> = -> 1 -> ; -> Enter -> Shift -> } -> Enter -> i -> f -> 9 -> Shiftx2 -> ( -> Shift -> ( -> ) -> a -> i -> [ -> a -> [ -> i -> =x2 -> ' -> 5 -> Shift -> |x2 -> i -> =x2 -> l -> e -> n -> - -> 1 -> Shift -> &x2 -> h -> Shift -> { -> Enter -> b -> l -> [ -> +x2 -> Shift -> = -> n -> u -> m -> ; -> Enter -> n -> u,"v






                   ={0}




                num=num*10+(a[i -'0  ;
                h=1;
                }
            if((a[ii=='5 ||i==len-1 &&h {
                b[l++ =num;
                num=0;
                h=0;



                       -1
                       -1

                   -1",0,0,0,0,低活动,0,0.0,0.0,0,0,0,0,0,0,0,0,0,低活动,0,0.0,0.0,0,0,0,0,0,27,25,2,0,持续输入,1,2.082,1.491,0,3,0,3,25,54,49,5,0,持续输入,6,19.047,2.051,0,3,0,3,49,103,87,16,0,持续输入,10,39.583,1.96,0,6,1,8,89,13.856,
1355214-w001,1355214,145,2026-01-08T22:46:08.610000,1463,AC,985.0,643,Control -> Insert -> Control -> Insert -> Shift -> # -> Shift -> n -> c -> l -> u -> i -> e -> d -> Shift -> < -> s -> t -> d -> i -> o -> h -> Shift -> . -> > -> Enter -> Shift -> # -> i -> n -> c -> l -> u -> d -> e -> Shift -> < -> s -> c -> t -> y -> p -> e -> s -> t -> r -> i -> n -> g -> . -> h -> Shift -> > -> Enter -> n -> t ->   -> i -> m -> a -> i -> n -> Shift -> ( -> Shift -> { -> Enter -> i -> t ->   -> n -> c -> h -> a -> r ->   -> s -> [ -> 1 -> 0x2 -> Enter -> ; -> s -> c -> a -> w -> h -> i -> e -> l -> Shift -> ( -> s -> c -> a -> n -> f -> Shift -> ( -> Shift,"#include<stdio.h>
#include<string.h>
int main( {
    char s[100 ;
    while(scanf(""%s ,s !EOF {
        int len=strlen(s ;
        if(len<8",1,1,0,0,持续输入,0,0.0,0.0,0,0,0,0,0,6,5,1,0,持续输入,1,2.108,1.64,0,0,0,0,4,36,31,5,0,持续输入,4,13.985,1.867,0,2,0,2,32,92,79,13,0,持续输入,6,20.313,1.334,0,4,0,4,81,144,122,22,0,持续输入,9,36.59,1.624,0,6,1,6,125,4.039,
1355214-w002,1355214,327,2026-01-08T22:49:00.983250,1463,AC,985.0,643,"1 -> 0x2 -> Enter -> ; -> s -> c -> a -> w -> h -> i -> e -> l -> Shift -> ( -> s -> c -> a -> n -> f -> Shift -> ( -> Shift -> "" -> Shift -> s -> % -> , -> s -> Shift -> ! -> CapsLock -> E -> O -> F -> CapsLock -> Shift -> Enter -> { -> i -> n -> t ->   -> e -> n -> l -> = -> t -> r -> s -> l -> e -> n -> Shift -> ( -> s -> ; -> Enter -> i -> f -> Shift -> ( -> e -> n -> l -> Shift -> < -> 8 -> Shift -> {x2 -> Enter -> p -> r -> o -> ix2 -> n -> t -> f -> Shift -> ( -> Shift -> "" -> n -> o -> ] -> \ -> n -> ; -> Enter -> b -> rx2 -> e -> a -> k -> ; -> Enter -> Control -> Insert -> Enter -> i -> n","#include<stdio.h>
#include<string.h>
#include<ctype.h>
    char s[100 ;
    while(scanf(""%s ,s !EOF {
        int len=strlen(s ;
        int count=0;
            printf(""no\n  ;
            break;


    for(int i=0;i<len;i++ {
        if(s[i
           isdigit(     )c    ++;
        if(isupper(s[i   c    ++;
        if(islower(s[i   c    ++;
        if(s[i =='",0,0,0,0,低活动,0,0.0,0.0,0,0,0,0,0,0,0,0,0,低活动,0,0.0,0.0,0,0,0,0,0,10,9,1,0,持续输入,1,14.385,3.839,0,0,0,0,8,53,44,9,0,持续输入,5,25.726,1.541,0,2,0,2,45,106,88,18,0,持续输入,11,65.328,1.879,0,4,0,6,88,11.07,
1355214-w003,1355214,457,2026-01-08T22:51:53.356500,1463,AC,985.0,643,< -> Shift -> l -> e -> n -> ; -> i -> Shift -> +x2 -> Shiftx2 -> { -> Enter -> f -> i -> Shift -> ( -> s -> i -> [ -> Enter -> Shift -> # -> i -> n -> l -> u -> c -> d -> e -> Shift -> < -> c -> y -> t -> p -> r -> e -> . -> h -> Shift -> > -> i -> s -> d -> i -> g -> i -> t -> Shift -> ( -> Shift -> ) -> c -> Shift -> + -> Shift -> + -> ; -> Enter -> i -> f -> Shift -> ( -> i -> s -> u -> px2 -> e -> r -> Shift -> ( -> s -> ix2 -> [ -> c -> Shift -> + -> Shift -> + -> ; -> Enter -> i -> f -> 9 -> Shiftx2 -> ( -> i -> s -> l -> o -> w -> e -> r -> Shift -> ( -> s -> [ -> i -> c -> Shift,"#include<stdio.h>
#include<string.h>
#include<ctype.h>
    char s[100 ;
    while(scanf(""%s ,s !EOF {
        int len=strlen(s ;
        int count=0;
            printf(""no\n  ;
            break;


    for(int i=0;i<len;i++ {
        if(s[i
           isdigit(     )c    ++;
        if(isupper(s[i   c    ++;
        if(islower(s[i   c    ++;
        if(s[i =='! ||s[i =='@ ||s[i ='# ||s[i ='v ||s[i ='* ||s[i ='~  c    ++;

    if(count>=3 printf(""yes\n  ;

return 0;
}",0,0,0,0,低活动,0,0.0,0.0,0,0,0,0,0,0,0,0,0,低活动,0,0.0,0.0,0,0,0,0,0,23,19,4,0,持续输入,2,8.227,1.801,0,2,1,3,19,56,45,11,0,持续输入,6,21.354,1.977,0,3,1,5,44,128,87,41,2,持续输入,12,43.879,1.873,0,3,7,5,90,10.928,
1355214-w004,1355214,521,2026-01-08T22:54:45.729750,1463,AC,985.0,643,( -> i -> s -> u -> px2 -> e -> r -> Shift -> ( -> s -> ix2 -> [ -> c -> Shift -> + -> Shift -> + -> ; -> Enter -> i -> f -> 9 -> Shiftx2 -> ( -> i -> s -> l -> o -> w -> e -> r -> Shift -> ( -> s -> [ -> i -> c -> Shift -> + -> Shift -> ; -> + -> Enter -> f -> i -> Shift -> ( -> s -> [ -> i -> =x2 -> ' -> ! -> Shift -> Control -> Insert -> Shift -> + -> Shift -> + -> Shift -> | -> Shift -> | -> s -> [ -> i -> =x2 -> ' -> Shift -> @ -> Shift -> | -> Shift -> | -> s -> [ -> i -> = -> ' -> Shift -> # -> Shiftx2 -> | -> s -> | -> [ -> i -> = -> ' -> Insert -> Control -> c -> Controlx2 -> Insert -> v -> Control -> Insert -> Control -> Insert,"#include<stdio.h>
#include<string.h>
#include<ctype.h>
    char s[100 ;
    while(scanf(""%s ,s !EOF {
        int len=strlen(s=;
        int count=0;
            printf(""no\n  ;
            break;


    for(int i=0;i<len;i++ {
    else if {i
           isdigit(     )c    ++;
        if(isupper(s[i   c    2=1
        if(islower(s[i   c    3=1
        if(s[i =='! ||s[i =='@ ||s[i ==# ||s[i ='= ||s[i ='*=||s[i ='~ =c    ++; 4=1

    if(count>=3 printf(""yes\n  ;}

return 0;
}",5,3,2,0,持续输入,0,0.0,0.933,0,0,1,0,3,8,6,2,0,持续输入,1,2.778,1.871,0,0,1,1,6,19,9,10,0,修饰键占多数,4,13.2,3.422,0,0,5,3,13,23,9,14,0,修饰键占多数,6,52.252,4.147,0,0,7,4,15,49,19,30,0,修饰键占多数,10,89.506,4.159,0,0,14,9,29,1.171,
1355214-w005,1355214,577,2026-01-08T22:57:38.103000,1463,AC,985.0,643,"! -> Shift -> Control -> Insert -> Shift -> + -> Shift -> + -> Shift -> | -> Shift -> | -> s -> [ -> i -> =x2 -> ' -> Shift -> @ -> Shift -> | -> Shift -> | -> s -> [ -> i -> = -> ' -> Shift -> # -> Shiftx2 -> | -> s -> | -> [ -> i -> = -> ' -> Insert -> Control -> c -> Controlx2 -> Insert -> v -> Control -> Insert -> Control -> Insert -> Shiftx5 -> | -> Shift -> | -> s -> [ -> i -> = -> ' -> Shift -> * -> | -> Shift -> | -> Shift -> s -> [ -> i -> = -> Shift -> "" -> ' -> Shift -> ~ -> c -> Shift -> + -> Shift -> + -> ; -> Enter -> i -> f -> Shift -> ( -> c -> o -> u -> n -> t -> Shift -> > -> = -> 3 -> p -> r -> i -> n -> t -> f -> Shift -> (","#include<stdio.h>
#include<string.h>
#include<ctype.h>
    char s[100 ;
    while(scanf(""%s ,s !EOF {
        int len=strlen(s=;
        int count=0;
            printf(,co\n 1=0,c     =0,c     =0,c     =0;
            break;


    for(int i=0;i<len;i++ {
    else if {i
           isdigit(     )c    1=1
        if(isupper(s[i   c    2=1
        if(islower(s[i   c    3=1
        if(s[i =='! ||s[i =='@ ||s[i ==# ||s[i ='= ||s[i ='*=||s[i ='~ =c    ++; 4=1

    cf(co=ct>=3 +cintf(+ces\n +c}    ;

return 0;
}
 c",0,0,0,0,低活动,0,0.0,0.0,0,0,0,0,0,0,0,0,0,低活动,0,0.0,0.0,0,0,0,0,0,0,0,0,0,低活动,0,0.0,0.0,0,0,0,0,0,2,1,1,1,剪贴板操作,0,0.0,0.941,0,0,1,0,0,25,20,5,1,持续输入,5,58.158,2.585,0,0,3,1,20,41.393,
1282793-w001,1282793,216,2026-01-05T22:17:00.330400,1749,AC,1160.4,609,"Shift -> # -> i -> c -> l -> n -> u -> d -> e -> Shift -> < -> s -> t -> d -> o -> . -> i -> h -> Shift -> > -> Enter -> i -> n -> t ->   -> m -> a -> i -> n -> Shiftx11 -> ( -> Shift -> v -> Shift -> o -> i -> d -> Shift -> Enter -> Shift -> { -> Enter ->   -> , -> n -> m -> ; -> Enter -> w -> h -> i -> l -> e -> 9 -> Shift -> s -> Shift -> ( -> s -> Shift -> c -> a -> n -> f -> Shift -> ( -> Shift -> "" -> % -> Shift -> d ->   -> Shift -> % -> D ->   -> , -> Shift -> & -> n -> , -> Shift -> & -> N -> m -> Shift -> ! -> = -> CapsLock -> E -> O -> F -> CapsLock -> Enter -> Shiftx2 -> { -> Enter -> i -> n -> t","#include<stdio.h>
int main(void
{
        m,n;
    while(scanf(""%d %D ,&n,&m !=EOF
    {
        int arr[n [m ;
        for(int x=0;x<n;x++
        for(int y=0;y0m;y++
        scanf(""%d ,&arr[x [y  ;
        c",0,0,0,0,低活动,0,0.0,0.0,0,0,0,0,0,0,0,0,0,低活动,0,0.0,0.0,0,0,0,0,0,0,0,0,0,低活动,0,0.0,0.0,0,0,0,0,0,2,1,1,1,剪贴板操作,0,0.0,0.369,0,0,1,0,0,14,12,2,1,持续输入,1,58.211,1.91,0,1,1,1,10,52.19,
1282793-w002,1282793,353,2026-01-05T22:20:23.393750,1749,AC,1160.4,609,"Shiftx2 -> { -> Enter -> i -> n -> t ->   -> a -> rx2 -> [ -> n -> [ -> m -> ; -> Enter -> f -> o -> r -> Shift -> ( -> i -> n -> t ->   -> x -> = -> 0 -> ; -> x -> Shift -> < -> n -> ; -> x -> +x2 -> Enter -> f -> o -> r -> Shiftx18 -> ( -> Shiftx3 -> i -> n ->   -> y -> t ->   -> y -> = -> 0 -> ; -> u -> Shift -> < -> m -> ; -> y -> +x2 -> y -> 0 -> Enter -> s -> c -> a -> n -> f -> ( -> Shiftx2 -> "" -> Shift -> % -> d ->   -> , -> Shift -> & -> a -> rx2 -> [ -> x -> [ -> u -> y -> Enter -> ; -> Control -> c -> f -> o -> r -> Shift -> ( -> i -> n ->   -> x -> = -> 0 -> ;","#include<stdio.h>
int main(void
{
        m,n;
    while(scanf(""%d %D ,&n,&m !=EOF
    {
        int arr[n [m ;
        int a[n [m0;x<n;x++
        for(int y=0;y0m;y++
        scanf(""%d ,&arr[x [y  ;
        for(in  x=0;x<n;x++0
        {
            for(int y=0;y<m;y++
            {
                if(arr[x [y ==arr[x [y+1 &&arr[x+1 [y ==arr[x+2 [y

                a[x [y =a[x+1 [y +a[x+2 [y",7,7,0,0,持续输入,0,0.0,1.225,0,0,0,0,6,15,15,0,0,持续输入,0,0.0,1.277,0,0,0,0,14,21,21,0,0,持续输入,1,3.519,1.477,0,0,0,0,20,31,31,0,0,持续输入,4,38.976,3.127,0,0,0,1,28,78,77,1,0,持续输入,9,66.941,2.107,0,2,0,3,72,0.509,
1282793-w003,1282793,469,2026-01-05T22:23:46.457100,1749,AC,1160.4,609,Shift -> ( -> i -> n ->   -> x -> = -> 0 -> ; -> x -> Shift -> < -> m -> n -> ; -> x -> +x2 -> 0 -> Enter -> Shift -> { -> f -> Enter -> o -> r -> Shift -> ( -> i -> n -> t ->   -> y -> = -> 0 -> ; -> y -> < -> Shift -> m -> ; -> y -> +x2 -> Enter -> Shift -> { -> Enter -> i -> f -> Shift -> ( -> a -> r -> [ -> r -> x -> [ -> y -> =x2 -> a -> rx2 -> [ -> x -> [ -> + -> y -> 1 -> Shift -> &x2 -> a -> r -> [ -> r -> x -> + -> 1 -> = -> u -> [ -> y -> =x2 -> a -> rx2 -> [ -> x -> + -> 2 -> [ -> y -> Enterx2 -> i -> n -> t ->   -> s -> a -> m -> ax4 -> [ -> n -> m,"#include<stdio.h>
int main(void
{
        m,n;
    while(scanf(""%d %D ,&n,&m !=EOF
    {
        int arr[n [m ;
        int a[n [m0;x<n;x++
        for(int y=0;y0m;y++
        scanf(""%d ,&arr[x [y  ;
        for(in  x=0;x<n;x++0
        {
            for(int y=0;y<m;y++
            {
                if(arr[x [y ==arr[x [y+1 &&arr[x+1 [y ==arr[x+2 [y
                                                   +1           +1
                a[x [y =a[x+1 +1 +a[x+2 [y+21;

         c
        v



                                   +1            1



        for(int x=0;x<n;x++
        {
            for(int y=0;y<m;y++
            {
                if(a[x [y

            prin  (""\n  ;

        p     (""\n  ;

    return 0;",3,3,0,0,持续输入,0,0.0,1.233,0,0,0,0,2,6,5,1,0,持续输入,1,3.672,2.924,0,0,0,0,5,30,25,5,0,持续输入,2,10.563,1.955,0,2,0,4,24,42,35,7,0,持续输入,4,27.972,1.999,0,3,0,6,34,97,82,15,0,持续输入,6,64.621,1.65,0,8,0,11,80,1.494,
1282793-w004,1282793,586,2026-01-05T22:27:09.520450,1749,AC,1160.4,609,"y -> = -> a -> [ -> x -> 1 -> + -> [ -> y -> + -> a -> [ -> x -> + -> 2 -> [ -> y -> = -> 1 -> ; -> Enter -> Control -> c -> v -> Control -> + -> 1 -> + -> 1 -> + -> 1x2 -> + -> 1 -> + -> 2 -> Enter -> f -> o -> r -> ( -> i -> n -> Shift ->   -> t -> i -> = -> 0 -> x -> ; -> x -> Shift -> < -> ; -> n -> x -> +x2 -> Enter -> Shift -> { -> Enter -> f -> o -> r -> Shift -> ) -> Shift -> ( -> i -> t ->   -> n -> y -> = -> ; -> 0 -> y -> Shift -> < -> m -> ; -> y -> +x2 -> Enter -> Shift -> { -> Shift -> Enterx2 -> p -> r -> i -> n -> Shift -> ( -> Shift -> "" -> \ -> n -> ; -> Enter","#include<stdio.h>
int main(void
{
        m,n;
    while(scanf(""%d %D ,&n,&m !=EOF
    {
        int arr[n [m ;
        int a[n [m0={00;x++
        for(int y=0;y0m;y++
        scanf(""%d ,&arr[x [y  ;
        for(in  x=0;x<n;x++0
        {
            for(int y=0;y<m;y++
            {
                if(arr[x [y ==arr[x [y+1 &&arr[x+1 [y ==arr[x+2 [y
                                                   +1           +1
                a[x [y =a[x+1 +1 =a[x+2 [y+21;

         c
        v



                                   +1            1
                                 =


        for(int x=0;x<n;x++
        {
            for(int y=0;y<m;y++
            {
                if(a[x [y   p     (""0  ;
                else p     (""%d ,arr[x [y  ;
            prinif(y!=m-1  p     (""   ;

        p     (""\n  ;

    return 0;",0,0,0,0,低活动,0,0.0,0.0,0,0,0,0,0,0,0,0,0,低活动,0,0.0,0.0,0,0,0,0,0,0,0,0,0,低活动,0,0.0,0.0,0,0,0,0,0,2,2,0,0,持续输入,1,2.707,2.707,0,0,0,1,0,70,16,54,0,修饰键占多数,5,56.059,0.923,0,0,0,2,14,54.36,
1282793-w005,1282793,602,2026-01-05T22:30:32.583800,1749,AC,1160.4,609,"y -> = -> 1 -> ; -> Enter -> Control -> c -> v -> Control -> + -> 1 -> + -> 1 -> + -> 1x2 -> + -> 1 -> + -> 2 -> Enter -> f -> o -> r -> ( -> i -> n -> Shift ->   -> t -> i -> = -> 0 -> x -> ; -> x -> Shift -> < -> ; -> n -> x -> +x2 -> Enter -> Shift -> { -> Enter -> f -> o -> r -> Shift -> ) -> Shift -> ( -> i -> t ->   -> n -> y -> = -> ; -> 0 -> y -> Shift -> < -> m -> ; -> y -> +x2 -> Enter -> Shift -> { -> Shift -> Enterx2 -> p -> r -> i -> n -> Shift -> ( -> Shift -> "" -> \ -> n -> ; -> Enter -> p -> Shift -> ( -> Shiftx3 -> "" -> \ -> n -> ; -> Enter -> r -> e -> t -> u -> r -> n ->  ","#include<stdio.h>
int main(void
{
        m,n;
    while(scanf(""%d %D ,&n,&m !=EOF
    {
        int arr[n [m ;
        int a[n [m0={0};x++
        for(int y=0;y0m;y++
        scanf(""%d ,&arr[x [y  ;
        for(in  x=0;x<n;x++0   c
        v
            for(int y=0;y<m;y++
            {    ;0
                if(arr[x [y ==arr[x [y+1 &&arr[x+1 [y ==arr[x+2 [y
                                                   +1           +1
                a[x [y =a[x+1 +1 =a[x+2 [y+21;

         c
        v



                                   +1            1
                                 =


        for(int x=0;x<n;x++
        {
            for(int y=0;y<m;y++
            {
                if(a[x [y   p     (""0  ;
                else p     (""%d ,arr[x [y  ;
            prinif(y!=m-1  p     (""   ;

        p     (""\n  ;

    return 0;",0,0,0,0,低活动,0,0.0,0.0,0,0,0,0,0,0,0,0,0,低活动,0,0.0,0.0,0,0,0,0,0,0,0,0,0,低活动,0,0.0,0.0,0,0,0,0,0,0,0,0,0,低活动,0,0.0,0.0,0,0,0,0,0,9,6,3,2,持续输入,3,36.886,15.525,0,1,2,2,4,64.131,
1326292-w001,1326292,103,2026-01-07T20:31:27.861200,1901,AC,855.3,214,"Shift -> # -> Shiftx2 -> < -> s -> t -> d -> i -> . -> o -> h -> > -> Enter -> Shift -> i -> n -> t ->   -> m -> a -> i -> n -> Shift -> ( -> Shift -> Enter -> { -> n -> t ->   -> i -> n -> ; -> Enter -> w -> h -> i -> l -> e -> Shift -> ( -> s -> c -> a -> n -> f -> Shift -> ( -> Shift -> "" -> Shift -> % -> d -> , -> Shift -> & -> n -> Shift -> ! -> = -> CapsLockx2 -> e -> o -> f -> CapsLockx2 -> e -> o -> f -> CapsLock -> E -> F -> O -> CapsLock -> Shift -> { -> Enter -> o -> f -> r -> Shift -> ( -> i -> n -> t -> i ->   -> = -> 0 -> ; -> i -> Shift -> n -> < -> ; -> i -> Shift -> +x2 -> Shift -> { -> Enter","#       <stdio.h>
int main( {
    int n;
    while(scanf(""%d ,&n !=EOF {
        for(int i=0;i<n;i++ {
",0,0,0,0,低活动,0,0.0,0.0,0,0,0,0,0,0,0,0,0,低活动,0,0.0,0.0,0,0,0,0,0,20,17,3,0,持续输入,1,5.623,0.853,0,1,0,0,18,25,21,4,0,持续输入,2,10.714,1.034,0,1,0,0,22,46,34,12,0,持续输入,3,67.896,1.386,0,2,0,1,37,14.391,
1326292-w002,1326292,144,2026-01-07T20:33:57.544125,1901,AC,855.3,214,"Shift -> # -> Shiftx2 -> < -> s -> t -> d -> i -> . -> o -> h -> > -> Enter -> Shift -> i -> n -> t ->   -> m -> a -> i -> n -> Shift -> ( -> Shift -> Enter -> { -> n -> t ->   -> i -> n -> ; -> Enter -> w -> h -> i -> l -> e -> Shift -> ( -> s -> c -> a -> n -> f -> Shift -> ( -> Shift -> "" -> Shift -> % -> d -> , -> Shift -> & -> n -> Shift -> ! -> = -> CapsLockx2 -> e -> o -> f -> CapsLockx2 -> e -> o -> f -> CapsLock -> E -> F -> O -> CapsLock -> Shift -> { -> Enter -> o -> f -> r -> Shift -> ( -> i -> n -> t -> i ->   -> = -> 0 -> ; -> i -> Shift -> n -> < -> ; -> i -> Shift -> +x2 -> Shift -> { -> Enter","#       <stdio.h>
int main( {
    int n;
    while(scanf(""%d ,&n !=EOF {
        int an[1000={0};i++ {
            scanf(""%d  ,&an[i  ;


",0,0,0,0,低活动,0,0.0,0.0,0,0,0,0,0,0,0,0,0,低活动,0,0.0,0.0,0,0,0,0,0,0,0,0,0,低活动,0,0.0,0.0,0,0,0,0,0,11,9,2,0,持续输入,1,3.743,1.899,0,1,0,1,8,41,35,6,0,持续输入,7,35.369,2.322,0,2,0,3,32,47.964,
1326292-w003,1326292,172,2026-01-07T20:36:27.227050,1901,AC,855.3,214,"Shift -> # -> Shiftx2 -> < -> s -> t -> d -> i -> . -> o -> h -> > -> Enter -> Shift -> i -> n -> t ->   -> m -> a -> i -> n -> Shift -> ( -> Shift -> Enter -> { -> n -> t ->   -> i -> n -> ; -> Enter -> w -> h -> i -> l -> e -> Shift -> ( -> s -> c -> a -> n -> f -> Shift -> ( -> Shift -> "" -> Shift -> % -> d -> , -> Shift -> & -> n -> Shift -> ! -> = -> CapsLockx2 -> e -> o -> f -> CapsLockx2 -> e -> o -> f -> CapsLock -> E -> F -> O -> CapsLock -> Shift -> { -> Enter -> o -> f -> r -> Shift -> ( -> i -> n -> t -> i ->   -> = -> 0 -> ; -> i -> Shift -> n -> < -> ; -> i -> Shift -> +x2 -> Shift -> { -> Enter","#       <stdio.h>
cnt main( {
    int n;
    while(scanf(""%d ,&n !=EOF {
        int an[1000={0};i++ {
        int count=0;d  ,&an[i  ;

            count++;
",0,0,0,0,低活动,0,0.0,0.0,0,0,0,0,0,3,1,2,1,剪贴板操作,0,0.0,0.498,0,0,1,0,0,4,2,2,1,剪贴板操作,1,5.499,4.502,0,1,1,1,1,4,2,2,1,剪贴板操作,1,5.499,4.502,0,1,1,1,1,4,2,2,1,剪贴板操作,1,5.499,4.502,0,1,1,1,1,6.234,
1326292-w004,1326292,184,2026-01-07T20:38:56.909975,1901,AC,855.3,214,"Shift -> # -> Shiftx2 -> < -> s -> t -> d -> i -> . -> o -> h -> > -> Enter -> Shift -> i -> n -> t ->   -> m -> a -> i -> n -> Shift -> ( -> Shift -> Enter -> { -> n -> t ->   -> i -> n -> ; -> Enter -> w -> h -> i -> l -> e -> Shift -> ( -> s -> c -> a -> n -> f -> Shift -> ( -> Shift -> "" -> Shift -> % -> d -> , -> Shift -> & -> n -> Shift -> ! -> = -> CapsLockx2 -> e -> o -> f -> CapsLockx2 -> e -> o -> f -> CapsLock -> E -> F -> O -> CapsLock -> Shift -> { -> Enter -> o -> f -> r -> Shift -> ( -> i -> n -> t -> i ->   -> = -> 0 -> ; -> i -> Shift -> n -> < -> ; -> i -> Shift -> +x2 -> Shift -> { -> Enter","v       <stdio.h>
cnt main( {
    int n;
    while(scanf(""%d ,&n !=EOF {
        int an[1000={0};i++ {
        int count=0;d  ,&an[i  ;

            count++;
",0,0,0,0,低活动,0,0.0,0.0,0,0,0,0,0,0,0,0,0,低活动,0,0.0,0.0,0,0,0,0,0,6,0,6,0,修饰键占多数,2,15.633,8.256,0,0,3,2,2,6,0,6,0,修饰键占多数,2,15.633,8.256,0,0,3,2,2,12,1,11,1,剪贴板操作,4,97.659,20.411,0,0,6,4,3,13.072,
1326292-w005,1326292,198,2026-01-07T20:41:26.592900,1901,AC,855.3,214,"Shift -> # -> Shiftx2 -> < -> s -> t -> d -> i -> . -> o -> h -> > -> Enter -> Shift -> i -> n -> t ->   -> m -> a -> i -> n -> Shift -> ( -> Shift -> Enter -> { -> n -> t ->   -> i -> n -> ; -> Enter -> w -> h -> i -> l -> e -> Shift -> ( -> s -> c -> a -> n -> f -> Shift -> ( -> Shift -> "" -> Shift -> % -> d -> , -> Shift -> & -> n -> Shift -> ! -> = -> CapsLockx2 -> e -> o -> f -> CapsLockx2 -> e -> o -> f -> CapsLock -> E -> F -> O -> CapsLock -> Shift -> { -> Enter -> o -> f -> r -> Shift -> ( -> i -> n -> t -> i ->   -> = -> 0 -> ; -> i -> Shift -> n -> < -> ; -> i -> Shift -> +x2 -> Shift -> { -> Enter","v       <stdio.h>
cnt main( {
    int n;
    while(scanf(""%d ,&n !=EOF {
        int an[1000={0};i++ {
        int count=0;d  ,&an[i  ;

            count++;






























































 v







 v",0,0,0,0,低活动,0,0.0,0.0,0,0,0,0,0,0,0,0,0,低活动,0,0.0,0.0,0,0,0,0,0,3,1,2,1,剪贴板操作,0,0.0,0.895,0,0,2,1,1,3,1,2,1,剪贴板操作,0,0.0,0.895,0,0,2,1,1,10,2,8,2,剪贴板操作,3,93.122,44.86,0,0,6,5,5,20.233,
