candidate_id,solution_id,candidate_type,trigger_time,problem_id,judge,events_before,event_index,current_idle_s,keys_5s,text_keys_5s,modifier_keys_5s,clipboard_ops_5s,pause_count_5s,pause_total_5s,pause_p90_5s,backspace_5s,enter_5s,control_5s,row_changes_5s,column_changes_5s,keys_10s,text_keys_10s,modifier_keys_10s,clipboard_ops_10s,pause_count_10s,pause_total_10s,pause_p90_10s,backspace_10s,enter_10s,control_10s,row_changes_10s,column_changes_10s,keys_30s,text_keys_30s,modifier_keys_30s,clipboard_ops_30s,pause_count_30s,pause_total_30s,pause_p90_30s,backspace_30s,enter_30s,control_30s,row_changes_30s,column_changes_30s,keys_60s,text_keys_60s,modifier_keys_60s,clipboard_ops_60s,pause_count_60s,pause_total_60s,pause_p90_60s,backspace_60s,enter_60s,control_60s,row_changes_60s,column_changes_60s,keys_120s,text_keys_120s,modifier_keys_120s,clipboard_ops_120s,pause_count_120s,pause_total_120s,pause_p90_120s,backspace_120s,enter_120s,control_120s,row_changes_120s,column_changes_120s,outcome_keys_30s,outcome_text_keys_30s,outcome_backspace_30s,outcome_enter_30s,outcome_keys_60s,outcome_text_keys_60s,outcome_backspace_60s,outcome_enter_60s,outcome_keys_120s,outcome_text_keys_120s,outcome_backspace_120s,outcome_enter_120s,outcome_continued_input_120s,outcome_next_event_s
993770-idle-0000,993770,idle_30s,2025-12-06T12:07:40.700000,2132,WA,1,0,30.0,0,0,0,0,0,0,0.0,0,0,0,0,0,0,0,0,0,0,0.0,0.0,0,0,0,0,0,1,1,0,0,0,0.0,0.0,0,0,0,0,0,1,1,0,0,0,0.0,0.0,0,0,0,0,0,1,1,0,0,0,0.0,0.0,0,0,0,0,0,0,0,0,0,0,0,0,0,0,0,0,0,1,522.744
993770-idle-0002,993770,idle_30s,2025-12-06T12:16:53.759000,2132,WA,3,2,30.0,0,0,0,0,0,0,0.0,0,0,0,0,0,0,0,0,0,0,0.0,0.0,0,0,0,0,0,1,1,0,0,0,0.0,0.0,0,0,0,0,0,2,1,1,1,0,0.0,0.315,0,0,1,0,0,2,1,1,1,0,0.0,0.315,0,0,1,0,0,0,0,0,0,1,1,0,1,10,8,0,8,1,59.039
993770-idle-0120,993770,idle_30s,2025-12-06T12:24:35.556000,2132,WA,121,120,30.0,0,0,0,0,0,0,0.0,0,0,0,0,0,0,0,0,0,0,0.0,0.0,0,0,0,0,0,1,1,0,0,0,0.0,0.0,0,1,0,0,0,13,9,4,0,6,23.308,4.822,0,9,2,8,9,38,26,12,0,17,76.212,4.689,0,26,6,25,27,0,0,0,0,2,1,0,0,2,1,0,0,1,38.727
993770-idle-0122,993770,idle_30s,2025-12-06T12:25:44.598000,2132,WA,123,122,30.0,0,0,0,0,0,0,0.0,0,0,0,0,0,0,0,0,0,0,0.0,0.0,0,0,0,0,0,1,1,0,0,0,0.0,0.0,0,0,0,0,0,2,1,1,1,0,0.0,0.315,0,0,1,0,0,10,8,2,1,6,87.137,18.132,0,7,1,8,8,0,0,0,0,0,0,0,0,34,0,0,0,1,65.394
993770-idle-0156,993770,idle_30s,2025-12-06T12:27:31.224000,2132,WA,157,156,30.0,0,0,0,0,0,0,0.0,0,0,0,0,0,0,0,0,0,0,0.0,0.0,0,0,0,0,0,1,0,1,0,0,0.0,0.0,0,0,0,0,0,34,0,34,0,1,2.038,1.157,0,0,17,14,14,34,0,34,0,1,2.038,1.157,0,0,17,14,14,0,0,0,0,2,1,0,0,3,2,0,0,1,47.097
993770-idle-0158,993770,idle_30s,2025-12-06T12:28:48.626000,2132,WA,159,158,30.0,0,0,0,0,0,0,0.0,0,0,0,0,0,0,0,0,0,0,0.0,0.0,0,0,0,0,0,1,1,0,0,0,0.0,0.0,0,0,0,0,0,2,1,1,1,0,0.0,0.305,0,0,1,0,0,36,1,35,1,2,79.135,1.404,0,0,18,15,15,1,1,0,0,1,1,0,0,1,1,0,0,1,9.579
993770-idle-0159,993770,idle_30s,2025-12-06T12:29:28.205000,2132,WA,160,159,30.0,0,0,0,0,0,0,0.0,0,0,0,0,0,0,0,0,0,0,0.0,0.0,0,0,0,0,0,1,1,0,0,0,0.0,0.0,0,0,0,0,0,1,1,0,0,0,0.0,0.0,0,0,0,0,0,3,2,1,1,1,39.579,35.652,0,0,1,1,1,0,0,0,0,0,0,0,0,0,0,0,0,1,270.61
1005008-idle-0074,1005008,idle_30s,2025-12-08T18:57:31.822000,1746,TLE,75,74,30.0,0,0,0,0,0,0,0.0,0,0,0,0,0,0,0,0,0,0,0.0,0.0,0,0,0,0,0,1,1,0,0,0,0.0,0.0,0,1,0,0,0,57,47,10,0,3,8.191,0.988,0,4,0,3,47,75,63,12,0,3,8.191,0.924,0,4,0,3,63,7,7,0,0,27,27,0,2,57,51,0,4,1,25.329
1005008-idle-0101,1005008,idle_30s,2025-12-08T18:59:00.684000,1746,TLE,102,101,30.0,0,0,0,0,0,0,0.0,0,0,0,0,0,0,0,0,0,0,0.0,0.0,0,0,0,0,0,1,1,0,0,0,0.0,0.0,0,1,0,0,0,21,21,0,0,3,18.865,2.199,0,2,0,1,20,31,30,1,0,4,74.194,2.199,0,3,0,2,29,29,24,0,2,51,43,0,2,103,89,0,6,1,9.92
1005008-idle-0258,1005008,idle_30s,2025-12-08T19:02:19.600000,1746,TLE,259,258,30.0,0,0,0,0,0,0,0.0,0,0,0,0,0,0,0,0,0,0,0.0,0.0,0,0,0,0,0,1,1,0,0,0,0.0,0.0,0,0,0,0,0,38,31,7,0,3,7.059,1.609,0,3,0,4,29,84,70,14,0,11,40.98,2.33,0,7,0,9,68,2,1,0,0,2,1,0,0,2,1,0,0,1,14.263
1006107-idle-0047,1006107,idle_30s,2025-12-08T18:44:34.813000,1516,WA,48,47,30.0,0,0,0,0,0,0,0.0,0,0,0,0,0,0,0,0,0,0,0.0,0.0,0,0,0,0,0,1,1,0,0,0,0.0,0.0,0,1,0,0,0,48,42,6,0,1,2.164,1.143,0,4,0,4,40,48,42,6,0,1,2.164,1.143,0,4,0,4,40,0,0,0,0,0,0,0,0,57,47,0,5,1,61.027
1006107-idle-0146,1006107,idle_30s,2025-12-08T18:47:39.740000,1516,WA,147,146,30.0,0,0,0,0,0,0,0.0,0,0,0,0,0,0,0,0,0,0,0.0,0.0,0,0,0,0,0,1,1,0,0,0,0.0,0.0,0,0,0,0,0,27,21,6,0,4,15.073,2.76,0,4,0,4,22,92,66,26,0,9,50.276,1.922,0,9,0,10,68,17,13,0,2,17,13,0,2,17,13,0,2,1,0.731
1006107-idle-0163,1006107,idle_30s,2025-12-08T18:48:38.726000,1516,WA,164,163,30.0,0,0,0,0,0,0,0.0,0,0,0,0,0,0,0,0,0,0,0.0,0.0,0,0,0,0,0,1,1,0,0,0,0.0,0.0,0,1,0,0,0,17,13,4,0,5,22.156,4.697,0,2,0,1,11,45,35,10,0,11,72.737,4.413,0,6,0,5,35,0,0,0,0,0,0,0,0,0,0,0,0,1,178.654
1006107-idle-0244,1006107,idle_30s,2025-12-08T18:54:11.269000,1516,WA,245,244,30.0,0,0,0,0,0,0,0.0,0,0,0,0,0,0,0,0,0,0,0.0,0.0,0,0,0,0,0,1,1,0,0,0,0.0,0.0,0,0,0,0,0,31,23,8,0,1,9.945,1.787,0,1,0,2,23,78,63,15,0,9,45.238,2.359,0,4,0,8,63,4,2,0,0,4,2,0,0,4,2,0,0,1,0.716
1006107-idle-0248,1006107,idle_30s,2025-12-08T18:54:44.711000,1516,WA,249,248,30.0,0,0,0,0,0,0,0.0,0,0,0,0,0,0,0,0,0,0,0.0,0.0,0,0,0,0,0,1,1,0,0,0,0.0,0.0,0,0,0,0,0,4,2,2,0,0,0.0,1.624,0,0,0,0,1,62,46,16,0,6,52.052,1.984,0,3,0,5,46,0,0,0,0,0,0,0,0,0,0,0,0,1,128.48
1006107-idle-0259,1006107,idle_30s,2025-12-08T18:58:19.600000,1516,WA,260,259,30.0,0,0,0,0,0,0,0.0,0,0,0,0,0,0,0,0,0,0,0.0,0.0,0,0,0,0,0,1,1,0,0,0,0.0,0.0,0,0,0,0,0,10,6,4,0,4,28.472,8.61,0,0,0,2,5,11,7,4,0,5,55.449,15.845,0,0,0,3,6,0,0,0,0,0,0,0,0,2,2,0,0,1,93.153
1006107-idle-0261,1006107,idle_30s,2025-12-08T19:00:23.315000,1516,WA,262,261,30.0,0,0,0,0,0,0,0.0,0,0,0,0,0,0,0,0,0,0,0.0,0.0,0,0,0,0,0,1,1,0,0,0,0.0,0.0,0,0,0,0,0,2,2,0,0,0,0.0,0.562,0,0,0,0,1,2,2,0,0,0,0.0,0.562,0,0,0,0,1,2,2,0,0,2,2,0,0,5,5,0,0,1,20.091
1006107-idle-0263,1006107,idle_30s,2025-12-08T19:01:14.210000,1516,WA,264,263,30.0,0,0,0,0,0,0,0.0,0,0,0,0,0,0,0,0,0,0,0.0,0.0,0,0,0,0,0,1,1,0,0,0,0.0,0.0,0,0,0,0,0,2,2,0,0,0,0.0,0.804,0,0,0,0,1,4,4,0,0,1,50.091,40.234,0,0,0,1,3,3,3,0,0,3,3,0,0,7,5,0,0,1,24.119
1006107-idle-0266,1006107,idle_30s,2025-12-08T19:02:09.398000,1516,WA,267,266,30.0,0,0,0,0,0,0,0.0,0,0,0,0,0,0,0,0,0,0,0.0,0.0,0,0,0,0,0,1,1,0,0,0,0.0,0.0,0,0,0,0,0,3,3,0,0,0,0.0,0.558,0,0,0,0,2,5,5,0,0,1,54.119,38.125,0,0,0,1,4,0,0,0,0,3,2,0,0,11,6,0,0,1,40.897
1006107-idle-0273,1006107,idle_30s,2025-12-08T19:03:48.286000,1516,WA,274,273,30.0,0,0,0,0,0,0,0.0,0,0,0,0,0,0,0,0,0,0,0.0,0.0,0,0,0,0,0,1,1,0,0,0,0.0,0.0,0,0,0,0,0,7,4,3,0,3,26.644,11.7,0,0,0,1,3,7,4,3,0,3,26.644,11.7,0,0,0,1,3,4,2,0,0,4,2,0,0,4,2,0,0,1,0.848
1006107-idle-0277,1006107,idle_30s,2025-12-08T19:04:22.953000,1516,WA,278,277,30.0,0,0,0,0,0,0,0.0,0,0,0,0,0,0,0,0,0,0,0.0,0.0,0,0,0,0,0,1,1,0,0,0,0.0,0.0,0,0,0,0,0,4,2,2,0,1,3.651,2.939,0,0,0,0,1,11,6,5,0,5,61.143,18.248,0,0,0,1,5,0,0,0,0,0,0,0,0,0,0,0,0,1,372.405
1008476-idle-0129,1008476,idle_30s,2025-12-08T20:17:24.673000,1747,AC,130,129,30.0,0,0,0,0,0,0,0.0,0,0,0,0,0,0,0,0,0,0,0.0,0.0,0,0,0,0,0,1,1,0,0,0,0.0,0.0,0,1,0,0,0,53,30,23,0,2,9.905,1.228,0,1,0,0,30,130,73,57,0,3,12.819,0.85,0,5,0,8,74,2,1,0,0,4,3,0,0,14,11,0,4,1,24.44
1008476-idle-0157,1008476,idle_30s,2025-12-08T20:20:23.825000,1747,AC,158,157,30.0,0,0,0,0,0,0,0.0,0,0,0,0,0,0,0,0,0,0,0.0,0.0,0,0,0,0,0,1,1,0,0,0,0.0,0.0,0,0,0,0,0,14,11,3,0,1,4.752,1.82,0,0,0,0,10,24,19,5,0,6,66.971,10.172,0,4,0,4,17,0,0,0,0,0,0,0,0,0,0,0,0,1,132.601
1008476-idle-0159,1008476,idle_30s,2025-12-08T20:23:06.530000,1747,AC,160,159,30.0,0,0,0,0,0,0,0.0,0,0,0,0,0,0,0,0,0,0,0.0,0.0,0,0,0,0,0,1,1,0,0,0,0.0,0.0,0,0,0,0,0,2,2,0,0,0,0.0,0.104,0,0,0,0,1,2,2,0,0,0,0.0,0.104,0,0,0,0,1,7,6,0,0,34,24,0,1,63,46,0,2,1,20.063
1008476-idle-0222,1008476,idle_30s,2025-12-08T20:25:02.707000,1747,AC,223,222,30.0,0,0,0,0,0,0,0.0,0,0,0,0,0,0,0,0,0,0,0.0,0.0,0,0,0,0,0,1,1,0,0,0,0.0,0.0,0,0,0,0,0,39,25,14,0,4,12.346,2.002,0,1,0,1,23,63,46,17,0,8,37.708,2.06,0,2,0,3,44,3,3,0,1,83,31,0,2,104,48,0,2,1,28.134
1008476-idle-0478,1008476,idle_30s,2025-12-08T20:33:19.545000,1747,AC,479,478,30.0,0,0,0,0,0,0,0.0,0,0,0,0,0,0,0,0,0,0,0.0,0.0,0,0,0,0,0,1,1,0,0,0,0.0,0.0,0,0,0,0,0,18,17,1,0,1,7.654,0.947,0,2,0,3,16,31,30,1,0,5,76.167,7.685,0,2,0,4,24,0,0,0,0,10,9,0,1,10,9,0,1,1,34.37
1009937-idle-0373,1009937,idle_30s,2025-12-08T21:59:36.488000,1509,AC,374,373,30.0,0,0,0,0,0,0,0.0,0,0,0,0,0,0,0,0,0,0,0.0,0.0,0,0,0,0,0,1,1,0,0,0,0.0,0.0,0,0,0,0,0,49,36,13,0,2,5.785,1.188,0,2,0,4,33,108,74,34,0,10,48.954,1.604,0,6,0,11,72,0,0,0,0,17,16,0,1,25,23,0,2,1,34.141
1009937-idle-0398,1009937,idle_30s,2025-12-08T22:01:15.495000,1509,AC,399,398,30.0,0,0,0,0,0,0,0.0,0,0,0,0,0,0,0,0,0,0,0.0,0.0,0,0,0,0,0,1,1,0,0,0,0.0,0.0,0,1,0,0,0,24,22,2,0,5,17.996,3.174,0,1,0,1,20,25,23,2,0,6,27.266,4.312,0,2,0,2,21,0,0,0,0,17,15,0,0,92,82,0,3,1,41.292
1010242-idle-0002,1010242,idle_30s,2025-12-08T22:02:18.631000,1576,AC,3,2,30.0,0,0,0,0,0,0,0.0,0,0,0,0,0,0,0,0,0,0,0.0,0.0,0,0,0,0,0,1,1,0,0,0,0.0,0.0,0,0,0,0,0,3,1,2,0,0,0.0,1.692,0,0,0,0,0,3,1,2,0,0,0.0,1.692,0,0,0,0,0,0,0,0,0,0,0,0,0,0,0,0,0,1,262.718
1010242-idle-0140,1010242,idle_30s,2025-12-08T22:08:17.670000,1576,AC,141,140,30.0,0,0,0,0,0,0,0.0,0,0,0,0,0,0,0,0,0,0,0.0,0.0,0,0,0,0,0,1,1,0,0,0,0.0,0.0,0,1,0,0,0,51,43,8,0,1,2.293,1.335,0,2,0,1,43,138,122,16,0,3,8.847,1.163,0,6,0,8,121,0,0,0,0,0,0,0,0,0,0,0,0,1,840.99
1010242-idle-0388,1010242,idle_30s,2025-12-08T22:25:46.957000,1576,AC,389,388,30.0,0,0,0,0,0,0,0.0,0,0,0,0,0,0,0,0,0,0,0.0,0.0,0,0,0,0,0,1,1,0,0,0,0.0,0.0,0,0,0,0,0,48,44,4,0,1,4.524,1.549,0,3,0,5,41,155,97,58,0,5,32.606,1.167,0,5,0,8,95,22,20,0,2,27,24,0,2,27,24,0,2,1,10.373
1010242-idle-0415,1010242,idle_30s,2025-12-08T22:26:53.360000,1576,AC,416,415,30.0,0,0,0,0,0,0,0.0,0,0,0,0,0,0,0,0,0,0,0.0,0.0,0,0,0,0,0,1,1,0,0,0,0.0,0.0,0,0,0,0,0,27,24,3,0,3,17.736,1.754,0,2,0,4,23,68,61,7,0,4,58.109,1.596,0,5,0,9,58,0,0,0,0,0,0,0,0,72,63,0,5,1,60.83
1017474-idle-0039,1017474,idle_30s,2025-12-10T08:47:27.700000,1832,AC,40,39,30.0,0,0,0,0,0,0,0.0,0,0,0,0,0,0,0,0,0,0,0.0,0.0,0,0,0,0,0,1,1,0,0,0,0.0,0.0,0,1,0,0,0,40,33,7,0,3,8.506,1.574,0,2,1,2,32,40,33,7,0,3,8.506,1.574,0,2,1,2,32,26,23,0,1,47,40,0,1,56,47,0,2,1,0.034
1017474-idle-0094,1017474,idle_30s,2025-12-10T08:49:05.619000,1832,AC,95,94,30.0,0,0,0,0,0,0,0.0,0,0,0,0,0,0,0,0,0,0,0.0,0.0,0,0,0,0,0,1,1,0,0,0,0.0,0.0,0,0,0,0,0,20,16,4,0,4,13.983,3.331,0,0,0,0,15,55,46,9,0,7,38.302,3.101,0,1,0,3,45,1,1,0,1,8,8,0,1,48,41,0,3,1,0.545
1017474-idle-0095,1017474,idle_30s,2025-12-10T08:49:36.164000,1832,AC,96,95,30.0,0,0,0,0,0,0,0.0,0,0,0,0,0,0,0,0,0,0,0.0,0.0,0,0,0,0,0,1,1,0,0,0,0.0,0.0,0,1,0,0,0,1,1,0,0,0,0.0,0.0,0,1,0,0,0,42,35,7,0,7,56.149,3.189,0,2,0,2,34,7,7,0,0,22,21,0,1,74,65,0,3,1,23.98
1017474-idle-0265,1017474,idle_30s,2025-12-10T08:54:14.807000,1832,AC,266,265,30.0,0,0,0,0,0,0,0.0,0,0,0,0,0,0,0,0,0,0,0.0,0.0,0,0,0,0,0,1,1,0,0,0,0.0,0.0,0,0,0,0,0,13,9,4,0,2,23.473,7.048,0,0,0,1,9,64,51,13,0,10,60.908,2.884,0,4,0,7,50,6,5,0,0,12,11,0,1,13,12,0,1,1,21.099
1019177-idle-0046,1019177,idle_30s,2025-12-10T10:05:50.170000,2011,AC,47,46,30.0,0,0,0,0,0,0,0.0,0,0,0,0,0,0,0,0,0,0,0.0,0.0,0,0,0,0,0,1,1,0,0,0,0.0,0.0,0,1,0,0,0,47,43,4,0,2,6.241,1.24,0,6,0,6,42,47,43,4,0,2,6.241,1.24,0,6,0,6,42,0,0,0,0,0,0,0,0,18,18,0,1,1,106.224
1019177-idle-0163,1019177,idle_30s,2025-12-10T10:09:14.790000,2011,AC,164,163,30.0,0,0,0,0,0,0,0.0,0,0,0,0,0,0,0,0,0,0,0.0,0.0,0,0,0,0,0,1,1,0,0,0,0.0,0.0,0,1,0,0,0,46,22,24,0,3,13.424,1.222,0,5,0,5,19,117,59,58,0,6,26.85,1.174,0,6,0,8,53,0,0,0,0,0,0,0,0,0,0,0,0,1,137.899
1019177-idle-0210,1019177,idle_30s,2025-12-10T10:13:00.520000,2011,AC,211,210,30.0,0,0,0,0,0,0,0.0,0,0,0,0,0,0,0,0,0,0,0.0,0.0,0,0,0,0,0,1,1,0,0,0,0.0,0.0,0,1,0,0,0,26,23,3,0,2,17.641,1.822,0,3,0,1,22,47,43,4,0,5,34.546,2.003,0,3,0,2,42,0,0,0,0,17,11,0,1,35,29,0,2,1,44.664
1019177-idle-0245,1019177,idle_30s,2025-12-10T10:14:50.915000,2011,AC,246,245,30.0,0,0,0,0,0,0,0.0,0,0,0,0,0,0,0,0,0,0,0.0,0.0,0,0,0,0,0,1,1,0,0,0,0.0,0.0,0,0,0,0,0,22,21,1,0,2,14.303,1.86,0,2,0,3,19,35,29,6,0,2,14.303,1.663,0,2,0,3,28,0,0,0,0,0,0,0,0,12,11,0,1,1,107.275
1019177-idle-0534,1019177,idle_30s,2025-12-10T10:23:48.446000,2011,AC,535,534,30.0,0,0,0,0,0,0,0.0,0,0,0,0,0,0,0,0,0,0,0.0,0.0,0,0,0,0,0,1,1,0,0,0,0.0,0.0,0,0,0,0,0,22,6,16,0,6,20.622,3.771,0,1,7,5,11,51,9,42,0,13,74.487,4.655,0,1,19,15,27,8,6,2,0,8,6,2,0,8,6,2,0,1,1.528
1019177-debug-0536,1019177,backspace_pause_2s,2025-12-10T10:23:52.422000,2011,AC,537,536,2.0,2,2,0,0,0,0,0.448,2,0,0,0,0,2,2,0,0,0,0.0,0.448,2,0,0,0,0,2,2,0,0,0,0.0,0.448,2,0,0,0,0,24,8,16,0,7,52.15,4.45,2,1,7,6,12,53,11,42,0,14,106.015,4.938,2,1,19,16,28,6,4,0,0,6,4,0,0,6,4,0,0,1,2.961
1025438-idle-0038,1025438,idle_30s,2025-12-11T13:59:59.710000,2171,AC,39,38,30.0,0,0,0,0,0,0,0.0,0,0,0,0,0,0,0,0,0,0,0.0,0.0,0,0,0,0,0,1,1,0,0,0,0.0,0.0,0,1,0,0,0,39,34,5,0,1,3.927,0.959,0,3,0,2,35,39,34,5,0,1,3.927,0.959,0,3,0,2,35,0,0,0,0,0,0,0,0,5,5,0,0,1,118.257
1025438-idle-0114,1025438,idle_30s,2025-12-11T14:03:24.490000,2171,AC,115,114,30.0,0,0,0,0,0,0,0.0,0,0,0,0,0,0,0,0,0,0,0.0,0.0,0,0,0,0,0,1,1,0,0,0,0.0,0.0,0,1,0,0,0,29,22,7,0,3,16.21,2.038,0,4,0,2,21,76,64,12,0,5,25.309,1.468,0,5,0,3,52,27,25,0,3,27,25,0,3,50,44,0,3,1,0.375
1025438-idle-0141,1025438,idle_30s,2025-12-11T14:04:23.652000,2171,AC,142,141,30.0,0,0,0,0,0,0,0.0,0,0,0,0,0,0,0,0,0,0,0.0,0.0,0,0,0,0,0,1,1,0,0,0,0.0,0.0,0,1,0,0,0,27,25,2,0,4,18.412,2.341,0,3,0,4,24,57,47,10,0,8,64.997,2.457,0,7,0,7,46,7,7,0,0,23,19,0,0,57,46,0,2,1,4.216
1025438-idle-0207,1025438,idle_30s,2025-12-11T14:07:03.592000,2171,AC,208,207,30.0,0,0,0,0,0,0,0.0,0,0,0,0,0,0,0,0,0,0,0.0,0.0,0,0,0,0,0,1,1,0,0,0,0.0,0.0,0,0,0,0,0,19,16,3,0,4,14.061,2.809,0,1,0,1,15,52,42,10,0,10,68.187,3.882,0,3,0,3,40,6,6,0,1,19,17,0,4,58,51,0,6,1,4.908
1025438-idle-0378,1025438,idle_30s,2025-12-11T14:11:50.963000,2171,AC,379,378,30.0,0,0,0,0,0,0,0.0,0,0,0,0,0,0,0,0,0,0,0.0,0.0,0,0,0,0,0,1,1,0,0,0,0.0,0.0,0,0,0,0,0,20,20,0,0,1,16.005,1.095,0,1,0,2,18,66,60,6,1,7,65.182,1.963,0,4,2,6,58,7,6,0,0,9,7,0,0,16,13,0,0,1,27.581
1025438-idle-0394,1025438,idle_30s,2025-12-11T14:13:36.501000,2171,AC,395,394,30.0,0,0,0,0,0,0,0.0,0,0,0,0,0,0,0,0,0,0,0.0,0.0,0,0,0,0,0,1,1,0,0,0,0.0,0.0,0,0,0,0,0,9,7,2,0,1,16.547,5.769,0,0,0,0,6,16,13,3,0,2,43.296,10.388,0,0,0,0,11,9,7,0,1,19,15,0,1,24,18,0,1,1,17.239
1025438-idle-0418,1025438,idle_30s,2025-12-11T14:15:07.340000,2171,AC,419,418,30.0,0,0,0,0,0,0,0.0,0,0,0,0,0,0,0,0,0,0,0.0,0.0,0,0,0,0,0,1,1,0,0,0,0.0,0.0,0,0,0,0,0,15,11,4,0,1,9.94,0.526,0,0,0,1,11,24,18,6,0,2,38.389,0.535,0,1,0,3,18,0,0,0,0,21,18,0,0,76,37,0,1,1,37.106
1025438-idle-0439,1025438,idle_30s,2025-12-11T14:16:32.434000,2171,AC,440,439,30.0,0,0,0,0,0,0,0.0,0,0,0,0,0,0,0,0,0,0,0.0,0.0,0,0,0,0,0,1,1,0,0,0,0.0,0.0,0,0,0,0,0,21,18,3,0,3,9.943,2.555,0,0,0,0,18,29,24,5,0,4,77.049,2.742,0,0,0,1,25,55,19,0,1,55,19,0,1,70,34,0,4,1,8.959
1025438-idle-0494,1025438,idle_30s,2025-12-11T14:17:26.216000,2171,AC,495,494,30.0,0,0,0,0,0,0,0.0,0,0,0,0,0,0,0,0,0,0,0.0,0.0,0,0,0,0,0,1,1,0,0,0,0.0,0.0,0,0,0,0,0,55,19,36,0,1,3.346,0.594,0,1,0,1,20,76,37,39,0,5,52.248,1.122,0,1,0,2,39,8,8,0,2,15,15,0,3,15,15,0,3,1,18.259
1025438-idle-0509,1025438,idle_30s,2025-12-11T14:18:36.937000,2171,AC,510,509,30.0,0,0,0,0,0,0,0.0,0,0,0,0,0,0,0,0,0,0,0.0,0.0,0,0,0,0,0,1,1,0,0,0,0.0,0.0,0,0,0,0,0,15,15,0,0,3,16.61,5.427,0,3,0,6,13,70,34,36,0,5,68.215,1.143,0,4,0,8,34,0,0,0,0,6,6,0,0,6,6,0,0,1,53.56
1033371-idle-0001,1033371,idle_30s,2025-12-11T20:58:23.283000,1322,AC,2,1,30.0,0,0,0,0,0,0,0.0,0,0,0,0,0,0,0,0,0,0,0.0,0.0,0,0,0,0,0,1,1,0,0,0,0.0,0.0,0,0,0,0,0,2,1,1,1,0,0.0,0.391,0,0,1,0,0,2,1,1,1,0,0.0,0.391,0,0,1,0,0,2,0,0,0,2,0,0,0,2,0,0,0,1,20.481
1033371-idle-0003,1033371,idle_30s,2025-12-11T20:59:13.765000,1322,AC,4,3,30.0,0,0,0,0,0,0,0.0,0,0,0,0,0,0,0,0,0,0,0.0,0.0,0,0,0,0,0,1,0,1,0,0,0.0,0.0,0,0,0,0,0,2,0,2,0,0,0.0,0.001,0,0,1,0,0,4,1,3,1,1,50.481,40.463,0,0,2,1,1,0,0,0,0,0,0,0,0,0,0,0,0,1,225.435
1033371-idle-0008,1033371,idle_30s,2025-12-11T21:03:38.800000,1322,AC,9,8,30.0,0,0,0,0,0,0,0.0,0,0,0,0,0,0,0,0,0,0,0.0,0.0,0,0,0,0,0,1,1,0,0,0,0.0,0.0,0,1,0,0,0,5,3,2,0,1,8.549,6.254,0,3,1,3,1,5,3,2,0,1,8.549,6.254,0,3,1,3,1,7,7,0,1,7,7,0,1,7,7,0,1,1,3.543
1033371-idle-0015,1033371,idle_30s,2025-12-11T21:04:15.964000,1322,AC,16,15,30.0,0,0,0,0,0,0,0.0,0,0,0,0,0,0,0,0,0,0,0.0,0.0,0,0,0,0,0,1,1,0,0,0,0.0,0.0,0,1,0,0,0,7,7,0,0,0,0.0,1.19,0,1,0,0,6,12,10,2,0,2,42.092,8.549,0,4,1,4,7,0,0,0,0,0,0,0,0,8,7,0,0,1,88.829
1033371-idle-0142,1033371,idle_30s,2025-12-11T21:11:04.435000,1322,AC,143,142,30.0,0,0,0,0,0,0,0.0,0,0,0,0,0,0,0,0,0,0,0.0,0.0,0,0,0,0,0,1,0,1,0,0,0.0,0.0,0,0,0,0,0,15,9,6,0,7,25.782,4.533,0,2,3,2,9,33,27,6,0,19,85.05,6.195,0,2,3,6,27,0,0,0,0,0,0,0,0,19,15,0,1,1,90.402
1033371-idle-0229,1033371,idle_30s,2025-12-11T21:16:45.948000,1322,AC,230,229,30.0,0,0,0,0,0,0,0.0,0,0,0,0,0,0,0,0,0,0,0.0,0.0,0,0,0,0,0,1,1,0,0,0,0.0,0.0,0,0,0,0,0,4,2,2,0,1,15.595,12.78,0,0,1,1,0,12,2,10,0,5,86.847,20.486,0,0,5,4,4,2,0,0,0,2,0,0,0,6,2,0,0,1,12.343
1033371-idle-0231,1033371,idle_30s,2025-12-11T21:17:28.292000,1322,AC,232,231,30.0,0,0,0,0,0,0,0.0,0,0,0,0,0,0,0,0,0,0,0.0,0.0,0,0,0,0,0,1,0,1,0,0,0.0,0.0,0,0,0,0,0,2,0,2,0,0,0.0,0.001,0,0,1,0,0,8,2,6,0,3,73.299,26.294,0,0,3,3,2,0,0,0,0,4,2,0,0,4,2,0,0,1,31.848
1036007-idle-0116,1036007,idle_30s,2025-12-12T09:59:00.596000,2176,WA,117,116,30.0,0,0,0,0,0,0,0.0,0,0,0,0,0,0,0,0,0,0,0.0,0.0,0,0,0,0,0,1,1,0,0,0,0.0,0.0,0,1,0,0,0,36,25,11,0,2,10.204,1.256,0,1,0,2,24,117,90,27,0,4,22.349,0.943,0,6,0,7,87,47,41,0,1,91,71,0,3,98,78,0,4,1,5.031
1036007-idle-0214,1036007,idle_30s,2025-12-12T10:00:47.346000,2176,WA,215,214,30.0,0,0,0,0,0,0,0.0,0,0,0,0,0,0,0,0,0,0,0.0,0.0,0,0,0,0,0,1,1,0,0,0,0.0,0.0,0,1,0,0,0,24,22,2,0,3,15.5,2.013,0,1,0,2,19,98,78,20,0,5,28.001,1.163,0,4,0,7,75,0,0,0,0,0,0,0,0,0,0,0,0,1,239.089
1036007-idle-0281,1036007,idle_30s,2025-12-12T10:06:00.550000,2176,WA,282,281,30.0,0,0,0,0,0,0,0.0,0,0,0,0,0,0,0,0,0,0,0.0,0.0,0,0,0,0,0,1,1,0,0,0,0.0,0.0,0,1,0,0,0,54,46,8,0,2,7.679,1.027,0,3,0,2,47,67,56,11,0,4,16.769,1.117,0,3,0,2,56,21,9,0,0,39,24,0,0,88,67,0,4,1,0.245
1036007-idle-0369,1036007,idle_30s,2025-12-12T10:08:10.225000,2176,WA,370,369,30.0,0,0,0,0,0,0,0.0,0,0,0,0,0,0,0,0,0,0,0.0,0.0,0,0,0,0,0,1,1,0,0,0,0.0,0.0,0,1,0,0,0,46,40,6,0,4,13.341,1.452,0,4,0,7,38,71,62,9,0,9,58.661,2.366,0,4,0,8,61,24,21,0,1,81,58,0,2,136,94,0,4,1,11.65
1036995-idle-0032,1036995,idle_30s,2025-12-12T12:37:39.407000,2152,AC,33,32,30.0,0,0,0,0,0,0,0.0,0,0,0,0,0,0,0,0,0,0,0.0,0.0,0,0,0,0,0,1,1,0,0,0,0.0,0.0,0,0,0,0,0,33,28,5,0,1,2.317,0.333,0,1,0,1,27,33,28,5,0,1,2.317,0.333,0,1,0,1,27,3,2,0,0,43,36,0,0,68,56,0,0,1,26.459
1036995-idle-0100,1036995,idle_30s,2025-12-12T12:39:58.249000,2152,AC,101,100,30.0,0,0,0,0,0,0,0.0,0,0,0,0,0,0,0,0,0,0,0.0,0.0,0,0,0,0,0,1,1,0,0,0,0.0,0.0,0,0,0,0,0,25,20,5,0,3,12.556,3.055,0,0,0,0,17,68,56,12,0,8,50.798,2.573,0,0,0,0,53,26,22,0,0,62,57,0,0,62,57,0,0,1,6.13
1040795-idle-0119,1040795,idle_30s,2025-12-13T18:51:55.700000,1098,WA,120,119,30.0,0,0,0,0,0,0,0.0,0,0,0,0,0,0,0,0,0,0,0.0,0.0,0,0,0,0,0,1,1,0,0,0,0.0,0.0,0,0,0,0,0,15,15,0,0,2,21.068,4.693,0,0,0,1,14,34,29,5,0,8,71.151,10.422,0,2,0,3,30,10,7,0,0,21,17,0,2,48,42,0,2,1,15.405
1040795-idle-0272,1040795,idle_30s,2025-12-13T18:57:43.151000,1098,WA,273,272,30.0,0,0,0,0,0,0,0.0,0,0,0,0,0,0,0,0,0,0,0.0,0.0,0,0,0,0,0,1,1,0,0,0,0.0,0.0,0,0,0,0,0,17,13,4,0,3,19.605,4.638,0,0,0,1,11,39,33,6,0,7,65.66,4.178,0,2,0,4,31,17,17,0,1,17,17,0,1,17,17,0,1,1,5.583
1041521-idle-0071,1041521,idle_30s,2025-12-13T20:13:14.188000,1902,AC,72,71,30.0,0,0,0,0,0,0,0.0,0,0,0,0,0,0,0,0,0,0,0.0,0.0,0,0,0,0,0,1,1,0,0,0,0.0,0.0,0,1,0,0,0,72,47,25,0,2,4.935,0.755,0,3,0,3,45,72,47,25,0,2,4.935,0.755,0,3,0,3,45,0,0,0,0,0,0,0,0,0,0,0,0,1,202.914
1041521-idle-0105,1041521,idle_30s,2025-12-13T20:17:29.615000,1902,AC,106,105,30.0,0,0,0,0,0,0,0.0,0,0,0,0,0,0,0,0,0,0,0.0,0.0,0,0,0,0,0,1,1,0,0,0,0.0,0.0,0,1,0,0,0,34,26,8,0,1,4.957,1.142,0,2,0,1,26,34,26,8,0,1,4.957,1.142,0,2,0,1,26,59,25,0,2,94,48,0,4,176,108,0,6,1,7.685
1041521-idle-0522,1041521,idle_30s,2025-12-13T20:22:29.220000,1902,AC,523,522,30.0,0,0,0,0,0,0,0.0,0,0,0,0,0,0,0,0,0,0,0.0,0.0,0,0,0,0,0,1,1,0,0,0,0.0,0.0,0,0,0,0,0,50,27,23,1,3,16.599,1.01,0,1,21,2,27,147,92,55,1,9,42.727,1.178,0,4,21,7,91,0,0,0,0,2,1,0,0,2,1,0,0,1,57.657
1041521-idle-0524,1041521,idle_30s,2025-12-13T20:23:57.357000,1902,AC,525,524,30.0,0,0,0,0,0,0,0.0,0,0,0,0,0,0,0,0,0,0,0.0,0.0,0,0,0,0,0,1,1,0,0,0,0.0,0.0,0,0,0,0,0,2,1,1,1,0,0.0,0.48,0,0,1,0,0,24,2,22,2,1,87.657,0.43,0,0,22,1,1,0,0,0,0,0,0,0,0,13,13,0,1,1,86.806
1046718-idle-0119,1046718,idle_30s,2025-12-14T19:17:01.793000,1663,AC,120,119,30.0,0,0,0,0,0,0,0.0,0,0,0,0,0,0,0,0,0,0,0.0,0.0,0,0,0,0,0,1,1,0,0,0,0.0,0.0,0,1,0,0,0,39,29,10,0,3,16.396,1.047,0,2,0,1,28,120,98,22,0,6,35.058,0.778,0,7,0,6,95,34,26,0,0,79,60,0,0,158,125,0,6,1,0.486
1049954-idle-0003,1049954,idle_30s,2025-12-15T11:21:59.881000,1174,WA,4,3,30.0,0,0,0,0,0,0,0.0,0,0,0,0,0,0,0,0,0,0,0.0,0.0,0,0,0,0,0,1,1,0,0,0,0.0,0.0,0,0,0,0,0,4,1,3,1,0,0.0,0.407,0,0,3,0,0,4,1,3,1,0,0.0,0.407,0,0,3,0,0,0,0,0,0,6,6,0,0,116,45,0,3,1,37.534
1049954-idle-0207,1049954,idle_30s,2025-12-15T11:25:10.277000,1174,WA,208,207,30.0,0,0,0,0,0,0,0.0,0,0,0,0,0,0,0,0,0,0,0.0,0.0,0,0,0,0,0,1,1,0,0,0,0.0,0.0,0,1,0,0,0,45,39,6,0,3,7.814,1.138,0,3,0,2,38,197,96,101,0,9,41.894,0.76,0,6,0,6,95,35,23,0,1,49,37,0,2,103,77,0,6,1,2.273
1049954-idle-0256,1049954,idle_30s,2025-12-15T11:26:26.525000,1174,WA,257,256,30.0,0,0,0,0,0,0,0.0,0,0,0,0,0,0,0,0,0,0,0.0,0.0,0,0,0,0,0,1,1,0,0,0,0.0,0.0,0,0,0,0,0,38,26,12,0,4,15.06,2.107,0,1,0,3,25,75,58,17,0,7,59.605,1.81,0,4,0,5,56,35,22,0,2,73,57,0,4,89,58,0,4,1,4.901
1049954-idle-0345,1049954,idle_30s,2025-12-15T11:27:58.409000,1174,WA,346,345,30.0,0,0,0,0,0,0,0.0,0,0,0,0,0,0,0,0,0,0,0.0,0.0,0,0,0,0,0,1,1,0,0,0,0.0,0.0,0,0,0,0,0,54,36,18,1,1,7.219,1.147,0,2,15,4,35,89,58,31,1,4,21.589,1.305,0,4,15,7,58,1,0,0,0,3,1,0,0,3,1,0,0,1,29.736
1050643-idle-0280,1050643,idle_30s,2025-12-15T13:58:39.556000,1478,AC,281,280,30.0,0,0,0,0,0,0,0.0,0,0,0,0,0,0,0,0,0,0,0.0,0.0,0,0,0,0,0,1,1,0,0,0,0.0,0.0,0,0,0,0,0,65,42,23,0,2,10.681,0.963,0,2,0,2,41,119,90,29,0,5,46.104,0.971,0,4,0,3,87,3,3,0,0,11,11,0,0,106,94,0,2,1,28.545
1052340-idle-0024,1052340,idle_30s,2025-12-15T16:50:49.189000,2192,WA,25,24,30.0,0,0,0,0,0,0,0.0,0,0,0,0,0,0,0,0,0,0,0.0,0.0,0,0,0,0,0,1,1,0,0,0,0.0,0.0,0,0,0,0,0,13,11,2,2,4,24.42,5.736,0,0,2,3,10,23,16,7,5,8,79.879,13.616,0,2,7,9,13,6,3,0,0,37,28,0,1,40,31,0,1,1,23.421
1052340-idle-0062,1052340,idle_30s,2025-12-15T16:52:19.555000,2192,WA,63,62,30.0,0,0,0,0,0,0,0.0,0,0,0,0,0,0,0,0,0,0,0.0,0.0,0,0,0,0,0,1,1,0,0,0,0.0,0.0,0,0,0,0,0,31,25,6,2,4,16.638,2.434,0,1,3,4,23,38,29,9,5,7,25.437,2.901,0,1,6,5,25,2,2,0,0,9,9,0,0,15,13,0,0,1,13.699
1052340-idle-0064,1052340,idle_30s,2025-12-15T16:53:03.634000,2192,WA,65,64,30.0,0,0,0,0,0,0,0.0,0,0,0,0,0,0,0,0,0,0,0.0,0.0,0,0,0,0,0,1,1,0,0,0,0.0,0.0,0,0,0,0,0,2,2,0,0,0,0.0,0.38,0,0,0,0,1,40,31,9,5,8,69.136,3.321,0,1,6,5,27,13,11,0,0,13,11,0,0,24,17,0,0,1,6.056
1052340-idle-0077,1052340,idle_30s,2025-12-15T16:53:55.440000,2192,WA,78,77,30.0,0,0,0,0,0,0,0.0,0,0,0,0,0,0,0,0,0,0,0.0,0.0,0,0,0,0,0,1,1,0,0,0,0.0,0.0,0,0,0,0,0,13,11,2,1,1,12.13,0.875,0,0,1,0,9,15,13,2,1,2,48.186,8.756,0,0,1,1,11,0,0,0,0,2,2,0,0,18,11,0,0,1,39.498
1052340-idle-0095,1052340,idle_30s,2025-12-15T16:55:43.978000,2192,WA,96,95,30.0,0,0,0,0,0,0,0.0,0,0,0,0,0,0,0,0,0,0,0.0,0.0,0,0,0,0,0,1,1,0,0,0,0.0,0.0,0,0,0,0,0,16,9,7,3,2,9.146,3.087,0,0,3,1,7,18,11,7,3,3,30.795,4.486,0,0,3,2,9,0,0,0,0,0,0,0,0,10,9,0,0,1,77.142
1055076-idle-0038,1055076,idle_30s,2025-12-15T19:19:51.898000,2179,TLE,39,38,30.0,0,0,0,0,0,0,0.0,0,0,0,0,0,0,0,0,0,0,0.0,0.0,0,0,0,0,0,1,1,0,0,0,0.0,0.0,0,1,0,0,0,39,34,5,0,1,2.799,0.877,0,2,0,1,32,39,34,5,0,1,2.799,0.877,0,2,0,1,32,0,0,0,0,1,1,0,1,30,26,0,2,1,57.04
1055076-idle-0310,1055076,idle_30s,2025-12-15T19:26:24.923000,2179,TLE,311,310,30.0,0,0,0,0,0,0,0.0,0,0,0,0,0,0,0,0,0,0,0.0,0.0,0,0,0,0,0,1,1,0,0,0,0.0,0.0,0,0,0,0,0,5,5,0,0,1,21.696,15.396,0,0,0,1,4,58,49,9,0,6,48.396,1.793,0,2,0,4,48,0,0,0,0,2,2,0,0,21,20,0,2,1,46.484
1055076-idle-0312,1055076,idle_30s,2025-12-15T19:27:42.256000,2179,TLE,313,312,30.0,0,0,0,0,0,0,0.0,0,0,0,0,0,0,0,0,0,0,0.0,0.0,0,0,0,0,0,1,1,0,0,0,0.0,0.0,0,0,0,0,0,2,2,0,0,0,0.0,0.849,0,0,0,0,1,3,3,0,0,1,76.484,68.921,0,0,0,1,2,19,18,0,2,19,18,0,2,19,18,0,2,1,0.404
1055705-idle-0056,1055705,idle_30s,2025-12-15T19:23:06.838000,1537,WA,57,56,30.0,0,0,0,0,0,0,0.0,0,0,0,0,0,0,0,0,0,0,0.0,0.0,0,0,0,0,0,1,0,1,0,0,0.0,0.0,0,0,0,0,0,57,49,8,0,0,0.0,0.65,0,9,1,12,47,57,49,8,0,0,0.0,0.65,0,9,1,12,47,25,24,0,6,78,77,0,10,205,187,0,16,1,17.115
1055705-idle-0351,1055705,idle_30s,2025-12-15T19:26:28.920000,1537,WA,352,351,30.0,0,0,0,0,0,0,0.0,0,0,0,0,0,0,0,0,0,0,0.0,0.0,0,0,0,0,0,1,1,0,0,0,0.0,0.0,0,0,0,0,0,65,59,6,0,2,5.561,1.07,0,4,0,4,57,162,142,20,4,9,36.005,1.324,0,8,6,10,142,23,20,0,0,89,73,0,3,178,143,0,6,1,0.304
1055705-idle-0756,1055705,idle_30s,2025-12-15T19:32:18.169000,1537,WA,757,756,30.0,0,0,0,0,0,0,0.0,0,0,0,0,0,0,0,0,0,0,0.0,0.0,0,0,0,0,0,1,1,0,0,0,0.0,0.0,0,1,0,0,0,16,14,2,0,6,24.824,3.089,0,1,1,2,13,77,61,16,4,15,63.721,2.895,0,4,6,9,61,4,2,0,0,8,2,0,0,8,2,0,0,1,6.205
1055705-idle-0764,1055705,idle_30s,2025-12-15T19:33:28.943000,1537,WA,765,764,30.0,0,0,0,0,0,0,0.0,0,0,0,0,0,0,0,0,0,0,0.0,0.0,0,0,0,0,0,1,0,1,0,0,0.0,0.0,0,0,0,0,0,5,1,4,0,1,25.954,18.284,0,0,2,1,2,14,6,8,0,6,86.844,23.153,0,1,4,5,8,0,0,0,0,0,0,0,0,38,27,0,1,1,69.309
1055705-idle-0992,1055705,idle_30s,2025-12-15T19:38:47.721000,1537,WA,993,992,30.0,0,0,0,0,0,0,0.0,0,0,0,0,0,0,0,0,0,0,0.0,0.0,0,0,0,0,0,1,0,1,0,0,0.0,0.0,0,0,0,0,0,53,12,41,0,3,17.229,0.409,0,0,2,3,13,103,56,47,3,14,67.847,2.912,0,4,6,15,58,8,0,0,0,36,19,0,0,36,19,0,0,1,21.235
1055866-idle-0005,1055866,idle_30s,2025-12-15T19:40:55.828000,2179,WA,6,5,30.0,0,0,0,0,0,0,0.0,0,0,0,0,0,0,0,0,0,0,0.0,0.0,0,0,0,0,0,1,0,1,0,0,0.0,0.0,0,0,0,0,0,6,0,6,0,0,0.0,0.421,0,0,3,0,0,6,0,6,0,0,0.0,0.421,0,0,3,0,0,0,0,0,0,2,0,0,0,29,18,0,2,1,41.952
1055866-idle-0007,1055866,idle_30s,2025-12-15T19:42:07.781000,2179,WA,8,7,30.0,0,0,0,0,0,0,0.0,0,0,0,0,0,0,0,0,0,0,0.0,0.0,0,0,0,0,0,1,0,1,0,0,0.0,0.0,0,0,0,0,0,2,0,2,0,0,0.0,0.001,0,0,1,0,0,8,0,8,0,1,71.952,29.037,0,0,4,1,1,21,12,0,2,27,18,0,2,27,18,0,2,1,1.756
1061476-debug-0267,1061476,backspace_pause_2s,2025-12-15T23:03:12.538000,1059,WA,268,267,2.0,1,1,0,0,0,0,0.0,1,0,0,0,0,3,2,1,0,1,7.592,6.85,1,0,0,1,0,39,21,18,0,2,10.048,1.941,1,1,0,3,19,57,38,19,0,4,30.76,1.944,1,3,0,6,36,156,84,72,0,12,56.302,1.92,1,7,0,13,84,8,8,0,1,19,19,0,1,115,72,0,5,1,2.84
1061476-idle-0398,1061476,idle_30s,2025-12-15T23:05:56.127000,1059,WA,399,398,30.0,0,0,0,0,0,0,0.0,0,0,0,0,0,0,0,0,0,0,0.0,0.0,0,0,0,0,0,1,1,0,0,0,0.0,0.0,0,0,0,0,0,29,26,3,0,3,12.756,1.929,0,0,0,2,25,117,73,44,0,7,31.361,1.316,0,4,0,7,70,0,0,0,0,0,0,0,0,15,14,0,1,1,79.611
1070364-idle-0178,1070364,idle_30s,2025-12-17T09:17:20.734000,1581,WA,179,178,30.0,0,0,0,0,0,0,0.0,0,0,0,0,0,0,0,0,0,0,0.0,0.0,0,0,0,0,0,1,1,0,0,0,0.0,0.0,0,0,0,0,0,14,14,0,0,4,24.231,2.885,0,0,0,1,10,71,49,22,0,9,61.668,2.198,0,4,0,6,44,0,0,0,0,0,0,0,0,0,0,0,0,1,155.556
1070364-idle-0287,1070364,idle_30s,2025-12-17T09:20:53.752000,1581,WA,288,287,30.0,0,0,0,0,0,0,0.0,0,0,0,0,0,0,0,0,0,0,0.0,0.0,0,0,0,0,0,1,1,0,0,0,0.0,0.0,0,0,0,0,0,109,17,92,0,3,14.085,0.523,0,1,0,3,16,109,17,92,0,3,14.085,0.523,0,1,0,3,16,1,1,0,1,3,2,0,1,3,2,0,1,1,13.989
1070364-idle-0288,1070364,idle_30s,2025-12-17T09:21:37.741000,1581,WA,289,288,30.0,0,0,0,0,0,0,0.0,0,0,0,0,0,0,0,0,0,0,0.0,0.0,0,0,0,0,0,1,1,0,0,0,0.0,0.0,0,1,0,0,0,1,1,0,0,0,0.0,0.0,0,1,0,0,0,110,18,92,0,4,58.074,0.546,0,2,0,4,17,2,1,0,0,2,1,0,0,3,2,0,0,1,14.118
1070364-idle-0290,1070364,idle_30s,2025-12-17T09:22:21.859000,1581,WA,291,290,30.0,0,0,0,0,0,0,0.0,0,0,0,0,0,0,0,0,0,0,0.0,0.0,0,0,0,0,0,2,1,1,1,0,0.0,0.0,0,0,1,0,0,2,1,1,1,0,0.0,0.0,0,0,1,0,0,5,4,1,1,2,88.107,44.079,0,1,1,2,3,0,0,0,0,0,0,0,0,27,8,0,0,1,70.6
1080234-idle-0091,1080234,idle_30s,2025-12-18T13:55:31.230000,1598,WA,92,91,30.0,0,0,0,0,0,0,0.0,0,0,0,0,0,0,0,0,0,0,0.0,0.0,0,0,0,0,0,1,1,0,0,0,0.0,0.0,0,1,0,0,0,35,21,14,0,2,8.993,1.765,0,1,0,0,19,92,71,21,0,4,32.527,1.439,0,5,0,4,69,0,0,0,0,0,0,0,0,0,0,0,0,1,130.61
1080234-idle-0390,1080234,idle_30s,2025-12-18T14:03:22.391000,1598,WA,391,390,30.0,0,0,0,0,0,0,0.0,0,0,0,0,0,0,0,0,0,0,0.0,0.0,0,0,0,0,0,1,1,0,0,0,0.0,0.0,0,0,0,0,0,28,27,1,0,4,14.238,2.87,0,2,0,3,26,60,54,6,0,15,58.547,4.299,0,4,0,6,52,15,9,0,1,50,27,0,2,56,33,0,2,1,13.219
1080234-idle-0446,1080234,idle_30s,2025-12-18T14:05:01.182000,1598,WA,447,446,30.0,0,0,0,0,0,0,0.0,0,0,0,0,0,0,0,0,0,0,0.0,0.0,0,0,0,0,0,1,1,0,0,0,0.0,0.0,0,0,0,0,0,36,20,16,0,5,16.126,2.365,0,1,0,1,19,56,33,23,0,9,32.474,2.468,0,2,0,2,33,0,0,0,0,0,0,0,0,10,9,0,2,1,71.817
1080234-idle-0456,1080234,idle_30s,2025-12-18T14:06:55.768000,1598,WA,457,456,30.0,0,0,0,0,0,0,0.0,0,0,0,0,0,0,0,0,0,0,0.0,0.0,0,0,0,0,0,1,1,0,0,0,0.0,0.0,0,0,0,0,0,10,9,1,1,3,8.28,2.812,0,2,1,3,8,10,9,1,1,3,8.28,2.812,0,2,1,3,8,0,0,0,0,40,20,0,1,40,20,0,1,1,35.461
1080234-idle-0496,1080234,idle_30s,2025-12-18T14:08:20.886000,1598,WA,497,496,30.0,0,0,0,0,0,0,0.0,0,0,0,0,0,0,0,0,0,0,0.0,0.0,0,0,0,0,0,1,1,0,0,0,0.0,0.0,0,0,0,0,0,40,20,20,0,3,8.31,1.376,0,1,0,1,18,46,26,20,0,4,73.771,1.744,0,1,0,2,24,0,0,0,0,0,0,0,0,15,13,0,1,1,60.893
1080234-idle-0505,1080234,idle_30s,2025-12-18T14:10:03.167000,1598,WA,506,505,30.0,0,0,0,0,0,0,0.0,0,0,0,0,0,0,0,0,0,0,0.0,0.0,0,0,0,0,0,1,1,0,0,0,0.0,0.0,0,0,0,0,0,9,7,2,0,1,6.136,3.067,0,1,0,2,6,9,7,2,0,1,6.136,3.067,0,1,0,2,6,6,6,0,0,6,6,0,0,13,12,0,0,1,9.462
1080234-idle-0511,1080234,idle_30s,2025-12-18T14:10:45.907000,1598,WA,512,511,30.0,0,0,0,0,0,0,0.0,0,0,0,0,0,0,0,0,0,0,0.0,0.0,0,0,0,0,0,1,1,0,0,0,0.0,0.0,0,0,0,0,0,6,6,0,0,0,0.0,1.087,0,0,0,0,5,15,13,2,0,2,45.598,4.821,0,1,0,3,12,0,0,0,0,7,6,0,0,11,10,0,0,1,31.079
1080234-idle-0518,1080234,idle_30s,2025-12-18T14:12:07.680000,1598,WA,519,518,30.0,0,0,0,0,0,0,0.0,0,0,0,0,0,0,0,0,0,0,0.0,0.0,0,0,0,0,0,1,1,0,0,0,0.0,0.0,0,0,0,0,0,7,6,1,1,1,18.476,9.569,0,0,1,1,5,13,12,1,1,2,79.555,16.749,0,0,1,2,11,0,0,0,0,4,4,0,0,16,16,0,2,1,36.977
1080234-idle-0522,1080234,idle_30s,2025-12-18T14:13:15.622000,1598,WA,523,522,30.0,0,0,0,0,0,0,0.0,0,0,0,0,0,0,0,0,0,0,0.0,0.0,0,0,0,0,0,1,1,0,0,0,0.0,0.0,0,0,0,0,0,4,4,0,0,0,0.0,0.432,0,0,0,0,3,11,10,1,1,2,85.453,23.326,0,0,1,2,9,5,5,0,1,12,12,0,2,25,23,0,2,1,18.04
1080234-idle-0534,1080234,idle_30s,2025-12-18T14:14:27.629000,1598,WA,535,534,30.0,0,0,0,0,0,0,0.0,0,0,0,0,0,0,0,0,0,0,0.0,0.0,0,0,0,0,0,1,1,0,0,0,0.0,0.0,0,0,0,0,0,12,12,0,0,2,19.115,5.313,0,2,0,3,11,16,16,0,0,3,67.155,10.406,0,2,0,3,15,13,11,0,0,13,11,0,0,14,12,0,0,1,7.296
1080234-idle-0547,1080234,idle_30s,2025-12-18T14:15:15.209000,1598,WA,548,547,30.0,0,0,0,0,0,0,0.0,0,0,0,0,0,0,0,0,0,0,0.0,0.0,0,0,0,0,0,1,1,0,0,0,0.0,0.0,0,0,0,0,0,13,11,2,0,2,6.342,2.703,0,0,0,2,10,25,23,2,0,5,62.753,4.758,0,2,0,6,22,0,0,0,0,0,0,0,0,2,2,0,0,1,71.472
1080234-idle-0549,1080234,idle_30s,2025-12-18T14:17:21.901000,1598,WA,550,549,30.0,0,0,0,0,0,0,0.0,0,0,0,0,0,0,0,0,0,0,0.0,0.0,0,0,0,0,0,1,1,0,0,0,0.0,0.0,0,0,0,0,0,2,2,0,0,1,25.22,25.22,0,0,0,1,1,2,2,0,0,1,25.22,25.22,0,0,0,1,1,0,0,0,0,0,0,0,0,1,1,0,0,1,68.508
1090270-idle-0626,1090270,idle_30s,2025-12-19T11:09:38.884000,2086,AC,627,626,30.0,0,0,0,0,0,0,0.0,0,0,0,0,0,0,0,0,0,0,0.0,0.0,0,0,0,0,0,1,1,0,0,0,0.0,0.0,0,0,0,0,0,47,38,9,0,3,12.205,1.254,0,1,0,1,38,128,104,24,0,6,22.572,1.31,0,4,0,5,106,0,0,0,0,0,0,0,0,4,1,0,0,1,91.431
1090270-idle-0630,1090270,idle_30s,2025-12-19T11:11:41.268000,2086,AC,631,630,30.0,0,0,0,0,0,0,0.0,0,0,0,0,0,0,0,0,0,0,0.0,0.0,0,0,0,0,0,1,1,0,0,0,0.0,0.0,0,0,0,0,0,4,1,3,1,0,0.0,0.735,0,0,2,0,0,4,1,3,1,0,0.0,0.735,0,0,2,0,0,3,2,0,0,7,4,0,0,11,8,0,0,1,4.492
1092863-idle-0001,1092863,idle_30s,2025-12-19T17:04:20.232000,1465,AC,2,1,30.0,0,0,0,0,0,0,0.0,0,0,0,0,0,0,0,0,0,0,0.0,0.0,0,0,0,0,0,1,0,1,0,0,0.0,0.0,0,0,0,0,0,2,0,2,0,0,0.0,0.001,0,0,1,0,0,2,0,2,0,0,0.0,0.001,0,0,1,0,0,0,0,0,0,12,2,0,0,12,2,0,0,1,30.371
1092863-idle-0013,1092863,idle_30s,2025-12-19T17:05:43.835000,1465,AC,14,13,30.0,0,0,0,0,0,0,0.0,0,0,0,0,0,0,0,0,0,0,0.0,0.0,0,0,0,0,0,1,1,0,0,0,0.0,0.0,0,0,0,0,0,12,2,10,2,2,22.044,4.358,0,0,8,2,0,14,2,12,2,3,82.415,15.02,0,0,9,2,0,0,0,0,0,2,1,0,0,17,12,7,0,1,41.866
1092863-debug-0029,1092863,backspace_pause_2s,2025-12-19T17:07:23.347000,1465,AC,30,29,2.0,2,2,0,0,0,0,0.135,2,0,0,0,0,2,2,0,0,0,0.0,0.135,2,0,0,0,0,10,10,0,0,1,21.353,5.645,6,0,0,0,0,16,11,5,1,3,50.491,14.613,6,0,3,2,2,16,11,5,1,3,50.491,14.613,6,0,3,2,2,1,1,1,0,105,105,53,0,106,106,54,0,1,17.932
1092863-debug-0030,1092863,backspace_pause_2s,2025-12-19T17:07:43.279000,1465,AC,31,30,2.0,1,1,0,0,0,0,0.0,1,0,0,0,0,1,1,0,0,0,0.0,0.0,1,0,0,0,0,3,3,0,0,1,19.932,17.952,3,0,0,0,0,15,11,4,0,3,45.789,15.304,7,0,2,1,1,17,12,5,1,4,70.423,20.642,7,0,3,2,2,104,104,52,0,104,104,52,0,105,105,53,0,1,12.282
1092863-idle-0134,1092863,idle_30s,2025-12-19T17:08:29.830000,1465,AC,135,134,30.0,0,0,0,0,0,0,0.0,0,0,0,0,0,0,0,0,0,0,0.0,0.0,0,0,0,0,0,1,1,0,0,0,0.0,0.0,1,0,0,0,0,105,105,0,0,1,14.282,0.046,53,0,0,0,0,119,115,4,0,4,60.071,0.282,59,0,2,1,1,1,1,1,0,1,1,1,0,1,1,1,0,1,18.638
1092863-debug-0134,1092863,backspace_pause_2s,2025-12-19T17:08:01.830000,1465,AC,135,134,2.0,65,65,0,0,0,0,0.055,52,0,0,0,0,104,104,0,0,0,0.0,0.046,52,0,0,0,0,105,105,0,0,1,14.282,0.046,53,0,0,0,0,107,107,0,0,2,34.214,0.053,55,0,0,0,0,121,116,5,1,5,84.705,0.305,59,0,3,2,2,0,0,0,0,1,1,1,0,1,1,1,0,1,46.638
1092863-idle-0135,1092863,idle_30s,2025-12-19T17:09:18.468000,1465,AC,136,135,30.0,0,0,0,0,0,0,0.0,0,0,0,0,0,0,0,0,0,0,0.0,0.0,0,0,0,0,0,1,1,0,0,0,0.0,0.0,1,0,0,0,0,1,1,0,0,0,0.0,0.0,1,0,0,0,0,108,108,0,0,3,82.852,0.083,56,0,0,0,0,0,0,0,0,0,0,0,0,8,3,0,0,1,80.265
1092863-debug-0135,1092863,backspace_pause_2s,2025-12-19T17:08:50.468000,1465,AC,136,135,2.0,1,1,0,0,0,0,0.0,1,0,0,0,0,1,1,0,0,0,0.0,0.0,1,0,0,0,0,1,1,0,0,0,0.0,0.0,1,0,0,0,0,105,105,0,0,1,48.638,0.046,53,0,0,0,0,120,116,4,0,5,108.709,0.295,60,0,2,1,1,0,0,0,0,0,0,0,0,4,1,0,0,1,108.265
1095283-idle-0068,1095283,idle_30s,2025-12-19T21:37:21.915000,1509,AC,69,68,30.0,0,0,0,0,0,0,0.0,0,0,0,0,0,0,0,0,0,0,0.0,0.0,0,0,0,0,0,1,1,0,0,0,0.0,0.0,0,0,0,0,0,42,39,3,0,3,22.273,0.44,0,5,0,8,37,69,63,6,0,3,22.273,0.832,0,6,0,9,62,0,0,0,0,0,0,0,0,84,72,0,4,1,76.273
1095283-idle-0272,1095283,idle_30s,2025-12-19T21:41:27.158000,1509,AC,273,272,30.0,0,0,0,0,0,0,0.0,0,0,0,0,0,0,0,0,0,0,0.0,0.0,0,0,0,0,0,1,1,0,0,0,0.0,0.0,0,0,0,0,0,45,43,2,0,4,11.826,1.461,0,2,0,2,38,117,106,11,0,14,51.748,2.056,0,5,1,9,102,0,0,0,0,0,0,0,0,0,0,0,0,1,137.063
1095283-idle-0336,1095283,idle_30s,2025-12-19T21:45:17.788000,1509,AC,337,336,30.0,0,0,0,0,0,0,0.0,0,0,0,0,0,0,0,0,0,0,0.0,0.0,0,0,0,0,0,1,1,0,0,0,0.0,0.0,0,0,0,0,0,19,18,1,0,2,16.928,2.067,0,1,0,1,17,64,54,10,0,8,38.112,2.305,0,4,0,5,52,36,27,0,1,48,37,0,1,87,72,0,3,1,5.513
1095283-idle-0502,1095283,idle_30s,2025-12-19T21:48:47.237000,1509,AC,503,502,30.0,0,0,0,0,0,0,0.0,0,0,0,0,0,0,0,0,0,0,0.0,0.0,0,0,0,0,0,1,1,0,0,0,0.0,0.0,0,0,0,0,0,31,22,9,0,5,14.951,2.07,0,0,1,0,20,93,74,19,0,9,28.269,1.903,0,1,2,2,73,12,12,0,0,14,13,0,0,21,17,0,0,1,4.047
1095283-idle-0516,1095283,idle_30s,2025-12-19T21:49:57.686000,1509,AC,517,516,30.0,0,0,0,0,0,0,0.0,0,0,0,0,0,0,0,0,0,0,0.0,0.0,0,0,0,0,0,1,1,0,0,0,0.0,0.0,0,0,0,0,0,6,5,1,0,1,25.915,15.872,0,0,0,1,4,33,27,6,0,8,80.243,3.964,0,0,0,4,24,2,0,0,0,7,4,0,0,15,9,0,0,1,18.47
1095283-idle-0523,1095283,idle_30s,2025-12-19T21:51:14.213000,1509,AC,524,523,30.0,0,0,0,0,0,0,0.0,0,0,0,0,0,0,0,0,0,0,0.0,0.0,0,0,0,0,0,1,1,0,0,0,0.0,0.0,0,0,0,0,0,7,4,3,0,1,26.345,13.848,0,0,1,1,4,9,5,4,0,2,74.815,32.982,0,0,1,2,5,5,3,0,0,8,5,0,0,8,5,0,0,1,2.287
1095935-idle-0004,1095935,idle_30s,2025-12-19T22:55:56.999000,1533,WA,5,4,30.0,0,0,0,0,0,0,0.0,0,0,0,0,0,0,0,0,0,0,0.0,0.0,0,0,0,0,0,1,1,0,0,0,0.0,0.0,0,1,0,0,0,5,4,1,0,1,17.265,12.549,0,2,0,2,3,5,4,1,0,1,17.265,12.549,0,2,0,2,3,7,7,0,1,7,7,0,1,8,8,0,1,1,22.201
1095935-idle-0011,1095935,idle_30s,2025-12-19T22:56:52.411000,1533,WA,12,11,30.0,0,0,0,0,0,0,0.0,0,0,0,0,0,0,0,0,0,0,0.0,0.0,0,0,0,0,0,1,1,0,0,0,0.0,0.0,0,0,0,0,0,7,7,0,0,0,0.0,1.005,0,1,0,1,6,12,11,1,0,2,69.466,17.265,0,3,0,4,10,1,1,0,0,1,1,0,0,1,1,0,0,1,5.715
1095935-idle-0012,1095935,idle_30s,2025-12-19T22:57:28.126000,1533,WA,13,12,30.0,0,0,0,0,0,0,0.0,0,0,0,0,0,0,0,0,0,0,0.0,0.0,0,0,0,0,0,1,1,0,0,0,0.0,0.0,0,0,0,0,0,1,1,0,0,0,0.0,0.0,0,0,0,0,0,8,8,0,0,1,35.715,14.912,0,1,0,2,7,0,0,0,0,0,0,0,0,2,2,0,2,1,95.188
1095935-idle-0020,1095935,idle_30s,2025-12-19T23:00:40.423000,1533,WA,21,20,30.0,0,0,0,0,0,0,0.0,0,0,0,0,0,0,0,0,0,0,0.0,0.0,0,0,0,0,0,1,1,0,0,0,0.0,0.0,0,1,0,0,0,4,4,0,0,2,29.729,20.124,0,2,0,1,2,8,8,0,0,5,66.549,23.541,0,4,0,4,5,0,0,0,0,1,1,0,1,3,3,0,3,1,30.296
1095935-idle-0021,1095935,idle_30s,2025-12-19T23:01:40.719000,1533,WA,22,21,30.0,0,0,0,0,0,0,0.0,0,0,0,0,0,0,0,0,0,0,0.0,0.0,0,0,0,0,0,1,1,0,0,0,0.0,0.0,0,1,0,0,0,1,1,0,0,0,0.0,0.0,0,1,0,0,0,3,3,0,0,2,66.394,54.876,0,3,0,1,1,2,2,0,2,2,2,0,2,11,11,0,4,1,0.58
1095935-idle-0023,1095935,idle_30s,2025-12-19T23:02:39.264000,1533,WA,24,23,30.0,0,0,0,0,0,0,0.0,0,0,0,0,0,0,0,0,0,0,0.0,0.0,0,0,0,0,0,1,1,0,0,0,0.0,0.0,0,1,0,0,0,2,2,0,0,1,27.965,27.965,0,2,0,1,1,3,3,0,0,2,58.545,30.319,0,3,0,2,2,2,2,0,1,9,9,0,2,33,33,1,5,1,15.127
1095935-debug-0034,1095935,backspace_pause_2s,2025-12-19T23:03:57.344000,1533,WA,35,34,2.0,1,1,0,0,0,0,0.0,1,0,0,0,0,2,2,0,0,1,5.972,5.972,1,1,0,1,1,3,3,0,0,2,24.902,17.634,1,1,0,2,2,9,9,0,0,3,33.986,12.038,1,2,0,4,8,12,12,0,0,6,102.014,20.581,1,4,0,6,11,16,16,0,1,27,27,0,2,62,62,0,3,1,18.092
1101613-idle-0081,1101613,idle_30s,2025-12-20T17:00:06.946000,1535,AC,82,81,30.0,0,0,0,0,0,0,0.0,0,0,0,0,0,0,0,0,0,0,0.0,0.0,0,0,0,0,0,1,1,0,0,0,0.0,0.0,0,1,0,0,0,46,35,11,0,1,2.002,0.552,0,2,0,1,36,82,65,17,0,2,23.441,0.556,0,4,0,3,67,36,30,0,1,49,42,0,1,84,69,0,3,1,1.667
1101613-idle-0173,1101613,idle_30s,2025-12-20T17:02:43.845000,1535,AC,174,173,30.0,0,0,0,0,0,0,0.0,0,0,0,0,0,0,0,0,0,0,0.0,0.0,0,0,0,0,0,1,1,0,0,0,0.0,0.0,0,0,0,0,0,33,25,8,0,2,10.69,1.425,0,1,0,2,24,48,37,11,0,5,62.169,3.024,0,2,0,3,36,5,4,0,0,16,14,0,0,20,17,0,0,1,29.055
1101613-idle-0189,1101613,idle_30s,2025-12-20T17:03:48.595000,1535,AC,190,189,30.0,0,0,0,0,0,0,0.0,0,0,0,0,0,0,0,0,0,0,0.0,0.0,0,0,0,0,0,1,1,0,0,0,0.0,0.0,0,0,0,0,0,16,14,2,0,0,0.0,0.696,0,0,0,0,13,49,39,10,0,3,69.745,1.18,0,1,0,2,38,0,0,0,0,4,3,0,0,33,24,0,1,1,31.046
1101613-idle-0193,1101613,idle_30s,2025-12-20T17:05:07.150000,1535,AC,194,193,30.0,0,0,0,0,0,0,0.0,0,0,0,0,0,0,0,0,0,0,0.0,0.0,0,0,0,0,0,1,1,0,0,0,0.0,0.0,0,0,0,0,0,4,3,1,0,1,16.736,13.507,0,0,0,0,2,20,17,3,0,2,77.782,4.173,0,0,0,0,16,26,19,0,1,29,21,0,1,44,36,0,2,1,10.523
1101613-idle-0237,1101613,idle_30s,2025-12-20T17:07:32.221000,1535,AC,238,237,30.0,0,0,0,0,0,0,0.0,0,0,0,0,0,0,0,0,0,0,0.0,0.0,0,0,0,0,0,1,1,0,0,0,0.0,0.0,0,0,0,0,0,2,2,0,0,1,26.708,26.708,0,0,0,0,1,21,19,2,0,8,82.447,10.319,0,1,0,3,17,1,1,0,0,10,9,0,1,45,36,0,2,1,2.21
1101613-idle-0238,1101613,idle_30s,2025-12-20T17:08:04.431000,1535,AC,239,238,30.0,0,0,0,0,0,0,0.0,0,0,0,0,0,0,0,0,0,0,0.0,0.0,0,0,0,0,0,1,1,0,0,0,0.0,0.0,0,0,0,0,0,1,1,0,0,0,0.0,0.0,0,0,0,0,0,16,16,0,0,7,76.899,18.476,0,1,0,2,13,11,9,0,1,30,25,0,1,87,44,0,2,1,5.142
1116414-idle-0057,1116414,idle_30s,2025-12-22T16:41:03.953000,2108,WA,58,57,30.0,0,0,0,0,0,0,0.0,0,0,0,0,0,0,0,0,0,0,0.0,0.0,0,0,0,0,0,1,1,0,0,0,0.0,0.0,0,0,0,0,0,48,21,27,0,3,7.788,1.151,0,1,0,2,19,58,26,32,1,5,46.278,1.92,0,1,5,4,24,0,0,0,0,0,0,0,0,0,0,0,0,1,132.501
1120829-idle-0059,1120829,idle_30s,2025-12-22T20:40:31.710000,1323,MLE,60,59,30.0,0,0,0,0,0,0,0.0,0,0,0,0,0,0,0,0,0,0,0.0,0.0,0,0,0,0,0,1,1,0,0,0,0.0,0.0,0,0,0,0,0,60,54,6,0,1,3.199,0.851,0,5,0,6,48,60,54,6,0,1,3.199,0.851,0,5,0,6,48,13,13,0,1,13,13,0,1,13,13,0,1,1,7.58
1120829-idle-0072,1120829,idle_30s,2025-12-22T20:41:16.124000,1323,MLE,73,72,30.0,0,0,0,0,0,0,0.0,0,0,0,0,0,0,0,0,0,0,0.0,0.0,0,0,0,0,0,1,1,0,0,0,0.0,0.0,0,1,0,0,0,13,13,0,0,1,2.693,1.583,0,1,0,0,12,73,67,6,0,3,43.472,1.111,0,6,0,6,60,0,0,0,0,0,0,0,0,0,0,0,0,1,179.633
1120829-idle-0240,1120829,idle_30s,2025-12-22T20:48:45.150000,1323,MLE,241,240,30.0,0,0,0,0,0,0,0.0,0,0,0,0,0,0,0,0,0,0,0.0,0.0,0,0,0,0,0,1,1,0,0,0,0.0,0.0,0,0,0,0,0,22,18,4,0,2,19.825,1.927,0,1,0,1,17,64,58,6,0,9,56.152,2.563,0,3,0,3,57,0,0,0,0,6,4,0,0,40,34,0,2,1,30.36
1120829-idle-0246,1120829,idle_30s,2025-12-22T20:50:00.898000,1323,MLE,247,246,30.0,0,0,0,0,0,0,0.0,0,0,0,0,0,0,0,0,0,0,0.0,0.0,0,0,0,0,0,1,1,0,0,0,0.0,0.0,0,0,0,0,0,6,4,2,0,3,15.25,6.659,0,0,1,0,3,16,14,2,0,4,75.61,6.659,0,0,1,0,13,7,6,0,1,58,43,0,2,135,103,0,5,1,15.99
1120829-idle-0431,1120829,idle_30s,2025-12-22T20:53:27.502000,1323,MLE,432,431,30.0,0,0,0,0,0,0,0.0,0,0,0,0,0,0,0,0,0,0,0.0,0.0,0,0,0,0,0,1,1,0,0,0,0.0,0.0,0,0,0,0,0,37,22,15,0,4,13.446,1.757,0,3,14,3,23,103,73,30,0,9,44.295,1.744,0,6,14,6,69,3,3,0,0,7,7,0,0,12,12,0,0,1,25.872
1120829-idle-0442,1120829,idle_30s,2025-12-22T20:55:03.739000,1323,MLE,443,442,30.0,0,0,0,0,0,0,0.0,0,0,0,0,0,0,0,0,0,0,0.0,0.0,0,0,0,0,0,1,1,0,0,0,0.0,0.0,0,0,0,0,0,7,7,0,0,2,23.999,11.999,0,0,0,0,3,11,11,0,0,5,37.842,9.898,0,0,0,1,6,1,1,0,0,10,10,0,0,16,13,0,1,1,3.984
1120829-idle-0443,1120829,idle_30s,2025-12-22T20:55:37.723000,1323,MLE,444,443,30.0,0,0,0,0,0,0,0.0,0,0,0,0,0,0,0,0,0,0,0.0,0.0,0,0,0,0,0,1,1,0,0,0,0.0,0.0,0,0,0,0,0,1,1,0,0,0,0.0,0.0,0,0,0,0,0,12,12,0,0,6,71.826,14.626,0,0,0,2,7,11,10,0,0,11,10,0,0,17,14,0,1,1,9.666
1120829-idle-0454,1120829,idle_30s,2025-12-22T20:56:35.979000,1323,MLE,455,454,30.0,0,0,0,0,0,0,0.0,0,0,0,0,0,0,0,0,0,0,0.0,0.0,0,0,0,0,0,1,1,0,0,0,0.0,0.0,0,0,0,0,0,11,10,1,1,2,12.173,3.156,0,0,1,2,10,12,11,1,1,3,51.839,9.75,0,0,1,3,11,4,2,0,1,6,4,0,1,8,6,0,1,1,14.491
1120829-idle-0458,1120829,idle_30s,2025-12-22T20:57:28.768000,1323,MLE,459,458,30.0,0,0,0,0,0,0,0.0,0,0,0,0,0,0,0,0,0,0,0.0,0.0,0,0,0,0,0,1,1,0,0,0,0.0,0.0,0,1,0,0,0,4,2,2,0,2,8.298,4.59,0,1,1,0,2,15,12,3,1,5,64.962,8.29,0,1,2,3,13,2,2,0,0,3,3,0,0,19,7,0,0,1,0.992
1120829-idle-0460,1120829,idle_30s,2025-12-22T20:58:03.172000,1323,MLE,461,460,30.0,0,0,0,0,0,0,0.0,0,0,0,0,0,0,0,0,0,0,0.0,0.0,0,0,0,0,0,1,1,0,0,0,0.0,0.0,0,0,0,0,0,2,2,0,0,1,3.412,3.412,0,0,0,1,1,8,5,3,1,5,87.193,36.392,0,1,2,4,6,1,1,0,0,2,2,0,0,21,6,0,0,1,24.293
1120829-idle-0462,1120829,idle_30s,2025-12-22T20:59:03.257000,1323,MLE,463,462,30.0,0,0,0,0,0,0,0.0,0,0,0,0,0,0,0,0,0,0,0.0,0.0,0,0,0,0,0,1,1,0,0,0,0.0,0.0,0,0,0,0,0,2,2,0,0,1,5.792,5.792,0,0,0,0,1,4,4,0,0,3,63.497,44.593,0,0,0,2,3,15,3,0,0,19,4,0,0,31,16,0,0,1,12.056
1120829-idle-0481,1120829,idle_30s,2025-12-22T21:00:07.657000,1323,MLE,482,481,30.0,0,0,0,0,0,0,0.0,0,0,0,0,0,0,0,0,0,0,0.0,0.0,0,0,0,0,0,1,1,0,0,0,0.0,0.0,0,0,0,0,0,19,4,15,3,2,15.522,3.369,0,0,13,3,3,21,6,15,3,4,63.37,6.936,0,0,13,4,5,0,0,0,0,12,12,0,0,12,12,0,0,1,30.802
1128484-idle-0010,1128484,idle_30s,2025-12-23T18:22:55.594000,1034,AC,11,10,30.0,0,0,0,0,0,0,0.0,0,0,0,0,0,0,0,0,0,0,0.0,0.0,0,0,0,0,0,1,0,1,0,0,0.0,0.0,0,0,0,0,0,3,0,3,0,2,8.374,5.057,0,0,0,0,0,11,8,3,0,3,36.972,7.606,0,0,0,0,8,0,0,0,0,0,0,0,0,0,0,0,0,1,123.272
1128484-idle-0015,1128484,idle_30s,2025-12-23T18:25:38.759000,1034,AC,16,15,30.0,0,0,0,0,0,0,0.0,0,0,0,0,0,0,0,0,0,0,0.0,0.0,0,0,0,0,0,1,0,1,0,0,0.0,0.0,0,0,0,0,0,5,0,5,0,2,8.508,4.978,0,0,1,0,0,5,0,5,0,2,8.508,4.978,0,0,1,0,0,0,0,0,0,0,0,0,0,0,0,0,0,1,405.994
1128484-idle-0022,1128484,idle_30s,2025-12-23T18:33:14.800000,1034,AC,23,22,30.0,0,0,0,0,0,0,0.0,0,0,0,0,0,0,0,0,0,0,0.0,0.0,0,0,0,0,0,1,1,0,0,0,0.0,0.0,0,0,0,0,0,7,3,4,3,1,17.981,9.426,0,0,3,0,0,7,3,4,3,1,17.981,9.426,0,0,3,0,0,7,1,0,0,9,2,0,0,9,2,0,0,1,4.803
1130708-idle-0013,1130708,idle_30s,2025-12-23T20:29:36.552000,2091,AC,14,13,30.0,0,0,0,0,0,0,0.0,0,0,0,0,0,0,0,0,0,0,0.0,0.0,0,0,0,0,0,1,1,0,0,0,0.0,0.0,0,0,0,0,0,14,9,5,1,3,12.621,2.792,0,0,2,3,10,14,9,5,1,3,12.621,2.792,0,0,2,3,10,0,0,0,0,0,0,0,0,0,0,0,0,1,231.414
1132940-idle-0123,1132940,idle_30s,2025-12-23T22:25:03.630000,1664,AC,124,123,30.0,0,0,0,0,0,0,0.0,0,0,0,0,0,0,0,0,0,0,0.0,0.0,0,0,0,0,0,1,1,0,0,0,0.0,0.0,0,0,0,0,0,25,22,3,0,2,14.16,1.65,0,1,0,2,20,92,82,10,0,12,55.864,2.22,0,4,0,7,81,0,0,0,0,51,38,0,1,95,78,0,5,1,39.749
1132940-idle-0208,1132940,idle_30s,2025-12-23T22:26:50.365000,1664,AC,209,208,30.0,0,0,0,0,0,0,0.0,0,0,0,0,0,0,0,0,0,0,0.0,0.0,0,0,0,0,0,1,1,0,0,0,0.0,0.0,0,1,0,0,0,60,53,7,0,2,5.129,1.141,0,2,0,2,50,85,68,17,0,3,7.393,1.054,0,3,0,3,63,10,10,0,2,10,10,0,2,64,51,0,4,1,0.898
1132940-idle-0218,1132940,idle_30s,2025-12-23T22:27:31.666000,1664,AC,219,218,30.0,0,0,0,0,0,0,0.0,0,0,0,0,0,0,0,0,0,0,0.0,0.0,0,0,0,0,0,1,1,0,0,0,0.0,0.0,0,0,0,0,0,10,10,0,0,1,7.056,2.902,0,2,0,2,8,95,78,17,0,5,45.347,1.182,0,5,0,6,72,0,0,0,0,39,27,0,1,92,76,0,3,1,30.715
1132940-idle-0350,1132940,idle_30s,2025-12-23T22:31:03.264000,1664,AC,351,350,30.0,0,0,0,0,0,0,0.0,0,0,0,0,0,0,0,0,0,0,0.0,0.0,0,0,0,0,0,1,1,0,0,0,0.0,0.0,0,0,0,0,0,9,9,0,0,3,11.892,3.989,0,0,0,0,8,71,66,5,0,13,63.856,2.627,0,3,0,4,63,8,7,0,0,30,22,0,0,38,29,0,0,1,10.112
1132940-idle-0388,1132940,idle_30s,2025-12-23T22:32:45.500000,1664,AC,389,388,30.0,0,0,0,0,0,0,0.0,0,0,0,0,0,0,0,0,0,0,0.0,0.0,0,0,0,0,0,1,1,0,0,0,0.0,0.0,0,0,0,0,0,13,12,1,0,4,23.872,5.601,0,0,0,0,11,38,29,9,0,6,39.278,5.574,0,0,0,0,26,0,0,0,0,7,6,0,1,14,12,0,1,1,46.387
1132940-idle-0401,1132940,idle_30s,2025-12-23T22:34:37.786000,1664,AC,402,401,30.0,0,0,0,0,0,0,0.0,0,0,0,0,0,0,0,0,0,0,0.0,0.0,0,0,0,0,0,1,1,0,0,0,0.0,0.0,0,0,0,0,0,7,7,0,0,1,23.734,12.578,0,1,0,0,6,13,12,1,0,2,27.997,4.03,0,1,0,0,11,1,0,0,0,1,0,0,0,1,0,0,0,1,0.835
1132940-idle-0402,1132940,idle_30s,2025-12-23T22:35:08.621000,1664,AC,403,402,30.0,0,0,0,0,0,0,0.0,0,0,0,0,0,0,0,0,0,0,0.0,0.0,0,0,0,0,0,1,0,1,0,0,0.0,0.0,0,0,1,0,0,1,0,1,0,0,0.0,0.0,0,0,1,0,0,14,12,2,0,3,58.832,19.84,0,1,1,1,12,0,0,0,0,0,0,0,0,17,17,0,0,1,103.804
1132940-idle-0456,1132940,idle_30s,2025-12-23T22:38:33.438000,1664,AC,457,456,30.0,0,0,0,0,0,0,0.0,0,0,0,0,0,0,0,0,0,0,0.0,0.0,0,0,0,0,0,1,1,0,0,0,0.0,0.0,0,0,0,0,0,16,15,1,0,3,16.566,4.202,0,0,1,5,14,54,50,4,0,8,29.483,2.545,0,0,4,21,43,0,0,0,0,0,0,0,0,0,0,0,0,1,338.388
1132940-idle-0460,1132940,idle_30s,2025-12-23T22:44:46.742000,1664,AC,461,460,30.0,0,0,0,0,0,0,0.0,0,0,0,0,0,0,0,0,0,0,0.0,0.0,0,0,0,0,0,1,1,0,0,0,0.0,0.0,0,0,0,0,0,4,4,0,0,1,2.384,2.201,0,0,0,0,3,4,4,0,0,1,2.384,2.201,0,0,0,0,3,2,2,0,0,3,3,0,0,4,4,0,0,1,14.206
1132940-idle-0462,1132940,idle_30s,2025-12-23T22:45:35.214000,1664,AC,463,462,30.0,0,0,0,0,0,0,0.0,0,0,0,0,0,0,0,0,0,0,0.0,0.0,0,0,0,0,0,1,1,0,0,0,0.0,0.0,0,0,0,0,0,2,2,0,0,1,4.266,4.266,0,0,0,0,1,6,6,0,0,3,50.856,28.23,0,0,0,1,5,2,2,0,0,2,2,0,0,2,2,0,0,1,8.974
1135122-idle-0063,1135122,idle_30s,2025-12-24T08:21:16.650000,1683,AC,64,63,30.0,0,0,0,0,0,0,0.0,0,0,0,0,0,0,0,0,0,0,0.0,0.0,0,0,0,0,0,1,1,0,0,0,0.0,0.0,0,1,0,0,0,64,51,13,0,0,0.0,0.73,0,5,0,4,48,64,51,13,0,0,0.0,0.73,0,5,0,4,48,18,18,0,1,67,49,0,2,75,56,0,2,1,2.67
1135122-idle-0130,1135122,idle_30s,2025-12-24T08:22:38.880000,1683,AC,131,130,30.0,0,0,0,0,0,0,0.0,0,0,0,0,0,0,0,0,0,0,0.0,0.0,0,0,0,0,0,1,1,0,0,0,0.0,0.0,0,1,0,0,0,49,31,18,0,1,2.613,1.014,0,1,0,0,31,90,69,21,0,4,59.806,1.188,0,6,0,4,61,4,4,0,0,38,33,0,2,48,39,0,5,1,22.371
1135122-idle-0236,1135122,idle_30s,2025-12-24T08:26:23.722000,1683,AC,237,236,30.0,0,0,0,0,0,0,0.0,0,0,0,0,0,0,0,0,0,0,0.0,0.0,0,0,0,0,0,1,1,0,0,0,0.0,0.0,0,0,0,0,0,21,21,0,0,2,10.73,2.08,0,0,0,1,18,58,46,12,0,5,38.461,1.945,0,3,0,4,40,25,23,0,1,64,50,0,3,111,65,0,3,1,0.088
1135122-idle-0333,1135122,idle_30s,2025-12-24T08:27:55.850000,1683,AC,334,333,30.0,0,0,0,0,0,0,0.0,0,0,0,0,0,0,0,0,0,0,0.0,0.0,0,0,0,0,0,1,0,1,0,0,0.0,0.0,0,0,0,0,0,71,27,44,0,3,11.913,0.921,0,2,0,2,26,97,51,46,0,7,36.702,1.323,0,3,0,3,50,16,15,0,0,27,24,0,1,41,28,0,2,1,6.553
1135122-idle-0360,1135122,idle_30s,2025-12-24T08:29:08.304000,1683,AC,361,360,30.0,0,0,0,0,0,0,0.0,0,0,0,0,0,0,0,0,0,0,0.0,0.0,0,0,0,0,0,1,1,0,0,0,0.0,0.0,0,1,0,0,0,15,12,3,0,2,6.032,2.33,0,1,0,0,10,79,35,44,0,6,66.497,1.639,0,2,0,1,32,14,4,0,1,14,4,0,1,32,21,0,1,1,2.834
1135122-idle-0374,1135122,idle_30s,2025-12-24T08:29:51.273000,1683,AC,375,374,30.0,0,0,0,0,0,0,0.0,0,0,0,0,0,0,0,0,0,0,0.0,0.0,0,0,0,0,0,1,1,0,0,0,0.0,0.0,0,1,0,0,0,14,4,10,0,2,7.409,3.101,0,1,0,1,3,41,28,13,0,6,60.444,3.408,0,2,0,1,26,0,0,0,0,3,3,0,0,58,51,0,2,1,59.395
1135122-idle-0436,1135122,idle_30s,2025-12-24T08:32:30.130000,1683,AC,437,436,30.0,0,0,0,0,0,0,0.0,0,0,0,0,0,0,0,0,0,0,0.0,0.0,0,0,0,0,0,1,1,0,0,0,0.0,0.0,0,0,0,0,0,18,15,3,0,2,19.754,2.063,0,1,0,1,12,62,55,7,0,6,41.928,1.744,0,2,0,2,51,17,14,0,1,106,34,0,1,129,54,0,4,1,19.216
1135122-idle-0869,1135122,idle_30s,2025-12-24T08:39:47.122000,1683,AC,870,869,30.0,0,0,0,0,0,0,0.0,0,0,0,0,0,0,0,0,0,0,0.0,0.0,0,0,0,0,0,1,1,0,0,0,0.0,0.0,0,0,0,0,0,78,23,55,0,1,10.869,0.945,0,2,0,4,22,126,62,64,0,8,53.375,1.59,0,5,0,6,62,1,1,0,0,2,2,0,0,12,12,0,1,1,12.798
1135122-idle-0871,1135122,idle_30s,2025-12-24T08:40:50,1683,AC,872,871,30.0,0,0,0,0,0,0,0.0,0,0,0,0,0,0,0,0,0,0,0.0,0.0,0,0,0,0,0,1,1,0,0,0,0.0,0.0,0,0,0,0,0,2,2,0,0,1,20.08,20.08,0,0,0,0,1,25,24,1,0,3,73.747,8.177,0,2,0,5,23,3,3,0,0,10,10,0,1,23,16,0,3,1,14.936
1135122-idle-0881,1135122,idle_30s,2025-12-24T08:41:52.784000,1683,AC,882,881,30.0,0,0,0,0,0,0,0.0,0,0,0,0,0,0,0,0,0,0,0.0,0.0,0,0,0,0,0,1,1,0,0,0,0.0,0.0,0,0,0,0,0,10,10,0,0,1,14.409,3.643,0,1,0,2,9,12,12,0,0,3,79.425,20.08,0,1,0,3,11,12,5,0,2,13,6,0,2,13,6,0,2,1,5.162
1135851-idle-0233,1135851,idle_30s,2025-12-24T08:42:06.750000,1117,AC,234,233,30.0,0,0,0,0,0,0,0.0,0,0,0,0,0,0,0,0,0,0,0.0,0.0,0,0,0,0,0,1,1,0,0,0,0.0,0.0,0,1,0,0,0,56,52,4,0,4,10.364,1.262,0,4,0,4,49,196,150,46,0,10,35.896,0.981,0,13,0,16,145,0,0,0,0,25,23,0,0,82,76,0,4,1,38.812
1135851-idle-0333,1135851,idle_30s,2025-12-24T08:44:57.115000,1117,AC,334,333,30.0,0,0,0,0,0,0,0.0,0,0,0,0,0,0,0,0,0,0,0.0,0.0,0,0,0,0,0,1,1,0,0,0,0.0,0.0,0,1,0,0,0,18,16,2,0,1,2.545,1.258,0,2,0,1,16,96,88,8,0,5,52.702,1.146,0,6,0,6,88,0,0,0,0,0,0,0,0,49,33,0,4,1,67.633
1135851-idle-0391,1135851,idle_30s,2025-12-24T08:47:41.338000,1117,AC,392,391,30.0,0,0,0,0,0,0,0.0,0,0,0,0,0,0,0,0,0,0,0.0,0.0,0,0,0,0,0,1,1,0,0,0,0.0,0.0,0,0,0,0,0,10,9,1,0,2,21.943,6.669,0,0,0,0,9,58,41,17,0,4,46.944,1.337,0,4,1,6,42,41,37,0,5,74,67,0,7,80,72,0,7,1,5.377
1135851-idle-0471,1135851,idle_30s,2025-12-24T08:49:35.636000,1117,AC,472,471,30.0,0,0,0,0,0,0,0.0,0,0,0,0,0,0,0,0,0,0,0.0,0.0,0,0,0,0,0,1,1,0,0,0,0.0,0.0,0,0,0,0,0,6,5,1,0,1,19.712,12.518,0,0,0,0,4,80,72,8,0,7,50.445,1.752,0,7,0,9,69,0,0,0,0,0,0,0,0,39,32,0,2,1,71.981
1135851-idle-0474,1135851,idle_30s,2025-12-24T08:51:18.433000,1117,AC,475,474,30.0,0,0,0,0,0,0,0.0,0,0,0,0,0,0,0,0,0,0,0.0,0.0,0,0,0,0,0,1,0,1,0,0,0.0,0.0,0,0,1,0,0,3,0,3,0,0,0.0,0.441,0,0,3,0,0,3,0,3,0,0,0.0,0.441,0,0,3,0,0,75,69,0,3,120,109,0,7,155,131,0,9,1,3.556
1135851-idle-0714,1135851,idle_30s,2025-12-24T08:55:10.332000,1117,AC,715,714,30.0,0,0,0,0,0,0,0.0,0,0,0,0,0,0,0,0,0,0,0.0,0.0,0,0,0,0,0,1,1,0,0,0,0.0,0.0,0,1,0,0,0,28,24,4,1,2,6.903,1.103,0,3,1,2,23,85,80,5,1,8,58.073,1.388,0,6,1,4,78,0,0,0,0,48,45,0,3,177,149,0,8,1,32.393
1136332-idle-0101,1136332,idle_30s,2025-12-24T09:01:46.288000,1117,AC,102,101,30.0,0,0,0,0,0,0,0.0,0,0,0,0,0,0,0,0,0,0,0.0,0.0,0,0,0,0,0,1,1,0,0,0,0.0,0.0,0,1,0,0,0,57,40,17,0,1,2.296,1.366,0,3,0,2,38,102,80,22,0,1,2.296,1.345,0,7,0,9,78,0,0,0,0,0,0,0,0,0,0,0,0,1,690.932
1138163-idle-0244,1138163,idle_30s,2025-12-24T11:30:59.955000,1516,AC,245,244,30.0,0,0,0,0,0,0,0.0,0,0,0,0,0,0,0,0,0,0,0.0,0.0,0,0,0,0,0,1,1,0,0,0,0.0,0.0,0,1,0,0,0,61,21,21,0,3,12.643,0.912,0,3,0,2,37,199,94,57,0,7,25.117,0.96,0,10,0,10,135,0,0,0,0,0,0,0,0,0,0,0,0,1,212.67
1138163-idle-0334,1138163,idle_30s,2025-12-24T11:35:58.949000,1516,AC,335,334,30.0,0,0,0,0,0,0,0.0,0,0,0,0,0,0,0,0,0,0,0.0,0.0,0,0,0,0,0,1,0,0,0,0,0.0,0.0,0,0,0,0,0,55,20,19,0,4,11.151,1.171,0,2,0,3,34,90,31,21,0,7,29.331,1.162,0,3,0,5,67,1,0,0,0,1,0,0,0,1,0,0,0,1,1.663
1142006-idle-0081,1142006,idle_30s,2025-12-24T17:44:41.843000,1249,WA,82,81,30.0,0,0,0,0,0,0,0.0,0,0,0,0,0,0,0,0,0,0,0.0,0.0,0,0,0,0,0,1,1,0,0,0,0.0,0.0,0,0,0,0,0,40,35,5,0,2,15.455,1.35,0,2,0,1,34,82,65,17,0,2,15.455,0.565,0,3,0,2,65,0,0,0,0,0,0,0,0,52,48,0,3,1,73.667
1145934-idle-0005,1145934,idle_30s,2025-12-25T09:54:06.180000,1683,AC,6,5,30.0,0,0,0,0,0,0,0.0,0,0,0,0,0,0,0,0,0,0,0.0,0.0,0,0,0,0,0,1,0,1,0,0,0.0,0.0,0,0,0,0,0,6,3,3,1,0,0.0,1.406,0,1,1,2,2,6,3,3,1,0,0.0,1.406,0,1,1,2,2,8,6,0,0,11,9,0,0,67,54,0,2,1,4.31
1145934-idle-0072,1145934,idle_30s,2025-12-25T09:56:22.276000,1683,AC,73,72,30.0,0,0,0,0,0,0,0.0,0,0,0,0,0,0,0,0,0,0,0.0,0.0,0,0,0,0,0,1,1,0,0,0,0.0,0.0,0,0,0,0,0,23,20,3,0,2,19.211,1.384,0,1,0,2,19,61,50,11,0,3,48.694,1.252,0,2,0,3,48,0,0,0,0,0,0,0,0,0,0,0,0,1,228.082
1145934-idle-0091,1145934,idle_30s,2025-12-25T10:00:57.540000,1683,AC,92,91,30.0,0,0,0,0,0,0,0.0,0,0,0,0,0,0,0,0,0,0,0.0,0.0,0,0,0,0,0,1,1,0,0,0,0.0,0.0,0,0,0,0,0,19,17,2,0,2,9.409,2.023,0,2,0,4,15,19,17,2,0,2,9.409,2.023,0,2,0,4,15,3,3,0,1,6,5,0,2,22,19,0,3,1,8.938
1145934-idle-0094,1145934,idle_30s,2025-12-25T10:01:37.402000,1683,AC,95,94,30.0,0,0,0,0,0,0,0.0,0,0,0,0,0,0,0,0,0,0,0.0,0.0,0,0,0,0,0,1,1,0,0,0,0.0,0.0,0,0,0,0,0,3,3,0,0,0,0.0,0.662,0,1,0,1,2,22,20,2,0,3,48.347,3.473,0,3,0,6,18,3,2,0,1,6,5,0,2,21,18,0,2,1,6.725
1145934-idle-0097,1145934,idle_30s,2025-12-25T10:02:14.496000,1683,AC,98,97,30.0,0,0,0,0,0,0,0.0,0,0,0,0,0,0,0,0,0,0,0.0,0.0,0,0,0,0,0,1,1,0,0,0,0.0,0.0,0,0,0,0,0,3,2,1,0,0,0.0,0.224,0,1,0,1,1,14,13,1,0,4,85.072,30.567,0,3,0,7,10,3,3,0,1,17,15,0,1,18,16,0,1,1,7.698
1146055-idle-0147,1146055,idle_30s,2025-12-25T10:10:56.850000,2110,AC,148,147,30.0,0,0,0,0,0,0,0.0,0,0,0,0,0,0,0,0,0,0,0.0,0.0,0,0,0,0,0,1,0,1,0,0,0.0,0.0,0,0,0,0,0,85,35,50,0,1,3.884,0.587,0,2,0,1,33,148,82,66,1,3,19.194,0.711,0,5,2,5,80,29,27,0,1,94,51,0,3,111,66,0,4,1,8.997
1146055-idle-0241,1146055,idle_30s,2025-12-25T10:12:22.444000,2110,AC,242,241,30.0,0,0,0,0,0,0,0.0,0,0,0,0,0,0,0,0,0,0,0.0,0.0,0,0,0,0,0,1,1,0,0,0,0.0,0.0,0,1,0,0,0,75,33,42,0,2,9.521,1.017,0,2,0,2,33,122,60,62,0,7,59.242,1.289,0,4,0,4,59,11,10,0,0,30,24,0,1,30,24,0,1,1,1.932
1146055-idle-0271,1146055,idle_30s,2025-12-25T10:13:34.877000,2110,AC,272,271,30.0,0,0,0,0,0,0,0.0,0,0,0,0,0,0,0,0,0,0,0.0,0.0,0,0,0,0,0,1,1,0,0,0,0.0,0.0,0,0,0,0,0,22,17,5,0,2,4.801,1.864,0,1,0,1,15,61,36,25,0,6,65.882,1.929,0,2,0,3,33,0,0,0,0,0,0,0,0,11,9,0,0,1,105.859
1154760-idle-0031,1154760,idle_30s,2025-12-25T16:05:55.717000,1025,AC,32,31,30.0,0,0,0,0,0,0,0.0,0,0,0,0,0,0,0,0,0,0,0.0,0.0,0,0,0,0,0,1,1,0,0,0,0.0,0.0,0,0,0,0,0,32,32,0,0,0,0.0,0.592,0,1,0,1,31,32,32,0,0,0,0.0,0.592,0,1,0,1,31,11,11,0,3,53,53,0,7,65,65,0,8,1,12.015
1154760-idle-0089,1154760,idle_30s,2025-12-25T16:07:34.295000,1025,AC,90,89,30.0,0,0,0,0,0,0,0.0,0,0,0,0,0,0,0,0,0,0,0.0,0.0,0,0,0,0,0,1,1,0,0,0,0.0,0.0,0,1,0,0,0,35,35,0,0,3,13.184,1.78,0,5,0,4,34,58,58,0,0,4,26.603,1.531,0,8,0,7,56,9,9,0,0,42,42,0,0,43,43,0,0,1,16.419
1154760-idle-0132,1154760,idle_30s,2025-12-25T16:09:04.560000,1025,AC,133,132,30.0,0,0,0,0,0,0,0.0,0,0,0,0,0,0,0,0,0,0,0.0,0.0,0,0,0,0,0,1,1,0,0,0,0.0,0.0,0,0,0,0,0,34,34,0,0,2,11.743,1.698,0,0,0,2,32,43,43,0,0,4,22.904,1.962,0,0,0,2,41,0,0,0,0,0,0,0,0,0,0,0,0,1,397.763
1154760-idle-0188,1154760,idle_30s,2025-12-25T16:17:14.354000,1025,AC,189,188,30.0,0,0,0,0,0,0,0.0,0,0,0,0,0,0,0,0,0,0,0.0,0.0,0,0,0,0,0,1,1,0,0,0,0.0,0.0,0,0,0,0,0,15,15,0,0,3,9.138,2.806,0,1,0,1,14,56,56,0,0,6,38.59,2.114,0,3,0,5,48,0,0,0,0,0,0,0,0,0,0,0,0,1,154.213
1154760-idle-0191,1154760,idle_30s,2025-12-25T16:20:19.300000,1025,AC,192,191,30.0,0,0,0,0,0,0,0.0,0,0,0,0,0,0,0,0,0,0,0.0,0.0,0,0,0,0,0,1,1,0,0,0,0.0,0.0,0,0,0,0,0,3,3,0,0,0,0.0,0.484,0,0,0,0,2,3,3,0,0,0,0.0,0.484,0,0,0,0,2,30,30,0,3,51,51,0,4,72,72,0,6,1,5.963
1154760-idle-0263,1154760,idle_30s,2025-12-25T16:22:12.855000,1025,AC,264,263,30.0,0,0,0,0,0,0,0.0,0,0,0,0,0,0,0,0,0,0,0.0,0.0,0,0,0,0,0,1,1,0,0,0,0.0,0.0,0,0,0,0,0,31,31,0,0,1,11.258,1.022,0,2,0,2,29,72,72,0,0,2,32.734,1.233,0,6,0,9,70,0,0,0,0,0,0,0,0,0,0,0,0,1,245.815
1154760-idle-0316,1154760,idle_30s,2025-12-25T16:27:44.161000,1025,AC,317,316,30.0,0,0,0,0,0,0,0.0,0,0,0,0,0,0,0,0,0,0,0.0,0.0,0,0,0,0,0,1,1,0,0,0,0.0,0.0,0,0,0,0,0,32,32,0,0,5,18.502,2.714,0,1,0,4,30,53,53,0,0,9,31.308,2.746,0,3,0,6,51,0,0,0,0,4,2,0,0,4,2,0,0,1,49.947
1154760-idle-0320,1154760,idle_30s,2025-12-25T16:29:07.918000,1025,AC,321,320,30.0,0,0,0,0,0,0,0.0,0,0,0,0,0,0,0,0,0,0,0.0,0.0,0,0,0,0,0,1,1,0,0,0,0.0,0.0,0,0,0,0,0,4,2,2,0,1,2.857,2.392,0,0,0,0,1,17,15,2,0,2,82.804,2.113,0,1,0,3,13,0,0,0,0,3,3,0,0,3,3,0,0,1,53.358
1154790-idle-0008,1154790,idle_30s,2025-12-25T16:11:35.550000,1323,WA,9,8,30.0,0,0,0,0,0,0,0.0,0,0,0,0,0,0,0,0,0,0,0.0,0.0,0,0,0,0,0,1,1,0,0,0,0.0,0.0,1,0,0,0,0,9,9,0,0,1,9.733,4.062,5,0,0,0,0,9,9,0,0,1,9.733,4.062,5,0,0,0,0,0,0,0,0,0,0,0,0,0,0,0,0,1,152.802
1154790-debug-0008,1154790,backspace_pause_2s,2025-12-25T16:11:07.550000,1323,WA,9,8,2.0,5,5,0,0,0,0,0.378,5,0,0,0,0,5,5,0,0,0,0.0,0.378,5,0,0,0,0,9,9,0,0,1,9.733,4.062,5,0,0,0,0,9,9,0,0,1,9.733,4.062,5,0,0,0,0,9,9,0,0,1,9.733,4.062,5,0,0,0,0,0,0,0,0,0,0,0,0,0,0,0,0,1,180.802
1154790-idle-0016,1154790,idle_30s,2025-12-25T16:15:14.155000,1323,WA,17,16,30.0,0,0,0,0,0,0,0.0,0,0,0,0,0,0,0,0,0,0,0.0,0.0,0,0,0,0,0,1,1,0,0,0,0.0,0.0,0,0,0,0,0,7,7,0,0,2,11.422,5.711,0,0,0,0,6,8,8,0,0,3,32.037,11.745,0,1,0,1,7,13,12,0,1,27,18,0,1,42,26,0,1,1,1.354
1154790-idle-0043,1154790,idle_30s,2025-12-25T16:16:43.830000,1323,WA,44,43,30.0,0,0,0,0,0,0,0.0,0,0,0,0,0,0,0,0,0,0,0.0,0.0,0,0,0,0,0,1,1,0,0,0,0.0,0.0,0,0,0,0,0,14,6,8,0,2,24.602,3.475,0,0,0,1,4,28,19,9,0,5,79.186,10.646,0,1,0,4,15,15,8,0,0,15,8,0,0,17,10,0,0,1,10.033
1154790-idle-0058,1154790,idle_30s,2025-12-25T16:17:34.921000,1323,WA,59,58,30.0,0,0,0,0,0,0,0.0,0,0,0,0,0,0,0,0,0,0,0.0,0.0,0,0,0,0,0,1,1,0,0,0,0.0,0.0,0,0,0,0,0,15,8,7,0,2,7.174,2.179,0,0,0,0,4,41,25,16,0,6,74.071,2.804,0,1,0,3,19,0,0,0,0,2,2,0,0,5,5,0,0,1,34.885
1154790-idle-0063,1154790,idle_30s,2025-12-25T16:19:22.282000,1323,WA,64,63,30.0,0,0,0,0,0,0,0.0,0,0,0,0,0,0,0,0,0,0,0.0,0.0,0,0,0,0,0,1,1,0,0,0,0.0,0.0,0,0,0,0,0,4,4,0,0,1,20.54,16.463,0,0,0,0,1,5,5,0,0,2,42.168,21.302,0,0,0,1,2,0,0,0,0,0,0,0,0,2,1,0,0,1,69.699
1154790-idle-0065,1154790,idle_30s,2025-12-25T16:21:02.572000,1323,WA,66,65,30.0,0,0,0,0,0,0,0.0,0,0,0,0,0,0,0,0,0,0,0.0,0.0,0,0,0,0,0,1,1,0,0,0,0.0,0.0,0,0,0,0,0,2,1,1,1,0,0.0,0.591,0,0,1,0,0,2,1,1,1,0,0.0,0.591,0,0,1,0,0,0,0,0,0,0,0,0,0,10,8,0,3,1,94.257
1154790-idle-0095,1154790,idle_30s,2025-12-25T16:23:59.574000,1323,WA,96,95,30.0,0,0,0,0,0,0,0.0,0,0,0,0,0,0,0,0,0,0,0.0,0.0,0,0,0,0,0,1,1,0,0,0,0.0,0.0,0,0,0,0,0,21,21,0,0,4,20.882,3.412,0,0,0,2,20,30,28,2,2,9,43.783,4.284,0,3,2,8,27,0,0,0,0,26,13,0,0,40,27,10,0,1,32.363
1154790-idle-0121,1154790,idle_30s,2025-12-25T16:25:21.830000,1323,WA,122,121,30.0,0,0,0,0,0,0,0.0,0,0,0,0,0,0,0,0,0,0,0.0,0.0,0,0,0,0,0,1,0,1,0,0,0.0,0.0,0,0,0,0,0,26,13,13,0,2,10.722,1.619,0,0,0,0,12,37,24,13,0,4,76.249,2.335,0,0,0,2,23,14,14,10,0,14,14,10,0,14,14,10,0,1,2.397
1154790-debug-0131,1154790,backspace_pause_2s,2025-12-25T16:25:27.584000,1323,WA,132,131,2.0,10,10,0,0,0,0,0.194,10,0,0,0,0,10,10,0,0,0,0.0,0.194,10,0,0,0,0,10,10,0,0,0,0.0,0.194,10,0,0,0,0,36,23,13,0,3,43.119,1.619,10,0,0,1,13,41,28,13,0,4,105.482,1.986,10,0,0,2,18,4,4,0,0,4,4,0,0,4,4,0,0,1,0.815
1154790-idle-0135,1154790,idle_30s,2025-12-25T16:25:59.534000,1323,WA,136,135,30.0,0,0,0,0,0,0,0.0,0,0,0,0,0,0,0,0,0,0,0.0,0.0,0,0,0,0,0,1,1,0,0,0,0.0,0.0,0,0,0,0,0,14,14,0,0,1,2.815,0.502,10,0,0,0,0,40,27,13,0,4,45.934,2.073,10,0,0,1,13,0,0,0,0,0,0,0,0,2,1,0,0,1,93.323
1154790-idle-0137,1154790,idle_30s,2025-12-25T16:28:03.870000,1323,WA,138,137,30.0,0,0,0,0,0,0,0.0,0,0,0,0,0,0,0,0,0,0,0.0,0.0,0,0,0,0,0,1,1,0,0,0,0.0,0.0,0,0,0,0,0,2,1,1,1,0,0.0,1.013,0,0,1,0,0,2,1,1,1,0,0.0,1.013,0,0,1,0,0,0,0,0,0,0,0,0,0,7,4,0,0,1,93.9
1154790-idle-0146,1154790,idle_30s,2025-12-25T16:30:35.629000,1323,WA,147,146,30.0,0,0,0,0,0,0,0.0,0,0,0,0,0,0,0,0,0,0,0.0,0.0,0,0,0,0,0,1,1,0,0,0,0.0,0.0,0,0,0,0,0,9,5,4,0,2,22.0,7.476,0,0,0,1,4,9,5,4,0,2,22.0,7.476,0,0,0,1,4,0,0,0,0,26,26,0,0,41,41,0,0,1,30.681
1166905-idle-0117,1166905,idle_30s,2025-12-26T11:13:08.765000,1638,WA,118,117,30.0,0,0,0,0,0,0,0.0,0,0,0,0,0,0,0,0,0,0,0.0,0.0,0,0,0,0,0,1,1,0,0,0,0.0,0.0,0,1,0,0,0,29,27,2,0,1,9.521,0.69,0,5,0,3,22,116,104,12,0,6,49.391,0.956,0,10,0,10,96,0,0,0,0,0,0,0,0,32,27,0,0,1,84.205
1166905-idle-0460,1166905,idle_30s,2025-12-26T11:20:28.699000,1638,WA,461,460,30.0,0,0,0,0,0,0,0.0,0,0,0,0,0,0,0,0,0,0,0.0,0.0,0,0,0,0,0,1,1,0,0,0,0.0,0.0,0,0,0,0,0,4,2,2,1,1,8.734,7.074,0,0,2,0,1,51,47,4,1,7,71.756,3.587,0,3,2,5,45,7,6,0,1,27,20,0,2,28,21,0,3,1,10.701
1166905-idle-0488,1166905,idle_30s,2025-12-26T11:22:15.935000,1638,WA,489,488,30.0,0,0,0,0,0,0,0.0,0,0,0,0,0,0,0,0,0,0,0.0,0.0,0,0,0,0,0,1,1,0,0,0,0.0,0.0,0,1,0,0,0,5,5,0,0,2,24.945,16.575,0,1,0,1,4,28,21,7,0,7,59.596,6.707,0,3,0,6,20,0,0,0,0,0,0,0,0,0,0,0,0,1,344.284
1166905-idle-0490,1166905,idle_30s,2025-12-26T11:28:30.874000,1638,WA,491,490,30.0,0,0,0,0,0,0,0.0,0,0,0,0,0,0,0,0,0,0,0.0,0.0,0,0,0,0,0,1,1,0,0,0,0.0,0.0,0,1,0,0,0,2,2,0,0,0,0.0,0.655,0,2,0,1,1,2,2,0,0,0,0.0,0.655,0,2,0,1,1,16,12,0,1,18,13,0,1,18,13,0,1,1,12.719
1166905-idle-0508,1166905,idle_30s,2025-12-26T11:29:54.417000,1638,WA,509,508,30.0,0,0,0,0,0,0,0.0,0,0,0,0,0,0,0,0,0,0,0.0,0.0,0,0,0,0,0,1,1,0,0,0,0.0,0.0,0,0,0,0,0,4,2,2,1,1,29.753,23.837,0,1,1,1,2,20,15,5,1,3,76.383,9.079,0,3,1,3,13,0,0,0,0,0,0,0,0,4,4,0,0,1,116.736
1166905-idle-0951,1166905,idle_30s,2025-12-26T11:39:07.661000,1638,WA,952,951,30.0,0,0,0,0,0,0,0.0,0,0,0,0,0,0,0,0,0,0,0.0,0.0,0,0,0,0,0,1,1,0,0,0,0.0,0.0,0,0,0,0,0,18,16,2,0,3,23.24,2.602,0,0,0,1,15,84,76,8,0,9,47.583,2.006,0,3,0,5,74,7,2,0,0,7,2,0,0,7,2,0,0,1,4.856
1169124-idle-0318,1169124,idle_30s,2025-12-26T15:11:43.751000,1533,WA,319,318,30.0,0,0,0,0,0,0,0.0,0,0,0,0,0,0,0,0,0,0,0.0,0.0,0,0,0,0,0,1,1,0,0,0,0.0,0.0,0,0,0,0,0,11,7,4,2,1,22.274,3.987,0,0,3,2,6,59,45,14,5,9,50.498,2.338,0,2,7,6,42,5,2,0,0,8,3,0,1,8,3,0,1,1,8.587
1169596-idle-0074,1169596,idle_30s,2025-12-26T16:21:41.315000,2252,AC,75,74,30.0,0,0,0,0,0,0,0.0,0,0,0,0,0,0,0,0,0,0,0.0,0.0,0,0,0,0,0,1,1,0,0,0,0.0,0.0,0,0,0,0,0,32,28,4,0,4,16.026,2.387,0,1,0,1,28,75,63,12,0,5,39.875,1.344,0,5,0,5,61,0,0,0,0,0,0,0,0,14,13,0,0,1,103.316
1169596-idle-0145,1169596,idle_30s,2025-12-26T16:25:30.806000,2252,AC,146,145,30.0,0,0,0,0,0,0,0.0,0,0,0,0,0,0,0,0,0,0,0.0,0.0,0,0,0,0,0,1,1,0,0,0,0.0,0.0,0,0,0,0,0,30,26,4,0,0,0.0,1.103,0,1,0,1,27,66,57,9,0,5,52.647,1.402,0,2,0,2,59,26,20,0,0,62,54,0,2,136,124,0,4,1,0.388
1169596-idle-0361,1169596,idle_30s,2025-12-26T16:29:40.550000,2252,AC,362,361,30.0,0,0,0,0,0,0,0.0,0,0,0,0,0,0,0,0,0,0,0.0,0.0,0,0,0,0,0,1,1,0,0,0,0.0,0.0,0,0,0,0,0,8,6,2,0,1,26.228,11.589,0,0,0,0,5,66,59,7,0,9,54.523,2.248,0,3,0,3,59,2,2,0,0,23,15,0,0,95,79,0,3,1,29.87
1169596-idle-0946,1169596,idle_30s,2025-12-26T16:41:18.370000,2252,AC,947,946,30.0,0,0,0,0,0,0,0.0,0,0,0,0,0,0,0,0,0,0,0.0,0.0,0,0,0,0,0,1,1,0,0,0,0.0,0.0,0,0,0,0,0,25,24,1,0,4,18.952,2.743,0,1,0,2,23,108,99,9,0,8,37.02,1.716,0,3,0,5,96,10,10,0,1,19,19,0,1,24,24,0,1,1,26.291
1169596-idle-0979,1169596,idle_30s,2025-12-26T16:44:00.110000,2252,AC,980,979,30.0,0,0,0,0,0,0,0.0,0,0,0,0,0,0,0,0,0,0,0.0,0.0,0,0,0,0,0,1,1,0,0,0,0.0,0.0,0,0,0,0,0,9,9,0,0,2,4.644,2.316,0,0,0,3,7,15,15,0,0,7,82.164,23.248,0,0,0,6,12,0,0,0,0,3,3,0,0,3,3,0,0,1,40.611
1169596-idle-0982,1169596,idle_30s,2025-12-26T16:45:13.719000,2252,AC,983,982,30.0,0,0,0,0,0,0,0.0,0,0,0,0,0,0,0,0,0,0,0.0,0.0,0,0,0,0,0,1,1,0,0,0,0.0,0.0,0,0,0,0,0,3,3,0,0,1,2.699,2.459,0,0,0,0,1,12,12,0,0,4,77.954,2.699,0,0,0,4,9,0,0,0,0,0,0,0,0,6,6,0,1,1,66.155
1169596-idle-0985,1169596,idle_30s,2025-12-26T16:46:55.922000,2252,AC,986,985,30.0,0,0,0,0,0,0,0.0,0,0,0,0,0,0,0,0,0,0,0.0,0.0,0,0,0,0,0,1,1,0,0,0,0.0,0.0,0,0,0,0,0,3,3,0,0,2,6.048,3.471,0,0,0,0,2,3,3,0,0,2,6.048,3.471,0,0,0,0,2,12,12,0,1,12,12,0,1,16,15,0,1,1,15.968
1169596-idle-0997,1169596,idle_30s,2025-12-26T16:47:54.322000,2252,AC,998,997,30.0,0,0,0,0,0,0,0.0,0,0,0,0,0,0,0,0,0,0,0.0,0.0,0,0,0,0,0,1,1,0,0,0,0.0,0.0,0,0,0,0,0,12,12,0,0,2,7.214,3.346,0,1,0,1,9,15,15,0,0,5,59.23,3.783,0,1,0,2,12,0,0,0,0,3,2,0,0,19,18,0,0,1,54.515
1171120-idle-0151,1171120,idle_30s,2025-12-26T19:50:40.403000,1516,WA,152,151,30.0,0,0,0,0,0,0,0.0,0,0,0,0,0,0,0,0,0,0,0.0,0.0,0,0,0,0,0,1,0,1,0,0,0.0,0.0,0,0,0,0,0,33,27,6,0,2,7.285,1.544,0,3,1,4,26,107,87,20,0,7,37.203,1.545,0,9,1,9,88,12,9,0,0,44,33,0,3,63,49,0,4,1,4.888
1171120-idle-0214,1171120,idle_30s,2025-12-26T19:52:36.760000,1516,WA,215,214,30.0,0,0,0,0,0,0,0.0,0,0,0,0,0,0,0,0,0,0,0.0,0.0,0,0,0,0,0,1,1,0,0,0,0.0,0.0,0,0,0,0,0,19,16,3,0,2,16.14,1.501,0,1,0,2,17,63,49,14,0,9,52.818,2.761,0,4,2,10,51,6,6,0,1,31,25,0,2,62,50,0,4,1,26.856
1171120-idle-0278,1171120,idle_30s,2025-12-26T19:55:12.182000,1516,WA,279,278,30.0,0,0,0,0,0,0,0.0,0,0,0,0,0,0,0,0,0,0,0.0,0.0,0,0,0,0,0,1,0,1,0,0,0.0,0.0,0,0,0,0,0,4,2,2,0,1,28.521,22.876,0,0,1,1,2,43,34,9,0,9,70.078,3.667,0,2,3,8,35,0,0,0,0,0,0,0,0,24,11,0,0,1,73.39
1171120-idle-0280,1171120,idle_30s,2025-12-26T19:56:55.759000,1516,WA,281,280,30.0,0,0,0,0,0,0,0.0,0,0,0,0,0,0,0,0,0,0,0.0,0.0,0,0,0,0,0,1,1,0,0,0,0.0,0.0,0,0,0,0,0,2,1,1,0,0,0.0,0.187,0,0,0,0,0,2,1,1,0,0,0.0,0.187,0,0,0,0,0,22,10,0,0,22,10,0,0,22,10,0,0,1,2.536
1201971-idle-0392,1201971,idle_30s,2025-12-29T19:05:49.441000,1749,AC,393,392,30.0,0,0,0,0,0,0,0.0,0,0,0,0,0,0,0,0,0,0,0.0,0.0,0,0,0,0,0,1,1,0,0,0,0.0,0.0,0,0,0,0,0,28,25,3,0,4,25.2,3.558,0,5,0,8,24,117,100,17,0,8,59.084,0.916,0,7,0,11,98,18,16,0,2,48,45,0,2,72,67,0,5,1,0.73
1201971-idle-0464,1201971,idle_30s,2025-12-29T19:07:43.973000,1749,AC,465,464,30.0,0,0,0,0,0,0,0.0,0,0,0,0,0,0,0,0,0,0,0.0,0.0,0,0,0,0,0,1,1,0,0,0,0.0,0.0,0,0,0,0,0,32,30,2,0,4,19.203,2.085,0,3,0,6,28,72,67,5,0,12,59.528,2.412,0,5,0,12,59,19,16,0,1,20,16,0,1,20,16,0,1,1,8.741
1201971-idle-0484,1201971,idle_30s,2025-12-29T19:08:44.230000,1749,AC,485,484,30.0,0,0,0,0,0,0,0.0,0,0,0,0,0,0,0,0,0,0,0.0,0.0,0,0,0,0,0,1,0,1,0,0,0.0,0.0,0,0,0,0,0,20,16,4,0,3,17.365,3.145,0,1,0,2,15,51,45,6,0,8,75.309,2.421,0,4,0,9,43,0,0,0,0,0,0,0,0,39,35,0,1,1,74.3
1201971-idle-0523,1201971,idle_30s,2025-12-29T19:10:47.429000,1749,AC,524,523,30.0,0,0,0,0,0,0,0.0,0,0,0,0,0,0,0,0,0,0,0.0,0.0,0,0,0,0,0,1,1,0,0,0,0.0,0.0,0,0,0,0,0,39,35,4,0,2,4.816,1.284,0,1,0,0,31,39,35,4,0,2,4.816,1.284,0,1,0,0,31,0,0,0,0,0,0,0,0,0,0,0,0,1,125.711
1201971-idle-0656,1201971,idle_30s,2025-12-29T19:15:36.889000,1749,AC,657,656,30.0,0,0,0,0,0,0,0.0,0,0,0,0,0,0,0,0,0,0,0.0,0.0,0,0,0,0,0,1,1,0,0,0,0.0,0.0,0,0,0,0,0,34,28,6,2,5,18.895,2.523,0,4,2,10,27,78,68,10,4,12,65.509,2.6,0,7,4,17,62,69,61,0,8,89,78,0,8,180,159,0,15,1,2.612
1201971-idle-0846,1201971,idle_30s,2025-12-29T19:18:17.942000,1749,AC,847,846,30.0,0,0,0,0,0,0,0.0,0,0,0,0,0,0,0,0,0,0,0.0,0.0,0,0,0,0,0,1,1,0,0,0,0.0,0.0,0,0,0,0,0,37,34,3,0,4,14.312,2.078,0,3,0,5,33,104,94,10,0,7,31.068,1.662,0,9,0,11,90,0,0,0,0,2,1,0,0,12,10,0,0,1,54.514
1201971-idle-0930,1201971,idle_30s,2025-12-29T19:21:48.970000,1749,AC,931,930,30.0,0,0,0,0,0,0,0.0,0,0,0,0,0,0,0,0,0,0,0.0,0.0,0,0,0,0,0,1,1,0,0,0,0.0,0.0,0,0,0,0,0,28,27,1,0,5,15.035,2.631,0,0,0,4,24,74,66,8,0,11,44.384,2.674,0,4,0,15,61,11,10,0,0,27,25,0,0,47,38,0,1,1,0.88
1201971-idle-0959,1201971,idle_30s,2025-12-29T19:23:25.827000,1749,AC,960,959,30.0,0,0,0,0,0,0,0.0,0,0,0,0,0,0,0,0,0,0,0.0,0.0,0,0,0,0,0,1,1,0,0,0,0.0,0.0,0,0,0,0,0,3,2,1,0,2,22.32,15.97,0,0,1,2,1,29,27,2,0,4,55.566,6.717,0,0,2,11,23,19,12,0,2,46,35,0,5,92,75,0,6,1,12.352
1201971-idle-1009,1201971,idle_30s,2025-12-29T19:24:56.649000,1749,AC,1010,1009,30.0,0,0,0,0,0,0,0.0,0,0,0,0,0,0,0,0,0,0,0.0,0.0,0,0,0,0,0,1,1,0,0,0,0.0,0.0,0,0,0,0,0,28,24,4,1,1,5.915,0.389,0,2,1,3,22,50,38,12,2,3,36.683,0.837,0,5,2,8,35,42,37,0,1,51,41,0,1,71,60,0,1,1,11.187
1201971-idle-1060,1201971,idle_30s,2025-12-29T19:26:12.197000,1749,AC,1061,1060,30.0,0,0,0,0,0,0,0.0,0,0,0,0,0,0,0,0,0,0,0.0,0.0,0,0,0,0,0,1,1,0,0,0,0.0,0.0,0,0,0,0,0,36,27,9,3,4,20.138,2.284,0,0,5,4,27,79,65,14,4,6,67.24,1.216,0,3,6,10,63,19,18,0,0,20,19,0,0,49,43,0,1,1,0.115
1201971-idle-1082,1201971,idle_30s,2025-12-29T19:27:51.842000,1749,AC,1083,1082,30.0,0,0,0,0,0,0,0.0,0,0,0,0,0,0,0,0,0,0,0.0,0.0,0,0,0,0,0,1,1,0,0,0,0.0,0.0,0,0,0,0,0,3,2,1,0,1,29.568,26.649,0,0,0,1,1,22,20,2,0,7,64.499,3.548,0,0,0,6,17,36,29,0,1,44,32,0,2,44,32,0,2,1,5.407
1203968-idle-0062,1203968,idle_30s,2025-12-29T20:30:54.245000,1748,AC,63,62,30.0,0,0,0,0,0,0,0.0,0,0,0,0,0,0,0,0,0,0,0.0,0.0,0,0,0,0,0,1,1,0,0,0,0.0,0.0,0,0,0,0,0,63,56,7,0,2,4.825,1.001,0,4,0,4,56,63,56,7,0,2,4.825,1.001,0,4,0,4,56,0,0,0,0,0,0,0,0,68,54,0,4,1,61.31
1203968-idle-0322,1203968,idle_30s,2025-12-29T20:35:57.162000,1748,AC,323,322,30.0,0,0,0,0,0,0,0.0,0,0,0,0,0,0,0,0,0,0,0.0,0.0,0,0,0,0,0,1,1,0,0,0,0.0,0.0,0,0,0,0,0,48,42,6,0,3,7.547,1.138,0,2,0,2,42,118,106,12,0,12,35.433,2.016,0,7,0,8,106,7,3,0,0,7,3,0,0,7,3,0,0,1,19.528
1204075-idle-0131,1204075,idle_30s,2025-12-29T20:32:09.795000,1461,WA,132,131,30.0,0,0,0,0,0,0,0.0,0,0,0,0,0,0,0,0,0,0,0.0,0.0,0,0,0,0,0,1,1,0,0,0,0.0,0.0,0,1,0,0,0,27,20,7,0,3,12.132,2.293,0,1,0,0,20,74,55,19,0,12,54.82,2.664,0,2,0,3,55,2,2,0,0,4,3,0,0,14,12,0,0,1,24.17
1204075-idle-0145,1204075,idle_30s,2025-12-29T20:34:17.309000,1461,WA,146,145,30.0,0,0,0,0,0,0,0.0,0,0,0,0,0,0,0,0,0,0,0.0,0.0,0,0,0,0,0,1,1,0,0,0,0.0,0.0,0,0,0,0,0,10,9,1,0,3,25.333,8.277,0,0,0,3,8,14,12,2,0,5,67.25,14.402,0,0,0,4,10,14,11,0,0,51,42,0,2,83,68,0,3,1,17.16
1204075-idle-0325,1204075,idle_30s,2025-12-29T20:38:37.827000,1461,WA,326,325,30.0,0,0,0,0,0,0,0.0,0,0,0,0,0,0,0,0,0,0,0.0,0.0,0,0,0,0,0,1,1,0,0,0,0.0,0.0,0,0,0,0,0,44,38,6,2,4,11.928,1.628,0,2,2,6,37,76,65,11,4,13,53.143,2.831,0,4,4,10,65,22,18,0,0,27,21,0,1,27,21,0,1,1,2.489
1204347-idle-0700,1204347,idle_30s,2025-12-29T20:47:26.781000,1537,WA,701,700,30.0,0,0,0,0,0,0,0.0,0,0,0,0,0,0,0,0,0,0,0.0,0.0,0,0,0,0,0,1,1,0,0,0,0.0,0.0,0,0,0,0,0,2,2,0,0,1,29.93,29.93,0,0,0,1,1,127,40,87,5,13,63.231,1.957,0,0,28,1,39,0,0,0,0,0,0,0,0,6,5,0,1,1,61.809
1204347-idle-0769,1204347,idle_30s,2025-12-29T20:51:37.499000,1537,WA,770,769,30.0,0,0,0,0,0,0,0.0,0,0,0,0,0,0,0,0,0,0,0.0,0.0,0,0,0,0,0,1,1,0,0,0,0.0,0.0,0,0,0,0,0,6,6,0,0,5,27.712,10.98,0,0,0,1,5,63,56,7,2,14,59.061,3.318,0,2,2,3,51,8,5,0,1,27,21,0,2,50,38,0,2,1,22.843
1212504-idle-0001,1212504,idle_30s,2025-12-30T14:41:48.583000,1464,AC,2,1,30.0,0,0,0,0,0,0,0.0,0,0,0,0,0,0,0,0,0,0,0.0,0.0,0,0,0,0,0,1,0,1,0,0,0.0,0.0,0,0,0,0,0,2,0,2,0,0,0.0,0.001,0,0,1,0,0,2,0,2,0,0,0.0,0.001,0,0,1,0,0,0,0,0,0,0,0,0,0,0,0,0,0,1,183.381
1212504-idle-0004,1212504,idle_30s,2025-12-30T14:45:22.867000,1464,AC,5,4,30.0,0,0,0,0,0,0,0.0,0,0,0,0,0,0,0,0,0,0,0.0,0.0,0,0,0,0,0,1,1,0,0,0,0.0,0.0,0,0,0,0,0,3,3,0,0,0,0.0,0.602,0,0,0,0,2,3,3,0,0,0,0.0,0.602,0,0,0,0,2,6,6,2,0,6,6,2,0,6,6,2,0,1,0.032
1212504-idle-0010,1212504,idle_30s,2025-12-30T14:45:54.818000,1464,AC,11,10,30.0,0,0,0,0,0,0,0.0,0,0,0,0,0,0,0,0,0,0,0.0,0.0,0,0,0,0,0,1,1,0,0,0,0.0,0.0,0,0,0,0,0,6,6,0,0,0,0.0,0.676,2,0,0,0,0,9,9,0,0,1,30.032,9.627,2,0,0,0,3,0,0,0,0,0,0,0,0,0,0,0,0,1,154.548
1212504-idle-0012,1212504,idle_30s,2025-12-30T14:48:59.366000,1464,AC,13,12,30.0,0,0,0,0,0,0,0.0,0,0,0,0,0,0,0,0,0,0,0.0,0.0,0,0,0,0,0,2,0,2,0,0,0.0,0.0,0,0,1,0,0,2,0,2,0,0,0.0,0.0,0,0,1,0,0,2,0,2,0,0,0.0,0.0,0,0,1,0,0,0,0,0,0,0,0,0,0,0,0,0,0,1,326.379
1212504-idle-0016,1212504,idle_30s,2025-12-30T14:54:57.523000,1464,AC,17,16,30.0,0,0,0,0,0,0,0.0,0,0,0,0,0,0,0,0,0,0,0.0,0.0,0,0,0,0,0,1,1,0,0,0,0.0,0.0,0,0,0,0,0,4,4,0,0,0,0.0,0.865,0,0,0,0,3,4,4,0,0,0,0.0,0.865,0,0,0,0,3,14,8,0,3,29,20,0,3,48,36,0,3,1,7.951
1212504-idle-0064,1212504,idle_30s,2025-12-30T14:57:17.561000,1464,AC,65,64,30.0,0,0,0,0,0,0,0.0,0,0,0,0,0,0,0,0,0,0,0.0,0.0,0,0,0,0,0,1,1,0,0,0,0.0,0.0,0,0,0,0,0,16,14,2,0,3,20.014,5.118,0,0,0,1,13,43,33,10,0,10,68.818,6.545,0,0,1,3,32,1,1,0,0,6,4,0,1,6,4,0,1,1,14.024
1215320-idle-0016,1215320,idle_30s,2025-12-30T17:22:59.890000,1662,WA,17,16,30.0,0,0,0,0,0,0,0.0,0,0,0,0,0,0,0,0,0,0,0.0,0.0,0,0,0,0,0,1,0,1,0,0,0.0,0.0,0,0,1,0,0,17,1,16,1,0,0.0,0.3,0,0,16,0,0,17,1,16,1,0,0.0,0.3,0,0,16,0,0,0,0,0,0,0,0,0,0,4,1,0,0,1,65.68
1215320-idle-0020,1215320,idle_30s,2025-12-30T17:24:37.465000,1662,WA,21,20,30.0,0,0,0,0,0,0,0.0,0,0,0,0,0,0,0,0,0,0,0.0,0.0,0,0,0,0,0,1,0,1,0,0,0.0,0.0,0,0,1,0,0,4,1,3,1,0,0.0,0.917,0,0,3,1,1,4,1,3,1,0,0.0,0.917,0,0,3,1,1,0,0,0,0,0,0,0,0,0,0,0,0,1,283.65
1232626-idle-0079,1232626,idle_30s,2026-01-02T08:26:25.559000,1251,AC,80,79,30.0,0,0,0,0,0,0,0.0,0,0,0,0,0,0,0,0,0,0,0.0,0.0,0,0,0,0,0,1,1,0,0,0,0.0,0.0,0,1,0,0,0,74,1,73,0,1,20.609,0.038,0,1,73,1,1,80,6,74,1,3,59.99,0.134,0,1,74,2,2,4,2,0,1,5,2,0,1,6,3,0,1,1,3.662
1232626-idle-0083,1232626,idle_30s,2026-01-02T08:27:14.964000,1251,AC,84,83,30.0,0,0,0,0,0,0,0.0,0,0,0,0,0,0,0,0,0,0,0.0,0.0,0,0,0,0,0,1,0,1,0,0,0.0,0.0,0,0,1,0,0,4,2,2,0,1,15.466,12.405,0,1,1,2,2,78,3,75,0,3,69.737,0.103,0,2,74,4,4,2,1,0,0,2,1,0,0,2,1,0,0,1,9.829
1232626-idle-0085,1232626,idle_30s,2026-01-02T08:27:55.600000,1251,AC,86,85,30.0,0,0,0,0,0,0,0.0,0,0,0,0,0,0,0,0,0,0,0.0,0.0,0,0,0,0,0,1,1,0,0,0,0.0,0.0,0,0,0,0,0,2,1,1,1,0,0.0,0.807,0,0,1,0,0,6,3,3,1,2,55.295,30.084,0,1,2,3,3,0,0,0,0,0,0,0,0,0,0,0,0,1,213.945
1232626-idle-0091,1232626,idle_30s,2026-01-02T08:32:21.877000,1251,AC,92,91,30.0,0,0,0,0,0,0,0.0,0,0,0,0,0,0,0,0,0,0,0.0,0.0,0,0,0,0,0,1,1,0,0,0,0.0,0.0,0,0,0,0,0,6,4,2,1,3,21.943,10.659,0,1,2,3,3,6,4,2,1,3,21.943,10.659,0,1,2,3,3,3,2,0,0,3,2,0,0,3,2,0,0,1,3.573
1233058-idle-0323,1233058,idle_30s,2026-01-02T11:07:52.674000,1664,AC,324,323,30.0,0,0,0,0,0,0,0.0,0,0,0,0,0,0,0,0,0,0,0.0,0.0,0,0,0,0,0,1,0,1,0,0,0.0,0.0,0,0,0,0,0,4,0,4,0,0,0.0,1.566,0,0,2,0,1,127,39,88,0,4,56.085,1.218,0,3,2,3,41,0,0,0,0,2,0,0,0,2,0,0,0,1,49.142
1233058-idle-0325,1233058,idle_30s,2026-01-02T11:09:11.817000,1664,AC,326,325,30.0,0,0,0,0,0,0,0.0,0,0,0,0,0,0,0,0,0,0,0.0,0.0,0,0,0,0,0,1,0,1,0,0,0.0,0.0,0,0,0,0,0,2,0,2,0,0,0.0,0.001,0,0,1,0,0,6,0,6,0,1,79.142,48.268,0,0,3,1,2,0,0,0,0,2,0,0,0,69,43,0,5,1,58.067
1233058-idle-0428,1233058,idle_30s,2026-01-02T11:12:03.279000,1664,AC,429,428,30.0,0,0,0,0,0,0,0.0,0,0,0,0,0,0,0,0,0,0,0.0,0.0,0,0,0,0,0,1,1,0,0,0,0.0,0.0,0,0,0,0,0,39,37,2,0,3,10.168,1.565,0,2,0,3,36,103,75,28,0,8,35.543,1.676,0,6,5,11,77,0,0,0,0,0,0,0,0,53,12,0,1,1,65.114
1233058-idle-0437,1233058,idle_30s,2026-01-02T11:13:49.398000,1664,AC,438,437,30.0,0,0,0,0,0,0,0.0,0,0,0,0,0,0,0,0,0,0,0.0,0.0,0,0,0,0,0,1,1,0,0,0,0.0,0.0,0,0,0,0,0,9,2,7,0,2,7.881,3.258,0,1,3,3,3,9,2,7,0,2,7.881,3.258,0,1,3,3,3,62,26,0,2,78,42,0,2,98,60,0,3,1,8.002
1233058-idle-0515,1233058,idle_30s,2026-01-02T11:15:16.977000,1664,AC,516,515,30.0,0,0,0,0,0,0,0.0,0,0,0,0,0,0,0,0,0,0,0.0,0.0,0,0,0,0,0,1,1,0,0,0,0.0,0.0,0,0,0,0,0,16,16,0,0,3,7.104,2.091,0,0,0,0,15,80,43,37,0,7,64.271,1.703,0,2,1,2,45,20,18,0,1,61,32,0,3,128,62,0,8,1,4.303
1233058-idle-0681,1233058,idle_30s,2026-01-02T11:18:06.569000,1664,AC,682,681,30.0,0,0,0,0,0,0,0.0,0,0,0,0,0,0,0,0,0,0,0.0,0.0,0,0,0,0,0,2,0,2,0,0,0.0,0.0,0,0,1,0,0,51,41,10,0,2,5.971,1.28,0,3,4,5,42,117,68,49,2,10,46.28,1.754,0,7,33,14,69,0,0,0,0,2,0,0,0,13,1,0,0,1,52.734
1233058-idle-0690,1233058,idle_30s,2026-01-02T11:19:42.915000,1664,AC,691,690,30.0,0,0,0,0,0,0,0.0,0,0,0,0,0,0,0,0,0,0,0.0,0.0,0,0,0,0,0,2,0,2,0,0,0.0,0.0,0,0,1,0,0,9,1,8,0,2,10.871,4.605,0,0,4,1,3,9,1,8,0,2,10.871,4.605,0,0,4,1,3,4,0,0,0,9,1,0,0,42,18,0,3,1,12.516
1233058-idle-0694,1233058,idle_30s,2026-01-02T11:20:26.648000,1664,AC,695,694,30.0,0,0,0,0,0,0,0.0,0,0,0,0,0,0,0,0,0,0,0.0,0.0,0,0,0,0,0,2,0,2,0,0,0.0,0.0,0,0,1,0,0,4,0,4,0,0,0.0,0.974,0,0,2,0,0,13,1,12,0,3,53.387,7.096,0,0,6,1,3,5,1,0,0,9,1,0,0,38,18,0,3,1,7.092
1233058-idle-0732,1233058,idle_30s,2026-01-02T11:22:07.930000,1664,AC,733,732,30.0,0,0,0,0,0,0,0.0,0,0,0,0,0,0,0,0,0,0,0.0,0.0,0,0,0,0,0,1,1,0,0,0,0.0,0.0,0,0,0,0,0,31,17,14,0,2,5.117,1.148,0,3,1,3,18,38,18,20,0,5,53.815,2.005,0,3,4,4,21,0,0,0,0,0,0,0,0,0,0,0,0,1,142.842
1239234-idle-0205,1239234,idle_30s,2026-01-02T22:23:47.606000,1210,TLE,206,205,30.0,0,0,0,0,0,0,0.0,0,0,0,0,0,0,0,0,0,0,0.0,0.0,0,0,0,0,0,1,1,0,0,0,0.0,0.0,0,0,0,0,0,40,31,9,3,4,13.588,1.616,0,2,4,2,28,124,105,19,3,11,47.623,1.346,0,7,4,9,100,36,33,0,3,49,46,0,5,100,86,0,7,1,10.083
1239234-idle-0305,1239234,idle_30s,2026-01-02T22:25:49.735000,1210,TLE,306,305,30.0,0,0,0,0,0,0,0.0,0,0,0,0,0,0,0,0,0,0,0.0,0.0,0,0,0,0,0,1,1,0,0,0,0.0,0.0,0,0,0,0,0,47,37,10,0,3,15.871,0.832,0,2,0,2,38,100,86,14,0,9,52.623,1.487,0,7,0,10,85,7,6,0,0,22,19,0,0,50,43,0,1,1,3.229
1239234-idle-0312,1239234,idle_30s,2026-01-02T22:26:24.957000,1210,TLE,313,312,30.0,0,0,0,0,0,0,0.0,0,0,0,0,0,0,0,0,0,0,0.0,0.0,0,0,0,0,0,1,1,0,0,0,0.0,0.0,0,0,0,0,0,7,6,1,0,0,0.0,0.614,0,0,0,0,5,71,59,12,0,6,54.727,1.195,0,4,0,4,58,15,13,0,0,32,29,0,0,64,57,0,3,1,6.309
1239234-idle-0413,1239234,idle_30s,2026-01-02T22:29:39.212000,1210,TLE,414,413,30.0,0,0,0,0,0,0,0.0,0,0,0,0,0,0,0,0,0,0,0.0,0.0,0,0,0,0,0,1,1,0,0,0,0.0,0.0,0,0,0,0,0,31,25,6,0,3,10.605,1.725,0,1,0,1,23,58,50,8,0,13,54.905,3.978,0,3,0,6,47,23,21,0,1,23,21,0,1,23,21,0,1,1,2.342
1239234-idle-0436,1239234,idle_30s,2026-01-02T22:30:21.459000,1210,TLE,437,436,30.0,0,0,0,0,0,0,0.0,0,0,0,0,0,0,0,0,0,0,0.0,0.0,0,0,0,0,0,1,1,0,0,0,0.0,0.0,0,0,0,0,0,23,21,2,0,1,3.319,0.858,0,1,0,2,21,67,57,10,0,8,63.159,2.821,0,3,0,5,55,0,0,0,0,0,0,0,0,1,1,0,0,1,118.731
1239234-idle-0437,1239234,idle_30s,2026-01-02T22:32:50.190000,1210,TLE,438,437,30.0,0,0,0,0,0,0,0.0,0,0,0,0,0,0,0,0,0,0,0.0,0.0,0,0,0,0,0,1,1,0,0,0,0.0,0.0,0,0,0,0,0,1,1,0,0,0,0.0,0.0,0,0,0,0,0,1,1,0,0,0,0.0,0.0,0,0,0,0,0,0,0,0,0,16,15,0,1,66,59,0,5,1,48.478
1239234-idle-0505,1239234,idle_30s,2026-01-02T22:35:23.291000,1210,TLE,506,505,30.0,0,0,0,0,0,0,0.0,0,0,0,0,0,0,0,0,0,0,0.0,0.0,0,0,0,0,0,1,1,0,0,0,0.0,0.0,0,0,0,0,0,5,3,2,1,2,22.704,12.106,0,0,2,1,2,68,60,8,1,9,50.442,2.424,0,5,2,8,59,0,0,0,0,0,0,0,0,0,0,0,0,1,136.501
1239234-idle-0509,1239234,idle_30s,2026-01-02T22:38:18.990000,1210,TLE,510,509,30.0,0,0,0,0,0,0,0.0,0,0,0,0,0,0,0,0,0,0,0.0,0.0,0,0,0,0,0,1,1,0,0,0,0.0,0.0,0,0,0,0,0,4,2,2,2,1,8.963,7.196,0,0,2,1,1,4,2,2,2,1,8.963,7.196,0,0,2,1,1,0,0,0,0,2,1,0,0,5,2,0,0,1,56.38
1248218-idle-0006,1248218,idle_30s,2026-01-03T23:23:04.865000,1084,AC,7,6,30.0,0,0,0,0,0,0,0.0,0,0,0,0,0,0,0,0,0,0,0.0,0.0,0,0,0,0,0,1,1,0,0,0,0.0,0.0,0,0,0,0,0,7,6,1,0,1,13.25,7.117,0,0,0,0,5,7,6,1,0,1,13.25,7.117,0,0,0,0,5,30,1,0,0,30,1,0,0,41,12,0,0,1,15.031
1248218-idle-0036,1248218,idle_30s,2026-01-03T23:23:51.880000,1084,AC,37,36,30.0,0,0,0,0,0,0,0.0,0,0,0,0,0,0,0,0,0,0,0.0,0.0,0,0,0,0,0,1,0,1,0,0,0.0,0.0,0,0,1,0,0,30,1,29,1,0,0.0,0.152,0,0,29,0,0,37,7,30,1,2,58.281,0.505,0,0,29,1,6,0,0,0,0,9,9,0,0,13,13,0,0,1,55.039
1249728-idle-0106,1249728,idle_30s,2026-01-04T08:22:56.978000,2276,WA,107,106,30.0,0,0,0,0,0,0,0.0,0,0,0,0,0,0,0,0,0,0,0.0,0.0,0,0,0,0,0,1,1,0,0,0,0.0,0.0,0,0,0,0,0,3,2,1,0,1,24.427,22.004,0,0,1,1,1,37,32,5,0,4,75.516,2.487,0,5,1,11,31,0,0,0,0,0,0,0,0,0,0,0,0,1,548.154
1251138-idle-0301,1251138,idle_30s,2026-01-04T08:57:11.554000,2270,AC,302,301,30.0,0,0,0,0,0,0,0.0,0,0,0,0,0,0,0,0,0,0,0.0,0.0,0,0,0,0,0,1,1,0,0,0,0.0,0.0,0,0,0,0,0,53,49,4,0,4,14.877,1.068,0,2,0,3,48,146,135,11,0,8,40.817,1.214,0,8,0,9,135,2,1,0,0,9,3,0,0,12,5,0,1,1,22.383
1251138-idle-0310,1251138,idle_30s,2026-01-04T08:58:38.530000,2270,AC,311,310,30.0,0,0,0,0,0,0,0.0,0,0,0,0,0,0,0,0,0,0,0.0,0.0,0,0,0,0,0,1,0,1,0,0,0.0,0.0,0,0,1,0,0,7,2,5,2,1,5.311,3.175,0,0,3,1,1,19,13,6,3,3,85.581,12.084,0,1,4,4,12,3,2,0,1,8,5,0,2,21,9,0,2,1,18.584
1251138-idle-0318,1251138,idle_30s,2026-01-04T08:59:43.826000,2270,AC,319,318,30.0,0,0,0,0,0,0,0.0,0,0,0,0,0,0,0,0,0,0,0.0,0.0,0,0,0,0,0,1,1,0,0,0,0.0,0.0,0,0,0,0,0,8,5,3,2,1,15.143,6.42,0,2,2,3,3,15,7,8,4,3,69.038,12.193,0,2,5,4,5,0,0,0,0,13,4,0,0,13,4,0,0,1,35.119
1257843-idle-0057,1257843,idle_30s,2026-01-04T17:20:36.214000,1006,AC,58,57,30.0,0,0,0,0,0,0,0.0,0,0,0,0,0,0,0,0,0,0,0.0,0.0,0,0,0,0,0,1,1,0,0,0,0.0,0.0,0,1,0,0,0,20,13,7,0,0,0.0,0.812,0,3,0,2,11,58,33,25,0,1,25.503,0.752,0,4,0,3,30,0,0,0,0,0,0,0,0,55,33,0,3,1,61.308
1257843-idle-0112,1257843,idle_30s,2026-01-04T17:22:35.838000,1006,AC,113,112,30.0,0,0,0,0,0,0,0.0,0,0,0,0,0,0,0,0,0,0,0.0,0.0,0,0,0,0,0,1,1,0,0,0,0.0,0.0,0,1,0,0,0,55,33,22,0,2,13.115,0.766,0,3,0,2,33,55,33,22,0,2,13.115,0.766,0,3,0,2,33,0,0,0,0,0,0,0,0,25,22,0,1,1,100.354
1257843-idle-0141,1257843,idle_30s,2026-01-04T17:25:07.147000,1006,AC,142,141,30.0,0,0,0,0,0,0,0.0,0,0,0,0,0,0,0,0,0,0,0.0,0.0,0,0,0,0,0,1,1,0,0,0,0.0,0.0,0,0,0,0,0,29,26,3,0,3,9.66,1.953,0,1,0,2,25,29,26,3,0,3,9.66,1.953,0,1,0,2,25,0,0,0,0,0,0,0,0,0,0,0,0,1,123.79
1259801-idle-0205,1259801,idle_30s,2026-01-04T19:21:18.390000,1899,AC,206,205,30.0,0,0,0,0,0,0,0.0,0,0,0,0,0,0,0,0,0,0,0.0,0.0,0,0,0,0,0,1,1,0,0,0,0.0,0.0,0,0,0,0,0,25,22,3,0,3,17.817,3.095,0,2,0,3,20,76,66,10,0,8,60.579,1.985,0,6,0,8,64,9,6,0,0,10,6,0,0,10,6,0,0,1,9.016
1259801-idle-0214,1259801,idle_30s,2026-01-04T19:22:00.284000,1899,AC,215,214,30.0,0,0,0,0,0,0,0.0,0,0,0,0,0,0,0,0,0,0,0.0,0.0,0,0,0,0,0,1,0,1,0,0,0.0,0.0,0,0,0,0,0,9,6,3,0,0,0.0,0.832,0,0,0,0,7,45,36,9,0,6,67.659,3.579,0,2,0,4,36,1,0,0,0,1,0,0,0,1,0,0,0,1,12.474
1260897-idle-0196,1260897,idle_30s,2026-01-04T19:46:31.500000,1357,WA,197,196,30.0,0,0,0,0,0,0,0.0,0,0,0,0,0,0,0,0,0,0,0.0,0.0,0,0,0,0,0,1,1,0,0,0,0.0,0.0,0,0,0,0,0,5,1,4,0,2,24.145,15.486,0,0,1,0,2,50,38,12,3,12,70.069,4.285,0,3,5,8,36,5,5,0,0,8,8,0,0,24,20,0,2,1,6.695
1260897-idle-0226,1260897,idle_30s,2026-01-04T19:49:20.452000,1357,WA,227,226,30.0,0,0,0,0,0,0,0.0,0,0,0,0,0,0,0,0,0,0,0.0,0.0,0,0,0,0,0,1,0,1,0,0,0.0,0.0,0,0,0,0,0,12,11,1,0,4,23.21,5.914,0,1,0,3,11,22,17,5,0,8,63.395,6.242,0,2,0,8,17,21,19,0,3,31,24,0,3,53,31,0,7,1,1.493
1260897-idle-0284,1260897,idle_30s,2026-01-04T19:52:03.571000,1357,WA,285,284,30.0,0,0,0,0,0,0,0.0,0,0,0,0,0,0,0,0,0,0,0.0,0.0,0,0,0,0,0,1,1,0,0,0,0.0,0.0,0,0,0,0,0,20,6,14,0,1,22.007,0.821,0,1,0,1,5,33,13,20,1,5,74.561,14.054,0,5,5,7,11,1,1,0,0,3,3,0,0,3,3,0,0,1,4.154
1260897-idle-0285,1260897,idle_30s,2026-01-04T19:52:37.725000,1357,WA,286,285,30.0,0,0,0,0,0,0,0.0,0,0,0,0,0,0,0,0,0,0,0.0,0.0,0,0,0,0,0,1,1,0,0,0,0.0,0.0,0,0,0,0,0,1,1,0,0,0,0.0,0.0,0,0,0,0,0,24,9,15,0,3,74.228,14.653,0,1,0,3,8,2,2,0,0,2,2,0,0,2,2,0,0,1,4.223
1262853-idle-0151,1262853,idle_30s,2026-01-04T20:15:41.876000,1900,AC,152,151,30.0,0,0,0,0,0,0,0.0,0,0,0,0,0,0,0,0,0,0,0.0,0.0,0,0,0,0,0,1,1,0,0,0,0.0,0.0,0,0,0,0,0,152,9,143,0,2,19.176,0.148,0,0,141,0,8,152,9,143,0,2,19.176,0.148,0,0,141,0,8,0,0,0,0,1,0,0,0,3,0,0,0,1,46.264
1262853-idle-0152,1262853,idle_30s,2026-01-04T20:16:58.140000,1900,AC,153,152,30.0,0,0,0,0,0,0,0.0,0,0,0,0,0,0,0,0,0,0,0.0,0.0,0,0,0,0,0,1,0,1,0,0,0.0,0.0,0,0,0,0,0,1,0,1,0,0,0.0,0.0,0,0,0,0,0,62,9,53,0,2,86.377,0.168,0,0,50,0,8,1,0,0,0,2,0,0,0,3,0,0,0,1,21.121
1262853-idle-0154,1262853,idle_30s,2026-01-04T20:18:10.617000,1900,AC,155,154,30.0,0,0,0,0,0,0,0.0,0,0,0,0,0,0,0,0,0,0,0.0,0.0,0,0,0,0,0,1,0,1,0,0,0.0,0.0,0,0,0,0,0,2,0,2,0,1,21.356,21.356,0,0,0,0,0,3,0,3,0,2,72.477,48.145,0,0,0,0,0,1,0,0,0,1,0,0,0,2,0,0,0,1,2.73
1262853-idle-0155,1262853,idle_30s,2026-01-04T20:18:43.347000,1900,AC,156,155,30.0,0,0,0,0,0,0,0.0,0,0,0,0,0,0,0,0,0,0,0.0,0.0,0,0,0,0,0,1,0,1,0,0,0.0,0.0,0,0,0,0,0,1,0,1,0,0,0.0,0.0,0,0,0,0,0,3,0,3,0,2,54.086,31.593,0,0,0,0,0,0,0,0,0,1,0,0,0,1,0,0,0,1,42.49
1262853-idle-0156,1262853,idle_30s,2026-01-04T20:19:55.837000,1900,AC,157,156,30.0,0,0,0,0,0,0,0.0,0,0,0,0,0,0,0,0,0,0,0.0,0.0,0,0,0,0,0,1,0,1,0,0,0.0,0.0,0,0,0,0,0,1,0,1,0,0,0.0,0.0,0,0,0,0,0,2,0,2,0,1,72.49,72.49,0,0,0,0,0,0,0,0,0,0,0,0,0,0,0,0,0,1,552.98
1262853-idle-0218,1262853,idle_30s,2026-01-04T20:29:44.720000,1900,AC,219,218,30.0,0,0,0,0,0,0,0.0,0,0,0,0,0,0,0,0,0,0,0.0,0.0,0,0,0,0,0,1,1,0,0,0,0.0,0.0,0,0,0,0,0,62,1,61,1,0,0.0,0.142,0,0,61,0,1,62,1,61,1,0,0.0,0.142,0,0,61,0,1,30,12,0,1,30,12,0,1,36,14,0,1,1,13.017
1262853-idle-0248,1262853,idle_30s,2026-01-04T20:30:34.935000,1900,AC,249,248,30.0,0,0,0,0,0,0,0.0,0,0,0,0,0,0,0,0,0,0,0.0,0.0,0,0,0,0,0,1,1,0,0,0,0.0,0.0,0,0,0,0,0,30,12,18,0,0,0.0,0.622,0,1,0,2,12,92,13,79,1,1,43.017,0.503,0,1,61,3,14,0,0,0,0,6,2,0,0,6,2,0,0,1,36.927
1262853-idle-0254,1262853,idle_30s,2026-01-04T20:31:51.594000,1900,AC,255,254,30.0,0,0,0,0,0,0,0.0,0,0,0,0,0,0,0,0,0,0,0.0,0.0,0,0,0,0,0,1,0,1,0,0,0.0,0.0,0,0,0,0,0,6,2,4,2,1,7.476,5.054,0,0,3,1,1,36,14,22,2,2,74.403,1.189,0,1,3,4,14,0,0,0,0,0,0,0,0,9,9,1,0,1,80.124
1262853-debug-0259,1262853,backspace_pause_2s,2026-01-04T20:33:34.785000,1900,AC,260,259,2.0,1,1,0,0,0,0,0.0,1,0,0,0,0,1,1,0,0,0,0.0,0.0,1,0,0,0,0,5,5,0,0,1,20.161,14.303,1,0,0,0,4,5,5,0,0,1,20.161,14.303,1,0,0,0,4,5,5,0,0,1,20.161,14.303,1,0,0,0,4,10,10,0,0,10,10,0,0,36,32,0,1,1,16.151
1262853-idle-0269,1262853,idle_30s,2026-01-04T20:34:25.450000,1900,AC,270,269,30.0,0,0,0,0,0,0,0.0,0,0,0,0,0,0,0,0,0,0,0.0,0.0,0,0,0,0,0,1,1,0,0,0,0.0,0.0,0,0,0,0,0,11,11,0,0,1,18.151,3.333,1,0,0,1,10,15,15,0,0,2,38.312,13.212,1,0,0,1,14,0,0,0,0,10,9,0,0,42,32,0,1,1,43.176
1262853-idle-0311,1262853,idle_30s,2026-01-04T20:36:33.455000,1900,AC,312,311,30.0,0,0,0,0,0,0,0.0,0,0,0,0,0,0,0,0,0,0,0.0,0.0,0,0,0,0,0,1,0,1,0,0,0.0,0.0,0,0,0,0,0,17,11,6,0,3,20.645,3.8,0,0,0,1,10,42,32,10,0,6,36.889,3.702,0,1,0,3,29,2,0,0,0,37,28,0,0,42,33,0,0,1,16.135
1262853-idle-0349,1262853,idle_30s,2026-01-04T20:38:03.509000,1900,AC,350,349,30.0,0,0,0,0,0,0,0.0,0,0,0,0,0,0,0,0,0,0,0.0,0.0,0,0,0,0,0,1,1,0,0,0,0.0,0.0,0,0,0,0,0,36,29,7,0,3,14.77,1.176,0,0,0,1,25,38,29,9,0,5,30.796,3.572,0,0,0,2,26,4,4,0,0,11,10,0,0,23,17,0,0,1,16.137
1262853-idle-0353,1262853,idle_30s,2026-01-04T20:38:54.314000,1900,AC,354,353,30.0,0,0,0,0,0,0,0.0,0,0,0,0,0,0,0,0,0,0,0.0,0.0,0,0,0,0,0,1,1,0,0,0,0.0,0.0,0,0,0,0,0,4,4,0,0,1,3.02,2.672,0,0,0,1,3,41,33,8,0,6,70.689,3.261,0,0,0,3,30,19,13,0,0,19,13,0,0,29,19,0,2,1,5.437
1262853-idle-0372,1262853,idle_30s,2026-01-04T20:39:44.885000,1900,AC,373,372,30.0,0,0,0,0,0,0,0.0,0,0,0,0,0,0,0,0,0,0,0.0,0.0,0,0,0,0,0,1,1,0,0,0,0.0,0.0,0,0,0,0,0,19,13,6,0,3,7.879,2.495,0,0,0,0,12,23,17,6,0,5,46.336,2.821,0,0,0,2,16,4,2,0,1,6,4,0,1,30,8,0,2,1,23.975
1262853-idle-0376,1262853,idle_30s,2026-01-04T20:40:39.610000,1900,AC,377,376,30.0,0,0,0,0,0,0,0.0,0,0,0,0,0,0,0,0,0,0,0.0,0.0,0,0,0,0,0,1,0,1,0,0,0.0,0.0,0,0,0,0,0,4,2,2,1,0,0.0,0.383,0,1,1,1,2,23,15,8,1,4,61.854,2.553,0,1,1,2,15,26,6,0,1,26,6,0,1,26,6,0,1,1,4.709
1271224-idle-0143,1271224,idle_30s,2026-01-05T16:10:23.181000,1657,AC,144,143,30.0,0,0,0,0,0,0,0.0,0,0,0,0,0,0,0,0,0,0,0.0,0.0,0,0,0,0,0,1,0,0,0,0,0.0,0.0,0,0,0,0,0,6,3,1,0,2,22.741,12.409,0,0,1,0,2,32,26,4,0,6,73.202,8.742,0,2,1,2,25,0,0,0,0,0,0,0,0,10,7,0,2,1,72.5
1271224-idle-0327,1271224,idle_30s,2026-01-05T16:15:36.810000,1657,AC,328,327,30.0,0,0,0,0,0,0,0.0,0,0,0,0,0,0,0,0,0,0,0.0,0.0,0,0,0,0,0,1,1,0,0,0,0.0,0.0,0,0,0,0,0,26,23,3,1,2,18.1,1.512,0,2,1,3,22,107,85,22,1,7,35.48,1.587,0,5,1,7,84,34,29,0,2,57,48,0,3,104,88,0,4,1,2.93
1271224-idle-0443,1271224,idle_30s,2026-01-05T16:18:28.517000,1657,AC,444,443,30.0,0,0,0,0,0,0,0.0,0,0,0,0,0,0,0,0,0,0,0.0,0.0,0,0,0,0,0,1,0,0,0,0,0.0,0.0,0,0,0,0,0,15,5,1,1,5,27.026,6.392,0,1,1,2,5,62,45,8,1,13,68.638,3.001,0,3,1,5,44,20,1,0,0,48,1,0,0,56,1,0,0,1,1.882
1271224-idle-0499,1271224,idle_30s,2026-01-05T16:20:28.570000,1657,AC,500,499,30.0,0,0,0,0,0,0,0.0,0,0,0,0,0,0,0,0,0,0,0.0,0.0,0,0,0,0,0,1,0,0,0,0,0.0,0.0,0,0,0,0,0,8,0,0,0,1,26.718,11.089,0,0,0,0,0,56,1,0,0,7,65.89,2.437,0,0,0,2,3,5,2,0,0,15,4,0,0,18,4,0,0,1,14.334
1271224-idle-0514,1271224,idle_30s,2026-01-05T16:21:49.400000,1657,AC,515,514,30.0,0,0,0,0,0,0,0.0,0,0,0,0,0,0,0,0,0,0,0.0,0.0,0,0,0,0,0,1,1,0,0,0,0.0,0.0,0,0,0,0,0,11,2,1,1,2,18.642,5.467,0,0,1,0,2,22,4,3,3,4,75.084,12.108,0,0,3,1,4,3,0,0,0,3,0,0,0,6,2,0,1,1,2.913
1271224-idle-0517,1271224,idle_30s,2026-01-05T16:22:23.156000,1657,AC,518,517,30.0,0,0,0,0,0,0,0.0,0,0,0,0,0,0,0,0,0,0,0.0,0.0,0,0,0,0,0,1,0,0,0,0,0.0,0.0,0,0,0,0,0,3,0,0,0,0,0.0,0.484,0,0,0,0,0,18,4,3,3,4,63.663,12.92,0,0,3,2,4,0,0,0,0,3,2,0,1,13,5,0,2,1,42.418
1271224-idle-0520,1271224,idle_30s,2026-01-05T16:23:36.580000,1657,AC,521,520,30.0,0,0,0,0,0,0,0.0,0,0,0,0,0,0,0,0,0,0,0.0,0.0,0,0,0,0,0,1,1,0,0,0,0.0,0.0,0,0,0,0,0,3,2,1,1,0,0.0,0.697,0,1,1,1,1,6,2,1,1,1,72.418,43.749,0,1,1,2,2,5,0,0,0,14,6,1,1,20,10,1,2,1,19.083
1271224-debug-0533,1271224,backspace_pause_2s,2026-01-05T16:24:34.860000,1657,AC,534,533,2.0,3,2,1,0,0,0,0.268,1,0,0,0,0,3,2,1,0,0,0.0,0.268,1,0,0,0,0,8,5,3,1,2,19.612,8.646,1,1,2,2,3,13,5,3,1,3,35.636,14.444,1,1,2,3,4,16,7,4,2,4,84.719,15.856,1,2,3,4,6,3,2,0,0,7,5,0,1,11,8,0,2,1,0.631
1271224-idle-0536,1271224,idle_30s,2026-01-05T16:25:11.120000,1657,AC,537,536,30.0,0,0,0,0,0,0,0.0,0,0,0,0,0,0,0,0,0,0,0.0,0.0,0,0,0,0,0,1,1,0,0,0,0.0,0.0,0,0,0,0,0,11,7,4,1,4,26.604,5.485,1,1,2,2,4,16,7,4,1,5,42.628,11.107,1,1,2,3,5,4,3,0,1,4,3,0,1,8,6,0,2,1,12.658
1271224-idle-0540,1271224,idle_30s,2026-01-05T16:25:57.620000,1657,AC,541,540,30.0,0,0,0,0,0,0,0.0,0,0,0,0,0,0,0,0,0,0,0.0,0.0,0,0,0,0,0,1,1,0,0,0,0.0,0.0,0,0,0,0,0,4,3,1,1,1,2.383,2.14,0,1,1,1,2,15,10,5,2,6,71.645,12.231,1,2,3,4,7,4,3,0,1,4,3,0,1,4,3,0,1,1,22.749
1271708-idle-0058,1271708,idle_30s,2026-01-05T16:19:55.932000,1158,TLE,59,58,30.0,0,0,0,0,0,0,0.0,0,0,0,0,0,0,0,0,0,0,0.0,0.0,0,0,0,0,0,1,1,0,0,0,0.0,0.0,0,1,0,0,0,59,25,34,0,1,3.882,0.535,0,3,0,2,22,59,25,34,0,1,3.882,0.535,0,3,0,2,22,0,0,0,0,13,10,0,2,70,58,0,6,1,41.273
1271708-idle-0452,1271708,idle_30s,2026-01-05T16:26:05.793000,1158,TLE,453,452,30.0,0,0,0,0,0,0,0.0,0,0,0,0,0,0,0,0,0,0,0.0,0.0,0,0,0,0,0,1,1,0,0,0,0.0,0.0,0,0,0,0,0,24,20,4,0,2,17.481,1.069,0,1,0,1,20,117,93,24,0,9,42.256,1.537,0,6,0,7,93,0,0,0,0,0,0,0,0,0,0,0,0,1,148.82
1271708-idle-0693,1271708,idle_30s,2026-01-05T16:33:48.907000,1158,TLE,694,693,30.0,0,0,0,0,0,0,0.0,0,0,0,0,0,0,0,0,0,0,0.0,0.0,0,0,0,0,0,1,1,0,0,0,0.0,0.0,0,0,0,0,0,35,32,3,0,3,12.368,1.386,0,2,0,4,31,85,72,13,0,10,54.206,2.029,0,6,0,12,70,4,4,0,0,7,7,0,0,8,8,0,0,1,11.573
1271708-idle-0701,1271708,idle_30s,2026-01-05T16:35:29.500000,1158,TLE,702,701,30.0,0,0,0,0,0,0,0.0,0,0,0,0,0,0,0,0,0,0,0.0,0.0,0,0,0,0,0,1,1,0,0,0,0.0,0.0,0,0,0,0,0,2,2,0,0,1,17.3,17.3,0,0,0,0,0,8,8,0,0,5,56.866,15.003,0,0,0,3,6,0,0,0,0,0,0,0,0,51,51,0,2,1,75.078
1272023-idle-0472,1272023,idle_30s,2026-01-05T16:30:10.146000,1129,TLE,473,472,30.0,0,0,0,0,0,0,0.0,0,0,0,0,0,0,0,0,0,0,0.0,0.0,0,0,0,0,0,1,1,0,0,0,0.0,0.0,0,1,0,0,0,67,33,34,0,2,5.26,1.292,0,4,0,5,32,191,119,72,0,6,19.685,1.171,0,11,0,11,120,0,0,0,0,10,10,0,0,11,11,0,0,1,35.329
1272023-idle-0482,1272023,idle_30s,2026-01-05T16:31:17.352000,1129,TLE,483,482,30.0,0,0,0,0,0,0,0.0,0,0,0,0,0,0,0,0,0,0,0.0,0.0,0,0,0,0,0,1,1,0,0,0,0.0,0.0,0,0,0,0,0,10,10,0,0,0,0.0,0.347,0,0,0,0,9,57,36,21,0,2,67.368,1.345,0,3,0,5,35,1,1,0,0,1,1,0,0,1,1,0,0,1,0.318
1272023-idle-0483,1272023,idle_30s,2026-01-05T16:31:47.670000,1129,TLE,484,483,30.0,0,0,0,0,0,0,0.0,0,0,0,0,0,0,0,0,0,0,0.0,0.0,0,0,0,0,0,1,1,0,0,0,0.0,0.0,0,0,0,0,0,1,1,0,0,0,0.0,0.0,0,0,0,0,0,11,11,0,0,1,30.318,3.423,0,0,0,1,10,0,0,0,0,0,0,0,0,0,0,0,0,1,132.561
1272023-idle-0488,1272023,idle_30s,2026-01-05T16:34:40.790000,1129,TLE,489,488,30.0,0,0,0,0,0,0,0.0,0,0,0,0,0,0,0,0,0,0,0.0,0.0,0,0,0,0,0,1,1,0,0,0,0.0,0.0,0,0,0,0,0,5,5,0,0,2,7.728,3.982,0,0,0,2,4,5,5,0,0,2,7.728,3.982,0,0,0,2,4,0,0,0,0,0,0,0,0,10,10,10,0,1,117.408
1272023-idle-0508,1272023,idle_30s,2026-01-05T16:37:17.111000,1129,TLE,509,508,30.0,0,0,0,0,0,0,0.0,0,0,0,0,0,0,0,0,0,0,0.0,0.0,0,0,0,0,0,1,1,0,0,0,0.0,0.0,0,0,0,0,0,20,20,0,0,0,0.0,1.331,10,2,0,0,0,20,20,0,0,0,0.0,1.331,10,2,0,0,0,0,0,0,0,0,0,0,0,0,0,0,0,1,456.591
1272188-idle-0045,1272188,idle_30s,2026-01-05T16:34:20.904000,1336,WA,46,45,30.0,0,0,0,0,0,0,0.0,0,0,0,0,0,0,0,0,0,0,0.0,0.0,0,0,0,0,0,1,1,0,0,0,0.0,0.0,0,1,0,0,0,46,39,7,0,0,0.0,0.342,0,2,0,1,40,46,39,7,0,0,0.0,0.342,0,2,0,1,40,63,40,0,1,82,56,0,2,125,88,0,3,1,14.449
1272188-idle-0210,1272188,idle_30s,2026-01-05T16:37:32.147000,1336,WA,211,210,30.0,0,0,0,0,0,0,0.0,0,0,0,0,0,0,0,0,0,0,0.0,0.0,0,0,0,0,0,1,1,0,0,0,0.0,0.0,0,0,0,0,0,28,27,1,0,4,19.067,2.945,0,3,0,3,26,81,66,15,0,11,56.976,2.571,0,4,0,4,65,18,14,0,1,45,37,0,2,122,93,0,5,1,11.506
1272188-idle-0332,1272188,idle_30s,2026-01-05T16:39:49.245000,1336,WA,333,332,30.0,0,0,0,0,0,0,0.0,0,0,0,0,0,0,0,0,0,0,0.0,0.0,0,0,0,0,0,1,1,0,0,0,0.0,0.0,0,0,0,0,0,59,43,16,0,4,12.226,1.231,0,3,0,7,42,114,87,27,0,10,49.985,1.618,0,5,0,10,86,5,2,0,0,5,2,0,0,5,2,0,0,1,8.605
1272188-idle-0337,1272188,idle_30s,2026-01-05T16:40:44.881000,1336,WA,338,337,30.0,0,0,0,0,0,0,0.0,0,0,0,0,0,0,0,0,0,0,0.0,0.0,0,0,0,0,0,1,1,0,0,0,0.0,0.0,0,0,0,0,0,5,2,3,1,1,16.291,11.579,0,0,2,1,2,70,48,22,1,7,69.879,1.658,0,3,2,10,48,0,0,0,0,0,0,0,0,15,9,0,0,1,68.529
1272188-idle-0360,1272188,idle_30s,2026-01-05T16:43:40.292000,1336,WA,361,360,30.0,0,0,0,0,0,0,0.0,0,0,0,0,0,0,0,0,0,0,0.0,0.0,0,0,0,0,0,1,1,0,0,0,0.0,0.0,0,0,0,0,0,8,5,3,1,3,19.298,6.92,0,1,1,4,4,23,14,9,2,7,69.904,9.885,0,1,3,7,14,0,0,0,0,0,0,0,0,5,5,0,1,1,116.398
1272188-idle-0366,1272188,idle_30s,2026-01-05T16:46:25.656000,1336,WA,367,366,30.0,0,0,0,0,0,0,0.0,0,0,0,0,0,0,0,0,0,0,0.0,0.0,0,0,0,0,0,1,1,0,0,0,0.0,0.0,0,1,0,0,0,6,6,0,0,1,17.437,10.712,0,2,0,2,5,6,6,0,0,1,17.437,10.712,0,2,0,2,5,28,23,0,2,36,29,0,3,51,43,0,3,1,4.247
1272188-idle-0402,1272188,idle_30s,2026-01-05T16:47:41.370000,1336,WA,403,402,30.0,0,0,0,0,0,0,0.0,0,0,0,0,0,0,0,0,0,0,0.0,0.0,0,0,0,0,0,1,0,1,0,0,0.0,0.0,0,0,1,0,0,27,21,6,2,2,12.695,1.49,0,2,4,4,19,37,30,7,3,5,63.035,2.338,0,4,5,7,28,2,2,0,0,15,14,0,0,15,14,0,0,1,7.927
1282793-idle-0214,1282793,idle_30s,2026-01-05T22:15:39.560000,1749,AC,215,214,30.0,0,0,0,0,0,0,0.0,0,0,0,0,0,0,0,0,0,0,0.0,0.0,0,0,0,0,0,1,1,0,0,0,0.0,0.0,0,0,0,0,0,41,36,5,0,2,7.325,1.612,0,2,0,1,33,135,99,36,0,9,34.216,1.565,0,6,0,5,93,2,1,0,0,2,1,0,0,2,1,0,0,1,28.211
1282793-idle-0216,1282793,idle_30s,2026-01-05T22:16:38.140000,1749,AC,217,216,30.0,0,0,0,0,0,0,0.0,0,0,0,0,0,0,0,0,0,0,0.0,0.0,0,0,0,0,0,1,1,0,0,0,0.0,0.0,0,0,0,0,0,2,1,1,1,0,0.0,0.369,0,0,1,0,0,45,39,6,1,4,67.671,1.973,0,2,1,2,36,0,0,0,0,0,0,0,0,70,63,0,4,1,74.283
1282793-idle-0584,1282793,idle_30s,2026-01-05T22:26:01.250000,1749,AC,585,584,30.0,0,0,0,0,0,0,0.0,0,0,0,0,0,0,0,0,0,0,0.0,0.0,0,0,0,0,0,1,1,0,0,0,0.0,0.0,0,0,0,0,0,70,16,54,0,3,12.149,0.834,0,1,0,1,15,108,49,59,0,9,53.656,1.843,0,2,0,4,43,2,2,0,0,2,2,0,0,9,6,0,0,1,11.203
1282793-idle-0586,1282793,idle_30s,2026-01-05T22:26:45.160000,1749,AC,587,586,30.0,0,0,0,0,0,0,0.0,0,0,0,0,0,0,0,0,0,0,0.0,0.0,0,0,0,0,0,1,1,0,0,0,0.0,0.0,0,0,0,0,0,2,2,0,0,1,2.707,2.707,0,0,0,1,0,75,21,54,0,7,78.132,1.42,0,1,0,3,19,0,0,0,0,7,4,0,0,7,4,0,0,1,54.005
1282793-idle-0593,1282793,idle_30s,2026-01-05T22:28:12.521000,1749,AC,594,593,30.0,0,0,0,0,0,0,0.0,0,0,0,0,0,0,0,0,0,0,0.0,0.0,0,0,0,0,0,1,1,0,0,0,0.0,0.0,0,0,0,0,0,7,4,3,0,0,0.0,1.025,0,0,0,0,3,8,5,3,0,1,84.005,34.223,0,0,0,1,4,0,0,0,0,7,5,0,1,9,6,0,1,1,35.872
1282793-idle-0602,1282793,idle_30s,2026-01-05T22:29:58.453000,1749,AC,603,602,30.0,0,0,0,0,0,0,0.0,0,0,0,0,0,0,0,0,0,0,0.0,0.0,0,0,0,0,0,1,1,0,0,0,0.0,0.0,0,0,0,0,0,4,3,1,0,1,18.597,14.94,0,0,0,0,2,9,6,3,2,3,36.886,15.525,0,1,2,2,4,0,0,0,0,0,0,0,0,5,5,0,0,1,65.036
1282793-idle-0604,1282793,idle_30s,2026-01-05T22:31:33.929000,1749,AC,605,604,30.0,0,0,0,0,0,0,0.0,0,0,0,0,0,0,0,0,0,0,0.0,0.0,0,0,0,0,0,1,1,0,0,0,0.0,0.0,0,0,0,0,0,2,2,0,0,0,0.0,0.44,0,0,0,0,1,2,2,0,0,0,0.0,0.44,0,0,0,0,1,3,3,0,0,4,4,0,0,4,4,0,0,1,1.494
1282793-idle-0607,1282793,idle_30s,2026-01-05T22:32:07.595000,1749,AC,608,607,30.0,0,0,0,0,0,0,0.0,0,0,0,0,0,0,0,0,0,0,0.0,0.0,0,0,0,0,0,1,1,0,0,0,0.0,0.0,0,0,0,0,0,3,3,0,0,0,0.0,1.656,0,0,0,0,1,5,5,0,0,1,31.494,22.586,0,0,0,1,3,1,1,0,0,1,1,0,0,1,1,0,0,1,21.025
1286637-idle-0001,1286637,idle_30s,2026-01-06T09:52:26.859000,1749,WA,2,1,30.0,0,0,0,0,0,0,0.0,0,0,0,0,0,0,0,0,0,0,0.0,0.0,0,0,0,0,0,1,1,0,0,0,0.0,0.0,0,0,0,0,0,2,1,1,1,0,0.0,0.177,0,0,1,0,0,2,1,1,1,0,0.0,0.177,0,0,1,0,0,2,1,0,0,2,1,0,0,2,1,0,0,1,13.048
1286637-idle-0003,1286637,idle_30s,2026-01-06T09:53:10.192000,1749,WA,4,3,30.0,0,0,0,0,0,0,0.0,0,0,0,0,0,0,0,0,0,0,0.0,0.0,0,0,0,0,0,1,1,0,0,0,0.0,0.0,0,0,0,0,0,2,1,1,1,0,0.0,0.285,0,0,1,0,0,4,2,2,2,1,43.048,34.495,0,0,2,0,0,0,0,0,0,0,0,0,0,0,0,0,0,1,184.377
1286637-idle-0057,1286637,idle_30s,2026-01-06T09:58:01.192000,1749,WA,58,57,30.0,0,0,0,0,0,0,0.0,0,0,0,0,0,0,0,0,0,0,0.0,0.0,0,0,0,0,0,1,0,0,0,0,0.0,0.0,0,0,0,0,0,20,0,0,0,1,24.587,0.552,0,0,0,0,0,54,19,4,0,7,63.032,3.061,0,3,0,5,19,0,0,0,0,0,0,0,0,0,0,0,0,1,1112.517
1286637-idle-0112,1286637,idle_30s,2026-01-06T10:18:12.810000,1749,WA,113,112,30.0,0,0,0,0,0,0,0.0,0,0,0,0,0,0,0,0,0,0,0.0,0.0,0,0,0,0,0,1,1,0,0,0,0.0,0.0,0,0,0,0,0,38,30,8,0,2,4.817,1.789,0,5,0,6,29,55,44,8,0,5,36.786,1.927,0,6,0,9,43,15,0,0,0,15,0,0,0,15,0,0,0,1,2.107
1297782-idle-0166,1297782,idle_30s,2026-01-06T19:06:57.110000,1581,AC,167,166,30.0,0,0,0,0,0,0,0.0,0,0,0,0,0,0,0,0,0,0,0.0,0.0,0,0,0,0,0,1,1,0,0,0,0.0,0.0,0,0,0,0,0,32,28,4,0,1,12.168,1.253,0,1,0,2,27,115,102,13,0,7,33.576,1.644,0,8,0,11,97,47,41,0,4,49,41,0,4,49,41,0,4,1,4.062
1299160-idle-0003,1299160,idle_30s,2026-01-06T20:11:35.662000,1896,WA,4,3,30.0,0,0,0,0,0,0,0.0,0,0,0,0,0,0,0,0,0,0,0.0,0.0,0,0,0,0,0,1,1,0,0,0,0.0,0.0,0,0,0,0,0,4,1,3,1,1,6.246,5.141,0,0,3,2,2,4,1,3,1,1,6.246,5.141,0,0,3,2,2,0,0,0,0,1,1,0,0,32,13,0,0,1,53.643
1299160-idle-0004,1299160,idle_30s,2026-01-06T20:12:59.305000,1896,WA,5,4,30.0,0,0,0,0,0,0,0.0,0,0,0,0,0,0,0,0,0,0,0.0,0.0,0,0,0,0,0,1,1,0,0,0,0.0,0.0,0,0,0,0,0,1,1,0,0,0,0.0,0.0,0,0,0,0,0,4,2,2,1,1,83.643,67.059,0,0,2,2,1,22,6,0,0,60,16,0,1,60,16,0,1,1,25.276
1299589-idle-0058,1299589,idle_30s,2026-01-06T20:22:48.355000,1899,AC,59,58,30.0,0,0,0,0,0,0,0.0,0,0,0,0,0,0,0,0,0,0,0.0,0.0,0,0,0,0,0,1,1,0,0,0,0.0,0.0,0,1,0,0,0,44,41,3,0,1,14.937,0.759,0,8,0,8,36,59,54,5,0,2,21.944,0.902,0,8,0,8,49,0,0,0,0,0,0,0,0,20,15,0,0,1,104.808
1299589-idle-0111,1299589,idle_30s,2026-01-06T20:25:49.984000,1899,AC,112,111,30.0,0,0,0,0,0,0,0.0,0,0,0,0,0,0,0,0,0,0,0.0,0.0,0,0,0,0,0,1,1,0,0,0,0.0,0.0,0,1,0,0,0,32,22,10,0,2,11.16,1.497,0,2,0,1,22,53,38,15,0,4,21.241,1.466,0,2,0,1,38,22,16,0,1,26,19,0,1,26,19,0,1,1,15.935
1299589-idle-0137,1299589,idle_30s,2026-01-06T20:26:52.733000,1899,AC,138,137,30.0,0,0,0,0,0,0,0.0,0,0,0,0,0,0,0,0,0,0,0.0,0.0,0,0,0,0,0,1,1,0,0,0,0.0,0.0,0,0,0,0,0,26,19,7,0,1,2.322,1.673,0,1,0,1,18,55,39,16,0,3,56.147,1.691,0,3,0,2,38,0,0,0,0,3,3,0,0,19,18,0,1,1,57.404
1299589-idle-0156,1299589,idle_30s,2026-01-06T20:29:01.226000,1899,AC,157,156,30.0,0,0,0,0,0,0,0.0,0,0,0,0,0,0,0,0,0,0,0.0,0.0,0,0,0,0,0,1,1,0,0,0,0.0,0.0,0,0,0,0,0,9,9,0,0,1,21.802,7.448,0,0,0,0,8,19,18,1,0,3,32.486,4.916,0,1,0,2,17,0,0,0,0,4,4,0,1,65,51,0,4,1,38.764
1299589-idle-0222,1299589,idle_30s,2026-01-06T20:31:33.757000,1899,AC,223,222,30.0,0,0,0,0,0,0,0.0,0,0,0,0,0,0,0,0,0,0,0.0,0.0,0,0,0,0,0,1,1,0,0,0,0.0,0.0,0,0,0,0,0,25,19,6,0,5,16.975,2.825,0,1,0,1,18,66,52,14,0,10,54.074,2.818,0,4,0,5,51,29,23,0,2,36,29,0,2,36,29,0,2,1,9.182
1319522-idle-0001,1319522,idle_30s,2026-01-07T17:27:44.213000,2173,WA,2,1,30.0,0,0,0,0,0,0,0.0,0,0,0,0,0,0,0,0,0,0,0.0,0.0,0,0,0,0,0,1,1,0,0,0,0.0,0.0,0,0,0,0,0,2,1,1,1,0,0.0,0.266,0,0,1,0,0,2,1,1,1,0,0.0,0.266,0,0,1,0,0,0,0,0,0,0,0,0,0,0,0,0,0,1,410.474
1319522-idle-0004,1319522,idle_30s,2026-01-07T17:35:05.275000,2173,WA,5,4,30.0,0,0,0,0,0,0,0.0,0,0,0,0,0,0,0,0,0,0,0.0,0.0,0,0,0,0,0,1,1,0,0,0,0.0,0.0,0,0,0,0,0,3,1,2,1,0,0.0,0.404,0,0,2,1,1,3,1,2,1,0,0.0,0.404,0,0,2,1,1,0,0,0,0,0,0,0,0,0,0,0,0,1,138.506
1319522-idle-0044,1319522,idle_30s,2026-01-07T17:38:55.657000,2173,WA,45,44,30.0,0,0,0,0,0,0,0.0,0,0,0,0,0,0,0,0,0,0,0.0,0.0,0,0,0,0,0,1,1,0,0,0,0.0,0.0,0,0,0,0,0,4,2,2,1,1,10.93,8.83,0,0,2,2,2,40,29,11,3,6,44.956,3.669,0,6,6,13,29,0,0,0,0,0,0,0,0,3,1,0,0,1,77.004
1322502-idle-0162,1322502,idle_30s,2026-01-07T19:09:17.587000,1706,AC,163,162,30.0,0,0,0,0,0,0,0.0,0,0,0,0,0,0,0,0,0,0,0.0,0.0,0,0,0,0,0,1,1,0,0,0,0.0,0.0,0,1,0,0,0,55,46,9,0,3,7.464,1.032,0,3,0,2,45,93,78,15,0,10,60.73,2.08,0,4,0,3,77,0,0,0,0,0,0,0,0,0,0,0,0,1,144.282
1322502-idle-0294,1322502,idle_30s,2026-01-07T19:13:59.811000,1706,AC,295,294,30.0,0,0,0,0,0,0,0.0,0,0,0,0,0,0,0,0,0,0,0.0,0.0,0,0,0,0,0,1,1,0,0,0,0.0,0.0,0,0,0,0,0,8,6,2,0,1,14.313,5.905,0,0,0,1,5,108,91,17,0,7,56.083,1.668,0,4,0,8,92,0,0,0,0,0,0,0,0,0,0,0,0,1,145.96
1322502-idle-0300,1322502,idle_30s,2026-01-07T19:17:06.243000,1706,AC,301,300,30.0,0,0,0,0,0,0,0.0,0,0,0,0,0,0,0,0,0,0,0.0,0.0,0,0,0,0,0,1,1,0,0,0,0.0,0.0,0,0,0,0,0,6,6,0,0,2,8.443,4.279,0,1,0,3,4,6,6,0,0,2,8.443,4.279,0,1,0,3,4,2,2,0,0,2,2,0,0,4,3,0,0,1,3.747
1322502-idle-0302,1322502,idle_30s,2026-01-07T19:17:42.926000,1706,AC,303,302,30.0,0,0,0,0,0,0,0.0,0,0,0,0,0,0,0,0,0,0,0.0,0.0,0,0,0,0,0,1,1,0,0,0,0.0,0.0,0,0,0,0,0,2,2,0,0,1,2.936,2.936,0,0,0,1,1,8,8,0,0,4,45.126,16.205,0,1,0,5,6,0,0,0,0,0,0,0,0,79,65,0,3,1,78.265
1322502-idle-0391,1322502,idle_30s,2026-01-07T19:20:18.914000,1706,AC,392,391,30.0,0,0,0,0,0,0,0.0,0,0,0,0,0,0,0,0,0,0,0.0,0.0,0,0,0,0,0,1,1,0,0,0,0.0,0.0,0,1,0,0,0,87,71,16,0,1,3.221,0.644,0,4,0,5,70,89,72,17,1,2,20.854,0.702,0,4,1,5,70,46,39,0,1,95,79,0,3,159,134,0,6,1,15.619
1322502-idle-0588,1322502,idle_30s,2026-01-07T19:23:45.324000,1706,AC,589,588,30.0,0,0,0,0,0,0,0.0,0,0,0,0,0,0,0,0,0,0,0.0,0.0,0,0,0,0,0,1,1,0,0,0,0.0,0.0,0,0,0,0,0,18,16,2,0,2,18.949,1.958,0,1,0,2,15,80,68,12,0,9,59.726,2.102,0,3,0,4,64,10,10,0,1,10,10,0,1,10,10,0,1,1,12.235
1326292-idle-0078,1326292,idle_30s,2026-01-07T20:30:26.117000,1901,AC,79,78,30.0,0,0,0,0,0,0,0.0,0,0,0,0,0,0,0,0,0,0,0.0,0.0,0,0,0,0,0,1,1,0,0,0,0.0,0.0,0,1,0,0,0,22,14,8,0,1,19.932,1.55,0,1,0,0,15,79,60,19,0,3,47.811,1.118,0,4,0,3,63,5,4,0,0,25,21,0,1,35,29,0,1,1,27.182
1326292-idle-0103,1326292,idle_30s,2026-01-07T20:31:43.470000,1901,AC,104,103,30.0,0,0,0,0,0,0,0.0,0,0,0,0,0,0,0,0,0,0,0.0,0.0,0,0,0,0,0,1,1,0,0,0,0.0,0.0,0,1,0,0,0,25,21,4,0,2,10.714,1.034,0,1,0,0,22,46,34,12,0,3,67.896,1.386,0,2,0,1,37,0,0,0,0,21,17,0,0,41,35,0,2,1,31.786
1326292-idle-0144,1326292,idle_30s,2026-01-07T20:33:39.580000,1901,AC,145,144,30.0,0,0,0,0,0,0,0.0,0,0,0,0,0,0,0,0,0,0,0.0,0.0,0,0,0,0,0,1,1,0,0,0,0.0,0.0,0,1,0,0,0,24,22,2,0,5,17.718,3.427,0,2,0,3,20,41,35,6,0,7,35.369,2.322,0,2,0,3,32,0,0,0,0,24,23,0,2,24,23,0,2,1,31.57
1326292-idle-0168,1326292,idle_30s,2026-01-07T20:34:53.200000,1901,AC,169,168,30.0,0,0,0,0,0,0,0.0,0,0,0,0,0,0,0,0,0,0,0.0,0.0,0,0,0,0,0,1,1,0,0,0,0.0,0.0,0,0,0,0,0,24,23,1,0,1,2.872,1.004,0,2,0,4,21,38,35,3,0,4,70.22,1.83,0,3,0,6,33,0,0,0,0,0,0,0,0,4,2,0,1,1,81.429
1326292-idle-0172,1326292,idle_30s,2026-01-07T20:36:50.993000,1901,AC,173,172,30.0,0,0,0,0,0,0,0.0,0,0,0,0,0,0,0,0,0,0,0.0,0.0,0,0,0,0,0,1,1,0,0,0,0.0,0.0,0,0,0,0,0,4,2,2,1,1,5.499,4.502,0,1,1,1,1,4,2,2,1,1,5.499,4.502,0,1,1,1,1,4,1,0,0,6,1,0,0,12,1,0,0,1,14.299
1326292-idle-0178,1326292,idle_30s,2026-01-07T20:37:56.575000,1901,AC,179,178,30.0,0,0,0,0,0,0,0.0,0,0,0,0,0,0,0,0,0,0,0.0,0.0,0,0,0,0,0,1,0,1,0,0,0.0,0.0,0,0,0,0,0,6,1,5,1,1,20.411,12.476,0,0,3,1,0,10,3,7,2,3,70.209,25.189,0,1,4,3,1,0,0,0,0,6,0,0,0,14,2,0,0,1,31.615
1326292-idle-0184,1326292,idle_30s,2026-01-07T20:39:13.838000,1901,AC,185,184,30.0,0,0,0,0,0,0,0.0,0,0,0,0,0,0,0,0,0,0,0.0,0.0,0,0,0,0,0,1,0,1,0,0,0.0,0.0,0,0,0,0,0,6,0,6,0,2,15.633,8.256,0,0,3,2,2,8,0,8,0,3,77.248,30.655,0,0,4,3,3,8,2,0,0,8,2,0,0,14,4,0,0,1,5.977
1326292-idle-0192,1326292,idle_30s,2026-01-07T20:40:02.890000,1901,AC,193,192,30.0,0,0,0,0,0,0,0.0,0,0,0,0,0,0,0,0,0,0,0.0,0.0,0,0,0,0,0,2,0,2,0,0,0.0,0.0,0,0,1,0,0,8,2,6,0,3,12.148,4.931,0,0,3,3,3,14,2,12,0,6,63.758,9.136,0,0,6,6,6,3,1,0,0,3,1,0,0,11,3,0,1,1,18.524
1326292-idle-0195,1326292,idle_30s,2026-01-07T20:40:52.740000,1901,AC,196,195,30.0,0,0,0,0,0,0,0.0,0,0,0,0,0,0,0,0,0,0,0.0,0.0,0,0,0,0,0,1,0,1,0,0,0.0,0.0,0,0,1,0,0,3,1,2,1,0,0.0,1.01,0,0,2,1,1,11,3,8,1,4,60.672,9.577,0,0,5,5,5,3,1,0,0,3,1,0,0,18,4,0,1,1,12.418
1326292-idle-0198,1326292,idle_30s,2026-01-07T20:41:36.360000,1901,AC,199,198,30.0,0,0,0,0,0,0,0.0,0,0,0,0,0,0,0,0,0,0,0.0,0.0,0,0,0,0,0,1,1,0,0,0,0.0,0.0,0,0,0,0,0,3,1,2,1,0,0.0,0.895,0,0,2,1,1,6,2,4,2,1,42.418,25.89,0,0,4,3,3,5,1,0,1,9,1,0,1,15,3,0,1,1,16.954
1328801-idle-0291,1328801,idle_30s,2026-01-07T22:11:57.278000,2110,WA,292,291,30.0,0,0,0,0,0,0,0.0,0,0,0,0,0,0,0,0,0,0,0.0,0.0,0,0,0,0,0,1,1,0,0,0,0.0,0.0,0,0,0,0,0,32,29,3,0,4,13.052,2.446,0,2,0,5,29,97,84,13,0,8,41.972,1.671,0,6,0,9,86,12,11,0,1,40,34,0,2,43,35,0,3,1,7.237
1328801-idle-0334,1328801,idle_30s,2026-01-07T22:13:57.974000,2110,WA,335,334,30.0,0,0,0,0,0,0,0.0,0,0,0,0,0,0,0,0,0,0,0.0,0.0,0,0,0,0,0,1,1,0,0,0,0.0,0.0,0,1,0,0,0,3,1,2,0,1,17.575,15.818,0,1,1,1,1,43,35,8,0,6,66.836,5.893,0,3,1,5,34,20,18,0,1,36,29,0,3,36,29,0,3,1,21.442
1355214-idle-0001,1355214,idle_30s,2026-01-08T22:43:21.613000,1463,AC,2,1,30.0,0,0,0,0,0,0,0.0,0,0,0,0,0,0,0,0,0,0,0.0,0.0,0,0,0,0,0,1,0,1,0,0,0.0,0.0,0,0,0,0,0,2,0,2,0,0,0.0,0.001,0,0,1,0,0,2,0,2,0,0,0.0,0.001,0,0,1,0,0,0,0,0,0,0,0,0,0,75,64,0,3,1,71.755
1355214-idle-0327,1355214,idle_30s,2026-01-08T22:49:19.913000,1463,AC,328,327,30.0,0,0,0,0,0,0,0.0,0,0,0,0,0,0,0,0,0,0,0.0,0.0,0,0,0,0,0,1,1,0,0,0,0.0,0.0,0,0,0,0,0,27,23,4,0,2,16.642,1.317,0,1,0,1,23,99,82,17,0,9,41.389,1.532,0,4,0,5,82,0,0,0,0,34,21,0,0,99,62,0,1,1,31.463
1355214-idle-0502,1355214,idle_30s,2026-01-08T22:54:20.308000,1463,AC,503,502,30.0,0,0,0,0,0,0,0.0,0,0,0,0,0,0,0,0,0,0,0.0,0.0,0,0,0,0,0,2,0,2,0,0,0.0,0.0,0,0,1,0,0,14,1,13,0,3,20.148,4.005,0,0,6,3,4,35,11,24,0,8,78.739,6.647,0,0,11,6,17,26,12,0,0,43,19,0,1,73,42,0,1,1,4.92
1355214-idle-0575,1355214,idle_30s,2026-01-08T22:56:37.794000,1463,AC,576,575,30.0,0,0,0,0,0,0,0.0,0,0,0,0,0,0,0,0,0,0,0.0,0.0,0,0,0,0,0,1,0,1,0,0,0.0,0.0,0,0,0,0,0,23,19,4,0,4,10.183,2.369,0,0,2,0,19,62,39,23,0,14,61.46,2.778,0,1,9,8,44,2,1,0,0,2,1,0,0,25,14,0,0,1,17.975
1355214-idle-0577,1355214,idle_30s,2026-01-08T22:57:26.710000,1463,AC,578,577,30.0,0,0,0,0,0,0,0.0,0,0,0,0,0,0,0,0,0,0,0.0,0.0,0,0,0,0,0,1,1,0,0,0,0.0,0.0,0,0,0,0,0,2,1,1,1,0,0.0,0.941,0,0,1,0,0,27,20,7,1,6,74.984,2.778,0,0,4,2,21,0,0,0,0,23,13,0,0,65,36,0,0,1,36.458
1359598-idle-0041,1359598,idle_30s,2026-01-09T08:54:11.382000,2253,CE,42,41,30.0,0,0,0,0,0,0,0.0,0,0,0,0,0,0,0,0,0,0,0.0,0.0,0,0,0,0,0,1,1,0,0,0,0.0,0.0,0,1,0,0,0,42,33,9,0,0,0.0,0.723,0,3,0,2,33,42,33,9,0,0,0.0,0.723,0,3,0,2,33,0,0,0,0,52,36,0,2,52,36,0,2,1,34.546
1359598-idle-0093,1359598,idle_30s,2026-01-09T08:55:40.974000,2253,CE,94,93,30.0,0,0,0,0,0,0,0.0,0,0,0,0,0,0,0,0,0,0,0.0,0.0,0,0,0,0,0,1,1,0,0,0,0.0,0.0,0,1,0,0,0,52,36,16,0,1,5.291,1.096,0,2,0,1,36,54,38,16,0,2,69.837,1.367,0,3,0,2,38,0,0,0,0,53,24,0,1,119,73,0,3,1,45.193
1359598-idle-0230,1359598,idle_30s,2026-01-09T08:58:33.753000,2253,CE,231,230,30.0,0,0,0,0,0,0,0.0,0,0,0,0,0,0,0,0,0,0,0.0,0.0,0,0,0,0,0,1,1,0,0,0,0.0,0.0,0,0,0,0,0,34,26,8,0,2,15.556,1.234,0,2,0,2,25,111,77,34,0,7,52.427,1.25,0,4,0,5,77,0,0,0,0,0,0,0,0,65,49,0,2,1,61.722
1359598-idle-0909,1359598,idle_30s,2026-01-09T09:07:48.783000,2253,CE,910,909,30.0,0,0,0,0,0,0,0.0,0,0,0,0,0,0,0,0,0,0,0.0,0.0,0,0,0,0,0,1,1,0,0,0,0.0,0.0,0,0,0,0,0,21,19,2,0,2,8.968,1.819,0,2,0,2,18,67,56,11,0,6,53.815,1.57,0,3,0,4,54,13,8,0,1,13,8,0,1,48,39,0,1,1,14.59
1359598-idle-0922,1359598,idle_30s,2026-01-09T09:08:39.830000,2253,CE,923,922,30.0,0,0,0,0,0,0,0.0,0,0,0,0,0,0,0,0,0,0,0.0,0.0,0,0,0,0,0,1,1,0,0,0,0.0,0.0,0,1,0,0,0,13,8,5,0,0,0.0,0.932,0,1,0,0,7,34,27,7,0,3,53.558,1.716,0,3,0,2,26,10,9,0,0,21,19,0,0,90,68,0,1,1,15.614
1359598-idle-1012,1359598,idle_30s,2026-01-09T09:11:07.782000,2253,CE,1013,1012,30.0,0,0,0,0,0,0,0.0,0,0,0,0,0,0,0,0,0,0,0.0,0.0,0,0,0,0,0,1,1,0,0,0,0.0,0.0,0,0,0,0,0,28,26,2,0,3,8.361,1.906,0,1,0,2,24,81,60,21,0,11,53.174,2.91,0,1,0,3,57,13,12,0,1,13,12,0,1,170,42,0,1,1,0.148
1359598-idle-1025,1359598,idle_30s,2026-01-09T09:12:01.364000,2253,CE,1026,1025,30.0,0,0,0,0,0,0,0.0,0,0,0,0,0,0,0,0,0,0,0.0,0.0,0,0,0,0,0,1,1,0,0,0,0.0,0.0,0,0,0,0,0,13,12,1,1,2,16.039,4.681,0,1,1,2,11,57,39,18,1,7,64.432,2.724,0,2,1,6,37,50,13,0,0,156,29,0,0,190,59,0,0,1,7.95
1378928-debug-0001,1378928,backspace_pause_2s,2026-01-09T20:57:55.629000,1509,WA,2,1,2.0,1,1,0,0,0,0,0.0,1,0,0,0,0,1,1,0,0,0,0.0,0.0,1,0,0,0,0,2,2,0,0,1,12.147,12.147,1,0,0,1,1,2,2,0,0,1,12.147,12.147,1,0,0,1,1,2,2,0,0,1,12.147,12.147,1,0,0,1,1,22,20,4,0,68,43,4,8,154,113,4,16,1,8.701
1378928-debug-0002,1378928,backspace_pause_2s,2026-01-09T20:58:06.330000,1509,WA,3,2,2.0,1,1,0,0,0,0,0.0,1,0,0,0,0,1,1,0,0,0,0.0,0.0,1,0,0,0,0,3,3,0,0,2,22.848,12.002,2,0,0,1,1,3,3,0,0,2,22.848,12.002,2,0,0,1,1,3,3,0,0,2,22.848,12.002,2,0,0,1,1,59,35,3,2,77,52,3,9,165,124,3,18,1,6.306
1378928-debug-0005,1378928,backspace_pause_2s,2026-01-09T20:58:15.132000,1509,WA,6,5,2.0,3,3,0,0,0,0,0.286,3,0,0,0,0,3,3,0,0,0,0.0,0.286,3,0,0,0,0,5,5,0,0,2,19.007,9.982,5,0,0,0,0,6,6,0,0,3,31.154,11.569,5,0,0,1,1,6,6,0,0,3,31.154,11.569,5,0,0,1,1,61,36,0,5,83,58,0,9,178,136,0,18,1,6.253
1378928-idle-1030,1378928,idle_30s,2026-01-09T21:05:26.814000,1509,WA,1031,1030,30.0,0,0,0,0,0,0,0.0,0,0,0,0,0,0,0,0,0,0,0.0,0.0,0,0,0,0,0,1,1,0,0,0,0.0,0.0,0,0,0,0,0,55,37,18,0,2,6.724,1.014,0,1,0,1,37,135,101,34,0,14,46.371,2.009,0,6,0,10,102,2,2,0,0,30,24,0,1,45,37,0,1,1,21.11
1380331-idle-0055,1380331,idle_30s,2026-01-09T21:20:58.930000,2166,AC,56,55,30.0,0,0,0,0,0,0,0.0,0,0,0,0,0,0,0,0,0,0,0.0,0.0,0,0,0,0,0,1,0,1,0,0,0.0,0.0,0,0,1,0,0,7,3,4,0,2,6.39,3.195,0,0,1,1,3,54,40,14,0,14,67.463,3.538,0,1,3,6,41,2,1,0,0,3,1,0,0,3,1,0,0,1,1.26
1380331-idle-0057,1380331,idle_30s,2026-01-09T21:21:30.210000,2166,AC,58,57,30.0,0,0,0,0,0,0,0.0,0,0,0,0,0,0,0,0,0,0,0.0,0.0,0,0,0,0,0,1,1,0,0,0,0.0,0.0,0,0,0,0,0,2,1,1,1,0,0.0,0.02,0,0,1,0,0,30,18,12,1,8,74.468,3.742,0,0,2,4,21,1,0,0,0,1,0,0,0,1,0,0,0,1,15.272
1380331-idle-0058,1380331,idle_30s,2026-01-09T21:22:15.482000,2166,AC,59,58,30.0,0,0,0,0,0,0,0.0,0,0,0,0,0,0,0,0,0,0,0.0,0.0,0,0,0,0,0,1,0,1,0,0,0.0,0.0,0,0,0,0,0,1,0,1,0,0,0.0,0.0,0,0,0,0,0,10,4,6,1,4,82.922,34.062,0,0,2,1,4,0,0,0,0,0,0,0,0,0,0,0,0,1,153.507
1387653-idle-0052,1387653,idle_30s,2026-01-10T00:37:07.236000,1666,WA,53,52,30.0,0,0,0,0,0,0,0.0,0,0,0,0,0,0,0,0,0,0,0.0,0.0,0,0,0,0,0,1,1,0,0,0,0.0,0.0,0,0,0,0,0,53,35,18,0,2,6.852,0.763,0,2,0,6,35,53,35,18,0,2,6.852,0.763,0,2,0,6,35,44,36,0,1,71,56,0,2,206,118,0,5,1,4.988
1387653-idle-0462,1387653,idle_30s,2026-01-10T00:42:35.919000,1666,WA,463,462,30.0,0,0,0,0,0,0,0.0,0,0,0,0,0,0,0,0,0,0,0.0,0.0,0,0,0,0,0,1,1,0,0,0,0.0,0.0,0,1,0,0,0,41,37,4,0,2,11.019,0.871,0,2,0,3,35,126,91,35,0,9,47.034,1.321,0,4,0,5,88,0,0,0,0,5,4,0,0,47,41,0,3,1,56.552
1387653-idle-0509,1387653,idle_30s,2026-01-10T00:44:54.978000,1666,WA,510,509,30.0,0,0,0,0,0,0,0.0,0,0,0,0,0,0,0,0,0,0,0.0,0.0,0,0,0,0,0,1,1,0,0,0,0.0,0.0,0,0,0,0,0,36,31,5,0,3,10.411,1.57,0,2,0,2,30,47,41,6,0,6,29.33,2.281,0,3,0,3,40,15,15,0,1,75,58,0,5,81,62,0,5,1,17.755
1387653-idle-0586,1387653,idle_30s,2026-01-10T00:46:25.690000,1666,WA,587,586,30.0,0,0,0,0,0,0,0.0,0,0,0,0,0,0,0,0,0,0,0.0,0.0,0,0,0,0,0,1,1,0,0,0,0.0,0.0,0,0,0,0,0,62,45,17,0,1,3.331,1.066,0,4,0,9,43,77,60,17,0,2,10.365,1.175,0,5,0,11,56,4,2,0,0,4,2,0,0,7,5,0,0,1,5.717
1387653-idle-0590,1387653,idle_30s,2026-01-10T00:47:16.363000,1666,WA,591,590,30.0,0,0,0,0,0,0,0.0,0,0,0,0,0,0,0,0,0,0,0.0,0.0,0,0,0,0,0,1,1,0,0,0,0.0,0.0,0,0,0,0,0,4,2,2,1,1,14.296,11.531,0,0,1,1,1,73,54,19,1,4,60.378,1.309,0,4,1,12,50,1,1,0,0,3,3,0,0,3,3,0,0,1,23.937
1387653-idle-0593,1387653,idle_30s,2026-01-10T00:48:39.697000,1666,WA,594,593,30.0,0,0,0,0,0,0,0.0,0,0,0,0,0,0,0,0,0,0,0.0,0.0,0,0,0,0,0,1,1,0,0,0,0.0,0.0,0,0,0,0,0,3,3,0,0,1,29.309,26.387,0,0,0,1,2,5,4,1,1,2,83.246,46.549,0,0,1,2,3,0,0,0,0,8,7,0,0,11,10,0,0,1,50.733
1387653-idle-0601,1387653,idle_30s,2026-01-10T00:50:09.218000,1666,WA,602,601,30.0,0,0,0,0,0,0,0.0,0,0,0,0,0,0,0,0,0,0,0.0,0.0,0,0,0,0,0,1,1,0,0,0,0.0,0.0,0,0,0,0,0,8,7,1,0,2,5.034,2.437,0,0,1,1,5,10,9,1,0,3,85.767,18.481,0,0,1,2,7,3,3,0,0,9,8,0,0,74,32,0,2,1,14.978
1387653-idle-0604,1387653,idle_30s,2026-01-10T00:50:55.397000,1666,WA,605,604,30.0,0,0,0,0,0,0,0.0,0,0,0,0,0,0,0,0,0,0,0.0,0.0,0,0,0,0,0,1,1,0,0,0,0.0,0.0,0,0,0,0,0,3,3,0,0,0,0.0,0.979,0,0,0,0,2,11,10,1,0,3,50.012,7.124,0,0,1,2,8,56,15,0,1,70,28,0,2,82,40,0,2,1,8.944
1387653-idle-0688,1387653,idle_30s,2026-01-10T00:53:36.810000,1666,WA,689,688,30.0,0,0,0,0,0,0,0.0,0,0,0,0,0,0,0,0,0,0,0.0,0.0,0,0,0,0,0,1,1,0,0,0,0.0,0.0,0,0,0,0,0,3,2,1,0,1,28.789,25.926,0,0,0,0,1,16,15,1,0,5,86.926,19.03,0,0,0,3,13,5,5,0,1,5,5,0,1,5,5,0,1,1,27.634
1387653-idle-0693,1387653,idle_30s,2026-01-10T00:54:35.400000,1666,WA,694,693,30.0,0,0,0,0,0,0,0.0,0,0,0,0,0,0,0,0,0,0,0.0,0.0,0,0,0,0,0,1,1,0,0,0,0.0,0.0,0,0,0,0,0,5,5,0,0,0,0.0,0.413,0,1,0,2,4,8,7,1,0,2,86.423,40.327,0,1,0,3,6,0,0,0,0,0,0,0,0,0,0,0,0,1,378.211
1391662-idle-0042,1391662,idle_30s,2026-01-10T10:26:29.481000,1514,WA,43,42,30.0,0,0,0,0,0,0,0.0,0,0,0,0,0,0,0,0,0,0,0.0,0.0,0,0,0,0,0,1,1,0,0,0,0.0,0.0,0,1,0,0,0,43,39,4,0,2,4.318,0.721,0,4,0,3,35,43,39,4,0,2,4.318,0.721,0,4,0,3,35,0,0,0,0,0,0,0,0,0,0,0,0,1,181.673
1391662-idle-0051,1391662,idle_30s,2026-01-10T10:30:05.148000,1514,WA,52,51,30.0,0,0,0,0,0,0,0.0,0,0,0,0,0,0,0,0,0,0,0.0,0.0,0,0,0,0,0,1,1,0,0,0,0.0,0.0,0,0,0,0,0,9,9,0,0,1,2.024,0.998,0,0,0,0,8,9,9,0,0,1,2.024,0.998,0,0,0,0,8,0,0,0,0,1,1,0,1,103,51,0,2,1,51.732
1391662-idle-0155,1391662,idle_30s,2026-01-10T10:32:35.375000,1514,WA,156,155,30.0,0,0,0,0,0,0,0.0,0,0,0,0,0,0,0,0,0,0,0.0,0.0,0,0,0,0,0,1,1,0,0,0,0.0,0.0,0,1,0,0,0,38,21,17,0,6,22.343,2.251,0,1,0,2,19,104,52,52,0,8,40.683,1.496,0,3,0,4,48,0,0,0,0,37,35,0,0,104,84,0,2,1,42.816
1391662-idle-0623,1391662,idle_30s,2026-01-10T10:41:20.196000,1514,WA,624,623,30.0,0,0,0,0,0,0,0.0,0,0,0,0,0,0,0,0,0,0,0.0,0.0,0,0,0,0,0,1,1,0,0,0,0.0,0.0,0,0,0,0,0,22,18,4,0,3,18.71,4.365,0,2,0,3,15,76,41,35,3,10,58.374,3.75,0,4,30,10,38,7,2,0,1,107,38,0,5,125,54,0,5,1,4.921
1395045-idle-0157,1395045,idle_30s,2026-01-10T11:46:19.659000,1899,AC,158,157,30.0,0,0,0,0,0,0,0.0,0,0,0,0,0,0,0,0,0,0,0.0,0.0,0,0,0,0,0,1,1,0,0,0,0.0,0.0,0,1,0,0,0,103,40,63,0,3,6.75,0.686,0,2,0,1,38,158,89,69,0,6,47.857,0.751,0,5,0,5,88,35,26,0,1,63,49,0,2,79,54,0,2,1,1.16
1395045-idle-0236,1395045,idle_30s,2026-01-10T11:48:01.754000,1899,AC,237,236,30.0,0,0,0,0,0,0,0.0,0,0,0,0,0,0,0,0,0,0,0.0,0.0,0,0,0,0,0,1,1,0,0,0,0.0,0.0,0,0,0,0,0,39,25,14,3,2,8.005,1.724,0,1,11,5,23,79,54,25,3,7,32.139,1.871,0,2,11,6,53,12,8,0,0,12,8,0,0,12,8,0,0,1,18.23
1398659-idle-0007,1398659,idle_30s,2026-01-10T18:01:05.829000,2277,CE,8,7,30.0,0,0,0,0,0,0,0.0,0,0,0,0,0,0,0,0,0,0,0.0,0.0,0,0,0,0,0,1,1,0,0,0,0.0,0.0,0,0,0,0,0,8,2,6,2,1,2.389,1.257,0,0,6,0,0,8,2,6,2,1,2.389,1.257,0,0,6,0,0,8,1,0,0,8,1,0,0,10,2,0,0,1,23.156
1398659-idle-0015,1398659,idle_30s,2026-01-10T18:01:59.665000,2277,CE,16,15,30.0,0,0,0,0,0,0,0.0,0,0,0,0,0,0,0,0,0,0,0.0,0.0,0,0,0,0,0,1,1,0,0,0,0.0,0.0,0,0,0,0,0,8,1,7,1,0,0.0,0.22,0,0,7,0,0,16,3,13,3,2,55.545,1.635,0,0,13,0,0,0,0,0,0,2,1,0,0,16,4,0,0,1,45.901
1398659-idle-0017,1398659,idle_30s,2026-01-10T18:03:16.380000,2277,CE,18,17,30.0,0,0,0,0,0,0,0.0,0,0,0,0,0,0,0,0,0,0,0.0,0.0,0,0,0,0,0,1,1,0,0,0,0.0,0.0,0,0,0,0,0,2,1,1,1,0,0.0,0.814,0,0,1,0,0,10,2,8,2,1,75.901,15.831,0,0,8,0,0,14,3,0,0,14,3,0,0,19,5,0,0,1,5.149
1398659-idle-0031,1398659,idle_30s,2026-01-10T18:04:10.900000,2277,CE,32,31,30.0,0,0,0,0,0,0,0.0,0,0,0,0,0,0,0,0,0,0,0.0,0.0,0,0,0,0,0,1,1,0,0,0,0.0,0.0,0,0,0,0,0,14,3,11,3,2,17.34,2.893,0,0,11,1,1,16,4,12,4,3,52.489,9.745,0,0,12,2,2,5,2,0,0,5,2,0,0,5,2,0,0,1,24.773
1398659-idle-0036,1398659,idle_30s,2026-01-10T18:05:10.670000,2277,CE,37,36,30.0,0,0,0,0,0,0,0.0,0,0,0,0,0,0,0,0,0,0,0.0,0.0,0,0,0,0,0,1,0,1,0,0,0.0,0.0,0,0,1,0,0,5,2,3,1,1,4.293,3.156,0,0,3,0,0,19,5,14,4,4,76.406,7.218,0,0,14,1,1,0,0,0,0,0,0,0,0,2,1,0,0,1,109.487
1398659-idle-0042,1398659,idle_30s,2026-01-10T18:07:44.541000,2277,CE,43,42,30.0,0,0,0,0,0,0,0.0,0,0,0,0,0,0,0,0,0,0,0.0,0.0,0,0,0,0,0,1,1,0,0,0,0.0,0.0,0,0,0,0,0,6,2,4,2,1,13.826,8.491,0,0,4,1,1,6,2,4,2,1,13.826,8.491,0,0,4,1,1,0,0,0,0,0,0,0,0,0,0,0,0,1,159.084
1398659-idle-0051,1398659,idle_30s,2026-01-10T18:11:18.790000,2277,CE,52,51,30.0,0,0,0,0,0,0,0.0,0,0,0,0,0,0,0,0,0,0,0.0,0.0,0,0,0,0,0,1,0,1,0,0,0.0,0.0,0,0,1,0,0,9,3,6,3,2,23.931,8.965,0,0,6,0,0,9,3,6,3,2,23.931,8.965,0,0,6,0,0,0,0,0,0,7,1,0,0,9,2,0,0,1,52.175
1398659-idle-0058,1398659,idle_30s,2026-01-10T18:12:41.601000,2277,CE,59,58,30.0,0,0,0,0,0,0,0.0,0,0,0,0,0,0,0,0,0,0,0.0,0.0,0,0,0,0,0,1,1,0,0,0,0.0,0.0,0,0,0,0,0,7,1,6,1,0,0.0,0.267,0,0,6,0,0,10,2,8,2,1,82.175,16.837,0,0,8,0,0,2,1,0,0,2,1,0,0,2,1,0,0,1,19.286
1398659-idle-0060,1398659,idle_30s,2026-01-10T18:13:31.277000,2277,CE,61,60,30.0,0,0,0,0,0,0,0.0,0,0,0,0,0,0,0,0,0,0,0.0,0.0,0,0,0,0,0,1,1,0,0,0,0.0,0.0,0,0,0,0,0,2,1,1,1,0,0.0,0.39,0,0,1,0,0,9,2,7,2,1,49.286,15.137,0,0,7,0,0,0,0,0,0,0,0,0,0,4,1,0,0,1,116.241
1409978-idle-0014,1409978,idle_30s,2026-01-22T21:48:23.794000,1723,WA,15,14,30.0,0,0,0,0,0,0,0.0,0,0,0,0,0,0,0,0,0,0,0.0,0.0,0,0,0,0,0,1,1,0,0,0,0.0,0.0,0,0,0,0,0,15,2,13,2,0,0.0,0.046,0,0,13,0,0,15,2,13,2,0,0.0,0.046,0,0,13,0,0,0,0,0,0,0,0,0,0,0,0,0,0,1,568.043
1409978-idle-0016,1409978,idle_30s,2026-01-22T21:58:22.581000,1723,WA,17,16,30.0,0,0,0,0,0,0,0.0,0,0,0,0,0,0,0,0,0,0,0.0,0.0,0,0,0,0,0,1,1,0,0,0,0.0,0.0,0,0,0,0,0,2,1,1,1,0,0.0,0.744,0,0,1,1,1,2,1,1,1,0,0.0,0.744,0,0,1,1,1,0,0,0,0,5,3,0,0,17,4,0,0,1,44.097
1409978-idle-0021,1409978,idle_30s,2026-01-22T21:59:46.140000,1723,WA,22,21,30.0,0,0,0,0,0,0,0.0,0,0,0,0,0,0,0,0,0,0,0.0,0.0,0,0,0,0,0,2,1,1,1,0,0.0,0.0,0,0,1,0,0,5,3,2,3,1,8.553,6.233,0,0,2,3,2,7,4,3,4,2,82.65,41.325,0,0,3,5,4,12,1,0,0,12,1,0,0,12,1,0,0,1,3.844
1422860-idle-0002,1422860,idle_30s,2026-03-23T11:50:11.649000,1016,AC,3,2,30.0,0,0,0,0,0,0,0.0,0,0,0,0,0,0,0,0,0,0,0.0,0.0,0,0,0,0,0,1,0,1,0,0,0.0,0.0,0,0,0,0,0,3,0,3,0,2,23.107,15.961,0,0,0,0,0,3,0,3,0,2,23.107,15.961,0,0,0,0,0,0,0,0,0,1,0,0,0,2,0,0,0,1,50.783
1422860-idle-0003,1422860,idle_30s,2026-03-23T11:51:32.432000,1016,AC,4,3,30.0,0,0,0,0,0,0,0.0,0,0,0,0,0,0,0,0,0,0,0.0,0.0,0,0,0,0,0,1,0,1,0,0,0.0,0.0,0,0,0,0,0,1,0,1,0,0,0.0,0.0,0,0,0,0,0,3,0,3,0,2,86.827,73.309,0,0,0,0,0,1,0,0,0,1,0,0,0,62,1,0,0,1,16.877
1422860-idle-0004,1422860,idle_30s,2026-03-23T11:52:19.309000,1016,AC,5,4,30.0,0,0,0,0,0,0,0.0,0,0,0,0,0,0,0,0,0,0,0.0,0.0,0,0,0,0,0,1,0,1,0,0,0.0,0.0,0,0,0,0,0,1,0,1,0,0,0.0,0.0,0,0,0,0,0,2,0,2,0,1,46.877,46.877,0,0,0,0,0,0,0,0,0,61,1,0,0,64,2,0,0,1,34.605
1422860-idle-0065,1422860,idle_30s,2026-03-23T11:53:26.730000,1016,AC,66,65,30.0,0,0,0,0,0,0,0.0,0,0,0,0,0,0,0,0,0,0,0.0,0.0,0,0,0,0,0,1,0,1,0,0,0.0,0.0,0,0,1,0,0,61,1,60,1,0,0.0,0.048,0,0,60,0,0,62,1,61,1,1,64.605,0.05,0,0,60,0,0,1,0,0,0,3,1,0,0,3,1,0,0,1,16.66
1422860-idle-0068,1422860,idle_30s,2026-03-23T11:54:37.834000,1016,AC,69,68,30.0,0,0,0,0,0,0,0.0,0,0,0,0,0,0,0,0,0,0,0.0,0.0,0,0,0,0,0,1,1,0,0,0,0.0,0.0,0,0,0,0,0,3,1,2,1,1,24.324,21.904,0,0,1,1,1,64,2,62,2,2,70.984,0.112,0,0,61,2,2,0,0,0,0,0,0,0,0,43,37,0,0,1,80.154
1422860-idle-0118,1422860,idle_30s,2026-03-23T11:57:19.366000,1016,AC,119,118,30.0,0,0,0,0,0,0,0.0,0,0,0,0,0,0,0,0,0,0,0.0,0.0,0,0,0,0,0,1,0,1,0,0,0.0,0.0,0,0,0,0,0,32,28,4,1,2,17.383,1.542,0,0,1,3,29,50,42,8,3,6,33.341,2.798,0,0,3,4,42,19,2,0,0,19,2,0,0,19,2,0,0,1,11.504
1423437-idle-0032,1423437,idle_30s,2026-03-23T13:14:04.834000,1263,AC,33,32,30.0,0,0,0,0,0,0,0.0,0,0,0,0,0,0,0,0,0,0,0.0,0.0,0,0,0,0,0,1,1,0,0,0,0.0,0.0,0,0,0,0,0,27,2,25,2,2,27.471,0.36,0,0,25,3,3,33,2,31,2,2,27.471,0.36,0,0,31,4,4,0,0,0,0,0,0,0,0,0,0,0,0,1,167.879
1428909-idle-0066,1428909,idle_30s,2026-03-24T11:54:22.925000,1147,AC,67,66,30.0,0,0,0,0,0,0,0.0,0,0,0,0,0,0,0,0,0,0,0.0,0.0,0,0,0,0,0,1,1,0,0,0,0.0,0.0,0,0,0,0,0,64,55,9,0,1,2.095,0.748,0,2,0,1,53,67,56,11,1,2,12.861,0.818,0,2,2,3,55,20,18,0,4,59,53,0,4,73,66,0,5,1,15.633
1428909-idle-0125,1428909,idle_30s,2026-03-24T11:55:50.958000,1147,AC,126,125,30.0,0,0,0,0,0,0,0.0,0,0,0,0,0,0,0,0,0,0,0.0,0.0,0,0,0,0,0,1,1,0,0,0,0.0,0.0,0,0,0,0,0,39,35,4,0,2,7.048,1.364,0,0,0,0,34,61,55,6,0,4,65.732,1.46,0,4,0,4,54,7,6,0,1,68,63,0,3,79,71,0,5,1,27.225
1428909-idle-0204,1428909,idle_30s,2026-03-24T11:57:52.770000,1147,AC,205,204,30.0,0,0,0,0,0,0,0.0,0,0,0,0,0,0,0,0,0,0,0.0,0.0,0,0,0,0,0,1,1,0,0,0,0.0,0.0,0,0,0,0,0,8,6,2,0,2,27.94,12.022,0,2,0,3,5,79,71,8,0,5,37.262,1.8,0,5,0,6,69,29,27,0,0,72,67,0,1,72,67,0,1,1,8.766
1429511-idle-0056,1429511,idle_30s,2026-03-24T14:03:14.550000,1328,AC,57,56,30.0,0,0,0,0,0,0,0.0,0,0,0,0,0,0,0,0,0,0,0.0,0.0,0,0,0,0,0,1,1,0,0,0,0.0,0.0,0,0,0,0,0,57,53,4,0,0,0.0,0.445,0,4,0,4,52,57,53,4,0,0,0.0,0.445,0,4,0,4,52,0,0,0,0,18,17,0,1,75,67,0,5,1,52.016
1429511-idle-0130,1429511,idle_30s,2026-03-24T14:05:08.360000,1328,AC,131,130,30.0,0,0,0,0,0,0,0.0,0,0,0,0,0,0,0,0,0,0,0.0,0.0,0,0,0,0,0,1,1,0,0,0,0.0,0.0,0,0,0,0,0,69,61,8,0,2,6.02,0.779,0,4,0,8,62,74,66,8,0,3,10.174,0.871,0,4,0,8,67,40,30,0,3,115,93,0,5,189,157,0,9,1,5.757
1429511-idle-0445,1429511,idle_30s,2026-03-24T14:09:04.180000,1328,AC,446,445,30.0,0,0,0,0,0,0,0.0,0,0,0,0,0,0,0,0,0,0,0.0,0.0,0,0,0,0,0,1,1,0,0,0,0.0,0.0,0,0,0,0,0,65,62,3,0,0,0.0,1.324,0,3,0,4,59,136,126,10,0,3,35.819,1.138,0,4,0,6,123,0,0,0,0,3,3,0,0,3,3,0,0,1,57.186
1429511-idle-0448,1429511,idle_30s,2026-03-24T14:10:31.846000,1328,AC,449,448,30.0,0,0,0,0,0,0,0.0,0,0,0,0,0,0,0,0,0,0,0.0,0.0,0,0,0,0,0,1,1,0,0,0,0.0,0.0,0,0,0,0,0,3,3,0,0,0,0.0,0.262,0,0,0,0,2,5,5,0,0,1,87.186,61.448,0,0,0,1,4,0,0,0,0,0,0,0,0,21,16,0,1,1,78.566
1429511-idle-0458,1429511,idle_30s,2026-03-24T14:12:22.379000,1328,AC,459,458,30.0,0,0,0,0,0,0,0.0,0,0,0,0,0,0,0,0,0,0,0.0,0.0,0,0,0,0,0,1,1,0,0,0,0.0,0.0,0,0,0,0,0,10,10,0,0,0,0.0,0.35,0,1,0,1,9,10,10,0,0,0,0.0,0.35,0,1,0,1,9,20,10,0,0,20,10,0,0,20,10,0,0,1,0.298
1429511-idle-0478,1429511,idle_30s,2026-03-24T14:13:12.181000,1328,AC,479,478,30.0,0,0,0,0,0,0,0.0,0,0,0,0,0,0,0,0,0,0,0.0,0.0,0,0,0,0,0,1,1,0,0,0,0.0,0.0,0,0,0,0,0,20,10,10,2,2,13.471,2.557,0,0,2,0,8,30,20,10,2,3,43.769,2.557,0,1,2,2,18,0,0,0,0,0,0,0,0,0,0,0,0,1,339.627
1432485-idle-0067,1432485,idle_30s,2026-03-25T10:32:20.181000,2298,AC,68,67,30.0,0,0,0,0,0,0,0.0,0,0,0,0,0,0,0,0,0,0,0.0,0.0,0,0,0,0,0,1,1,0,0,0,0.0,0.0,0,1,0,0,0,68,61,7,0,0,0.0,0.443,0,4,0,5,59,68,61,7,0,0,0.0,0.443,0,4,0,5,59,0,0,0,0,34,30,0,2,96,75,0,3,1,44.576
1432485-idle-0163,1432485,idle_30s,2026-03-25T10:34:15.298000,2298,AC,164,163,30.0,0,0,0,0,0,0,0.0,0,0,0,0,0,0,0,0,0,0,0.0,0.0,0,0,0,0,0,1,1,0,0,0,0.0,0.0,0,0,0,0,0,69,51,18,0,3,12.432,0.629,0,2,0,1,52,96,75,21,0,4,14.724,0.732,0,3,0,2,77,50,45,0,3,95,84,0,4,134,119,0,7,1,7.405
1432485-idle-0258,1432485,idle_30s,2026-03-25T10:35:40.467000,2298,AC,259,258,30.0,0,0,0,0,0,0,0.0,0,0,0,0,0,0,0,0,0,0,0.0,0.0,0,0,0,0,0,1,1,0,0,0,0.0,0.0,0,0,0,0,0,46,40,6,0,1,2.495,1.296,0,1,0,1,40,110,97,13,0,3,45.021,1.033,0,4,0,5,100,27,24,0,2,94,85,0,5,162,135,0,7,1,20.832
1432485-idle-0660,1432485,idle_30s,2026-03-25T10:40:12.868000,2298,AC,661,660,30.0,0,0,0,0,0,0,0.0,0,0,0,0,0,0,0,0,0,0,0.0,0.0,0,0,0,0,0,1,1,0,0,0,0.0,0.0,0,1,0,0,0,49,46,3,0,4,12.262,1.23,0,4,0,6,46,179,167,12,0,6,23.618,0.856,0,14,0,18,164,96,23,0,3,130,56,0,5,158,81,0,5,1,6.716
1432485-idle-0818,1432485,idle_30s,2026-03-25T10:41:56.200000,2298,AC,819,818,30.0,0,0,0,0,0,0,0.0,0,0,0,0,0,0,0,0,0,0,0.0,0.0,0,0,0,0,0,1,1,0,0,0,0.0,0.0,0,0,0,0,0,40,36,4,0,2,17.513,0.82,0,0,0,2,35,158,81,77,0,6,32.408,0.93,0,5,0,9,80,0,0,0,0,0,0,0,0,3,1,0,0,1,90.908
1432485-idle-0821,1432485,idle_30s,2026-03-25T10:43:58.144000,2298,AC,822,821,30.0,0,0,0,0,0,0,0.0,0,0,0,0,0,0,0,0,0,0,0.0,0.0,0,0,0,0,0,1,1,0,0,0,0.0,0.0,0,0,0,0,0,3,1,2,1,0,0.0,0.696,0,0,2,1,1,3,1,2,1,0,0.0,0.696,0,0,2,1,1,0,0,0,0,0,0,0,0,3,1,0,0,1,79.541
1432485-idle-0824,1432485,idle_30s,2026-03-25T10:45:48.604000,2298,AC,825,824,30.0,0,0,0,0,0,0,0.0,0,0,0,0,0,0,0,0,0,0,0.0,0.0,0,0,0,0,0,1,1,0,0,0,0.0,0.0,0,0,0,0,0,3,1,2,1,0,0.0,0.693,0,0,2,1,1,3,1,2,1,0,0.0,0.693,0,0,2,1,1,0,0,0,0,0,0,0,0,0,0,0,0,1,166.966
1432485-idle-0853,1432485,idle_30s,2026-03-25T10:49:11.909000,2298,AC,854,853,30.0,0,0,0,0,0,0,0.0,0,0,0,0,0,0,0,0,0,0,0.0,0.0,0,0,0,0,0,1,1,0,0,0,0.0,0.0,0,0,0,0,0,29,2,27,2,1,2.162,0.499,0,0,27,6,5,29,2,27,2,1,2.162,0.499,0,0,27,6,5,0,0,0,0,3,1,0,0,31,27,0,0,1,55.276
1432485-idle-0856,1432485,idle_30s,2026-03-25T10:50:38.890000,2298,AC,857,856,30.0,0,0,0,0,0,0,0.0,0,0,0,0,0,0,0,0,0,0,0.0,0.0,0,0,0,0,0,1,1,0,0,0,0.0,0.0,0,0,0,0,0,3,1,2,1,0,0.0,1.019,0,0,2,1,1,25,2,23,2,1,85.276,0.936,0,0,23,6,6,23,22,0,0,28,26,0,0,30,28,0,0,1,20.9
1432485-idle-0884,1432485,idle_30s,2026-03-25T10:51:40.573000,2298,AC,885,884,30.0,0,0,0,0,0,0,0.0,0,0,0,0,0,0,0,0,0,0,0.0,0.0,0,0,0,0,0,1,1,0,0,0,0.0,0.0,0,0,0,0,0,28,26,2,0,1,2.491,1.013,0,0,0,1,25,31,27,4,1,2,53.391,1.076,0,0,2,3,27,2,2,0,0,2,2,0,0,2,2,0,0,1,10.837
1440765-idle-0001,1440765,idle_30s,2026-03-28T11:34:48.282000,1100,AC,2,1,30.0,0,0,0,0,0,0,0.0,0,0,0,0,0,0,0,0,0,0,0.0,0.0,0,0,0,0,0,1,1,0,0,0,0.0,0.0,0,0,0,0,0,2,1,1,1,0,0.0,0.133,0,0,1,0,0,2,1,1,1,0,0.0,0.133,0,0,1,0,0,0,0,0,0,20,17,0,0,21,18,0,1,1,50.347
1440765-idle-0022,1440765,idle_30s,2026-03-28T11:36:18.560000,1100,AC,23,22,30.0,0,0,0,0,0,0,0.0,0,0,0,0,0,0,0,0,0,0,0.0,0.0,0,0,0,0,0,1,1,0,0,0,0.0,0.0,0,1,0,0,0,21,18,3,0,1,3.942,0.708,0,1,2,2,19,21,18,3,0,1,3.942,0.708,0,1,2,2,19,0,0,0,0,0,0,0,0,0,0,0,0,1,170.103
1440765-idle-0166,1440765,idle_30s,2026-03-28T11:41:23.149000,1100,AC,167,166,30.0,0,0,0,0,0,0,0.0,0,0,0,0,0,0,0,0,0,0,0.0,0.0,0,0,0,0,0,1,1,0,0,0,0.0,0.0,0,0,0,0,0,35,31,4,0,5,15.221,2.431,0,1,0,2,30,98,85,13,0,9,49.363,1.751,0,4,0,7,85,33,29,0,1,70,61,0,4,91,77,0,5,1,4.01
1440765-idle-0236,1440765,idle_30s,2026-03-28T11:42:37.525000,1100,AC,237,236,30.0,0,0,0,0,0,0,0.0,0,0,0,0,0,0,0,0,0,0,0.0,0.0,0,0,0,0,0,1,1,0,0,0,0.0,0.0,0,0,0,0,0,57,49,8,0,2,7.373,1.006,0,4,1,6,49,91,79,12,0,7,55.2,1.574,0,5,1,9,79,21,16,0,1,21,16,0,1,22,17,0,1,1,10.736
1440765-idle-0257,1440765,idle_30s,2026-03-28T11:43:25.455000,1100,AC,258,257,30.0,0,0,0,0,0,0,0.0,0,0,0,0,0,0,0,0,0,0,0.0,0.0,0,0,0,0,0,1,1,0,0,0,0.0,0.0,0,0,0,0,0,21,16,5,0,0,0.0,0.957,0,1,0,2,14,91,77,14,0,5,57.078,1.295,0,5,1,10,76,1,1,0,0,1,1,0,0,1,1,0,0,1,24.032
1440765-idle-0258,1440765,idle_30s,2026-03-28T11:44:19.487000,1100,AC,259,258,30.0,0,0,0,0,0,0,0.0,0,0,0,0,0,0,0,0,0,0,0.0,0.0,0,0,0,0,0,1,1,0,0,0,0.0,0.0,0,0,0,0,0,1,1,0,0,0,0.0,0.0,0,0,0,0,0,22,17,5,0,1,54.032,1.082,0,1,0,3,15,0,0,0,0,0,0,0,0,0,0,0,0,1,166.391
1440765-idle-0264,1440765,idle_30s,2026-03-28T11:47:42.380000,1100,AC,265,264,30.0,0,0,0,0,0,0,0.0,0,0,0,0,0,0,0,0,0,0,0.0,0.0,0,0,0,0,0,1,1,0,0,0,0.0,0.0,0,0,0,0,0,6,4,2,2,1,5.225,3.33,0,0,2,2,2,6,4,2,2,1,5.225,3.33,0,0,2,2,2,0,0,0,0,0,0,0,0,11,10,0,1,1,64.46
1461241-idle-0000,1461241,idle_30s,2026-05-20T13:13:34.966000,2437,AC,1,0,30.0,0,0,0,0,0,0,0.0,0,0,0,0,0,0,0,0,0,0,0.0,0.0,0,0,0,0,0,1,1,0,0,0,0.0,0.0,0,0,0,0,0,1,1,0,0,0,0.0,0.0,0,0,0,0,0,1,1,0,0,0,0.0,0.0,0,0,0,0,0,0,0,0,0,0,0,0,0,0,0,0,0,1,1155.255
1461241-idle-0470,1461241,idle_30s,2026-05-20T13:39:26.128000,2437,AC,471,470,30.0,0,0,0,0,0,0,0.0,0,0,0,0,0,0,0,0,0,0,0.0,0.0,0,0,0,0,0,1,1,0,0,0,0.0,0.0,0,0,0,0,0,34,27,7,0,1,5.919,1.681,0,1,0,1,28,123,104,19,0,7,25.922,1.594,0,5,0,5,107,0,0,0,0,1,1,0,0,11,9,0,0,1,45.099
1461241-idle-0474,1461241,idle_30s,2026-05-20T13:41:21.326000,2437,AC,475,474,30.0,0,0,0,0,0,0,0.0,0,0,0,0,0,0,0,0,0,0,0.0,0.0,0,0,0,0,0,1,1,0,0,0,0.0,0.0,0,0,0,0,0,3,2,1,1,1,20.176,18.235,0,0,1,2,2,4,3,1,1,2,39.328,19.971,0,0,1,3,3,7,6,0,0,11,10,0,0,11,10,0,0,1,0.568
1461898-idle-0083,1461898,idle_30s,2026-05-26T00:10:14.356000,1184,AC,84,83,30.0,0,0,0,0,0,0,0.0,0,0,0,0,0,0,0,0,0,0,0.0,0.0,0,0,0,0,0,1,1,0,0,0,0.0,0.0,0,0,0,0,0,14,8,6,6,3,23.009,8.66,0,2,6,6,6,22,12,10,9,7,79.477,10.663,0,2,10,10,6,1,0,0,0,34,24,0,7,85,61,0,19,1,27.921
